number,name,diameter_km,H,G,epoch_tdb,e,a,i,node,peri,M,class,soln_date,U
1,Ceres,939.4,3.34,0.12,2461200.5,.07969229514816586,2.765552595034094,10.58802780183462,80.24862682043221,73.29421453021587,274.4193463761342,MBA,2021-04-13,0
2,Pallas,513,4.12,0.11,2461200.5,.2307000995648547,2.769559010737709,34.93279321851542,172.8866193357694,310.9699161652136,254.2496521742734,MBA,2026-06-05,0
3,Juno,246.596,5.19,0.32,2461200.5,.2556999836681878,2.670989527103278,12.98659236598085,169.8115953492418,247.8950743075613,262.7322944883855,MBA,2026-06-05,0
4,Vesta,522.77,3.25,0.32,2461200.5,.09020374382834395,2.361365965127599,7.143925545058711,103.701293265032,151.4686478221564,81.19015607686903,MBA,2021-04-13,0
5,Astraea,106.699,6.95,,2461200.5,.1875739662458121,2.576807734440413,5.359676823083776,141.4472085242671,359.3756335285236,181.4782047289393,MBA,2026-03-11,0
6,Hebe,185.18,5.62,0.24,2461200.5,.2022549972879026,2.425661373187056,14.73627701122621,138.6133210652024,239.7304536745098,44.72118803216504,MBA,2026-06-05,0
7,Iris,199.83,5.70,,2461200.5,.2302746853668762,2.385746302646938,5.518567726455019,259.4851402183693,145.4071283819921,115.2916674478007,MBA,2026-06-05,0
8,Flora,147.491,6.62,0.28,2461200.5,.1561964033906808,2.201560614294881,5.890315098602565,110.8433074868032,285.408347619081,259.2621317520155,MBA,2025-09-15,0
9,Metis,190,6.18,0.17,2461200.5,.1224891951873931,2.386566897019014,5.577308161023677,68.86580372459878,5.93234478476366,252.6167948548272,MBA,2026-03-11,0
10,Hygiea,407.12,5.65,,2461200.5,.1067092741240963,3.150974033963701,3.829529946447122,283.1198927508594,312.4242387344704,252.0344242359649,MBA,2026-06-16,0
11,Parthenope,142.887,6.73,,2461200.5,.1008882269732183,2.452259158958239,4.636182798872363,125.4694137963753,196.4556119671663,224.9424643598946,MBA,2026-06-05,0
12,Victoria,115.087,7.30,0.22,2461200.5,.219704679860444,2.334622731781637,8.371535996445896,235.3456886067733,69.63348322443784,132.1351142569522,MBA,2026-06-05,0
13,Egeria,202.636,6.92,,2461200.5,.08460495953667801,2.576363568548756,16.52511410028056,43.17725602001575,79.11880563511185,88.61668291669723,MBA,2026-06-05,0
14,Irene,152,6.55,,2461200.5,.1627828179356891,2.588349062095578,9.129237556730201,86.01071103767451,98.30619819507798,60.22804105903095,MBA,2026-06-05,0
15,Eunomia,231.689,5.42,0.23,2461200.5,.1877707677912555,2.641958730730434,11.76139314431215,292.8807830122993,98.46131825798194,159.6891049210672,MBA,2026-06-16,0
16,Psyche,222,6.20,0.20,2461200.5,.1349324738201893,2.925720466462538,3.098749116151128,149.9753859305033,230.0326782748359,79.76939505329617,MBA,2025-02-06,0
17,Thetis,84.899,7.91,,2461200.5,.1308313112574364,2.472940913486363,5.596114790339423,125.4957512952483,136.1611177388652,243.0705750386174,MBA,2026-06-05,0
18,Melpomene,139.594,6.35,0.25,2461200.5,.2178488509329465,2.295822282563513,10.1310163819829,150.3244290841689,228.030483417504,283.9541873221012,MBA,2026-06-05,0
19,Fortuna,200,7.49,0.10,2461200.5,.1581144571294698,2.441509944072874,1.573529585781511,210.9922659828297,182.4358203745859,148.2622141754194,MBA,2026-06-05,0
20,Massalia,135.680,6.54,0.25,2461200.5,.1436088376311502,2.407954051550281,.7093362508715744,205.9478820051359,257.1954521557971,82.8014830497013,MBA,2026-06-05,0
21,Lutetia,98,7.48,0.11,2461200.5,.1647703512177245,2.434430742712361,3.064452891064415,80.83855721319993,249.8802780888828,298.7726414605465,MBA,2026-06-05,0
22,Kalliope,167.536,6.79,0.21,2461200.5,.0988424401654017,2.909165783133826,13.70212718634476,65.96536371272761,358.3124076298034,350.3284069622562,MBA,2026-06-05,0
23,Thalia,107.53,7.08,,2461200.5,.2313134694258691,2.628661689016325,10.10773332538056,66.47953992678453,61.67082422213203,216.4025307348911,MBA,2026-03-11,0
24,Themis,198,7.21,0.19,2461200.5,.115379978796777,3.143997721720467,.7366196417446064,36.39075346960584,109.2217643897621,92.01695639431603,MBA,2026-06-05,0
25,Phocaea,61.054,7.88,,2461200.5,.2537701746035801,2.40114332427306,21.59941426226993,214.06371877054,90.32439007231996,142.1223943702816,MBA,2026-06-05,0
26,Proserpina,94.80,7.48,,2461200.5,.08870767585577567,2.655079521758144,3.554542314548987,45.68422654237695,196.120522604508,335.1035019975895,MBA,2026-06-05,0
27,Euterpe,96,7.03,,2461200.5,.1715623980860491,2.346884024467284,1.583321156588389,94.76696742244124,356.6133131742698,327.7244816373419,MBA,2026-06-05,0
28,Bellona,120.90,7.21,,2461200.5,.1489547589190286,2.777833435241482,9.423218841884911,144.1471861459711,343.5423222031744,107.9669976346639,MBA,2026-06-05,0
29,Amphitrite,189.559,5.97,0.20,2461200.5,.07316346279504909,2.554570044340927,6.077066609833928,356.2500336382998,61.93055289284428,193.3739951667499,MBA,2026-06-05,0
30,Urania,92.787,7.57,,2461200.5,.1266409983482966,2.365359113065851,2.093694210980174,307.3953466216514,87.22809491859155,13.67314014299938,MBA,2026-06-05,0
31,Euphrosyne,267.080,6.83,,2461200.5,.2157957592592173,3.161898681996629,26.30908762537488,30.78655626760269,62.00909688426435,182.9145772062318,MBA,2026-06-05,0
32,Pomona,80.76,7.75,,2461200.5,.08089949114768656,2.589054303891871,5.518127853633032,220.3128283574279,337.5794815878806,289.6249401373899,MBA,2026-06-05,0
33,Polyhymnia,52.929,8.46,0.33,2461200.5,.3344915245297666,2.87133496806849,1.854194735990684,8.126765416786608,338.8138529964299,147.6094435360536,MBA,2026-06-05,0
34,Circe,132.992,8.75,,2461200.5,.1064972432050406,2.687844372557575,5.497416761706275,184.2457185289159,329.2602276707605,350.0924951152569,MBA,2026-06-05,0
35,Leukothea,103.055,8.68,,2461200.5,.2170340666686376,3.00436132400982,7.86770566253476,352.9043947467441,215.5297020075532,346.8812120591826,MBA,2026-06-05,0
36,Atalante,132.842,8.53,,2461200.5,.3061958546323982,2.744679178114011,18.3735908772913,358.1622489750873,47.75951693374971,142.9368363985319,MBA,2026-06-05,0
37,Fides,108.35,7.29,0.24,2461200.5,.1745520583093035,2.643361553217296,3.067489043572028,7.227158380353335,62.33002350439912,218.7162975546603,MBA,2026-06-05,0
38,Leda,92.255,8.51,,2461200.5,.1508912515933588,2.742624603688025,6.951591176760764,295.4932263035433,169.8270648327152,209.1024461649889,MBA,2026-06-05,0
39,Laetitia,179.484,5.97,,2461200.5,.1137790538922507,2.769263025168225,10.38398229914675,156.8188651371141,210.0969923717502,136.6109564472595,MBA,2026-06-05,0
40,Harmonia,111.251,6.57,,2461200.5,.04667460924283919,2.267728985737721,4.255009637994025,94.15160846821996,269.9317897880521,137.8878605293098,MBA,2026-06-05,0
41,Daphne,205.495,7.58,0.10,2461200.5,.2702470186051752,2.767228763912388,15.7335965968856,177.6031221169218,47.01764660931234,331.1528812513355,MBA,2026-06-05,0
42,Isis,110.997,7.69,,2461200.5,.2220266867918745,2.444824294898606,8.503353806348457,84.14514538470614,237.6169681639933,154.3578773888165,MBA,2026-06-05,0
43,Ariadne,71.340,7.92,0.11,2461200.5,.1676991165387822,2.204374883093808,3.468667281325155,264.7390407910616,16.30999193486588,201.5447684432557,MBA,2026-06-05,0
44,Nysa,70.64,6.75,0.46,2461200.5,.1496735116405386,2.422499624292143,3.713137130620973,131.4762396518531,343.8930847472048,41.45745492537208,MBA,2026-06-05,0
45,Eugenia,202.327,7.74,0.07,2461200.5,.08135721224821309,2.723282151072518,6.609071861466809,147.5197727660676,87.2001766879565,250.5110001868202,MBA,2026-06-05,0
46,Hestia,131.471,8.52,0.06,2461200.5,.1718246834166718,2.525671675217442,2.351500270702336,181.0541946709778,177.0458643790071,348.8581603799284,MBA,2026-03-11,0
47,Aglaja,168.174,8.14,0.16,2461200.5,.1340448578355385,2.879257574140958,4.972414108319288,2.672536371149811,316.2821350252433,214.6088619915926,MBA,2026-06-05,0
48,Doris,216.473,7.10,,2461200.5,.0660519797671885,3.113558912936097,6.557209915295611,183.4211970646564,251.4505513166522,177.5389403926116,MBA,2026-06-05,0
49,Pales,166.252,7.99,,2461200.5,.221306950927048,3.097300693957786,3.201599010467216,284.9836521464374,113.4832657254078,349.0858321084791,MBA,2026-06-05,0
50,Virginia,84.074,9.43,,2461200.5,.2845060892091339,2.651001572157452,2.839166950111937,173.4474858722075,200.0973155869434,32.27864425081964,MBA,2026-06-05,0
51,Nemausa,138.159,7.72,0.08,2461200.5,.06601704635523151,2.365929555916726,9.972592787646118,175.8752489209926,2.397711531037389,80.61019213271818,MBA,2026-06-05,0
52,Europa,303.918,6.65,0.18,2461200.5,.1124826698655506,3.094135859941014,7.481504555174181,128.5733918853921,342.8039959999205,348.9227964095758,MBA,2026-06-05,0
53,Kalypso,97.262,8.88,,2461200.5,.2029842746728789,2.618079225767605,5.182155233840094,143.4358127112889,314.441556829901,307.5874483101154,MBA,2026-03-11,0
54,Alexandra,160.120,7.94,,2461200.5,.1991501923934585,2.710240261287695,11.83625848344951,313.0133765796272,346.3581435508511,230.7782180299525,MBA,2026-06-05,0
55,Pandora,84.794,7.82,,2461200.5,.1449759889673404,2.758053951177517,7.176120975711278,10.28337587925268,4.890787361175018,200.6285326343068,MBA,2026-06-05,0
56,Melete,121.333,8.51,,2461200.5,.236505065595717,2.598084704537854,8.079210963660802,192.9041415732761,105.030328807674,139.0533647664504,MBA,2026-06-05,0
57,Mnemosyne,112.59,6.93,,2461200.5,.1078666911367274,3.156183777091694,15.22989908023177,198.8839363750295,210.9922014087566,240.3230229988899,MBA,2026-06-05,0
58,Concordia,106.517,9.03,,2461200.5,.04585216458206288,2.699501125498163,5.072710338782864,161.0461895943929,33.81810959506524,152.9727683516142,MBA,2026-06-05,0
59,Elpis,165.119,8.08,,2461200.5,.1164669406989657,2.713148246917561,8.648807440022068,169.9099501700256,211.1667320131904,12.36735559980319,MBA,2026-06-05,0
60,Echo,43.218,8.63,0.27,2461200.5,.1843626927698913,2.392965318908073,3.600036667323514,191.5141603553946,270.9033691566357,181.2985198322722,MBA,2026-06-05,0
61,Danae,85.937,7.73,,2461200.5,.1636408930579798,2.984345021241406,18.20613258275143,333.5438212780651,12.88165233511756,48.64916964313294,MBA,2026-06-05,0
62,Erato,106.921,8.89,,2461200.5,.1678029183592395,3.128789114233331,2.237001436096142,125.1035081684732,277.8011363368901,341.1148349370408,MBA,2026-03-11,0
63,Ausonia,116.044,7.15,0.25,2461200.5,.1281448673622239,2.394202358351729,5.773499312340844,337.6839381773927,295.5511288649556,111.3841108395656,MBA,2026-06-05,0
64,Angelina,58.292,7.72,0.48,2461200.5,.1266602692016389,2.680404941647819,1.305758163858374,308.9523476811692,181.1490836319968,259.7428349080275,MBA,2026-06-05,0
65,Cybele,237.26,6.83,0.01,2461200.5,.1278729312517013,3.407149089657219,3.565275404821638,155.0999502979274,104.2270765148171,303.9032104989881,OMB,2026-06-05,0
66,Maja,71.82,9.53,,2461200.5,.1719311463616791,2.646989905083458,3.043131315853947,7.468988512200609,43.47283344877754,255.0174194467799,MBA,2026-06-05,0
67,Asia,56.309,8.37,,2461200.5,.186183706507439,2.421169242561504,6.026379638626945,202.2244983612501,107.6780991645414,237.7590365782546,MBA,2026-06-05,0
68,Leto,122.509,6.90,0.05,2461200.5,.1844379754287187,2.784554482930353,7.957207397005328,44.02616709105022,305.1071115469616,92.90623323441685,MBA,2026-06-05,0
69,Hesperia,138.13,7.21,0.19,2461200.5,.1688527971333706,2.977108083269381,8.585461483530867,184.8933118783717,288.1750084794506,81.16128013781068,MBA,2026-06-05,0
70,Panopaea,127.911,8.16,0.14,2461200.5,.1831104857559199,2.613971849818913,11.59605213234428,47.6384047527252,255.4013247244292,316.2647666787974,MBA,2026-06-05,0
71,Niobe,83.42,7.23,0.40,2461200.5,.1771297792196384,2.754407953194864,23.24486114067394,315.9061549897793,267.0031815464082,104.3132302944378,MBA,2025-11-19,0
72,Feronia,74.966,9.08,,2461200.5,.1213305393394305,2.265949724220728,5.418060632884509,207.9253574169567,102.6782034373694,38.12231131324369,MBA,2026-03-11,0
73,Klytia,44.590,9.04,,2461200.5,.04257371468638644,2.664627047371454,2.369487149120273,6.82163445723253,56.89468248154449,21.34212887112533,MBA,2026-06-05,0
74,Galatea,118.71,8.90,,2461200.5,.2375007390017851,2.781563681059291,4.072941871707552,196.9758140847626,175.0231927550861,106.7162474514419,MBA,2026-06-05,0
75,Eurydike,62.377,9.22,0.23,2461200.5,.3060385611924545,2.671436441290842,4.997247193597569,359.1043836225256,339.6400849238441,187.5839565792856,MBA,2026-06-05,0
76,Freia,145.423,8.00,,2461200.5,.1677050828681318,3.408418372098532,2.123646662318344,204.2705686484267,252.2840974555892,330.7604508584464,OMB,2026-06-05,0
77,Frigga,61.390,8.58,0.16,2461200.5,.1333978875541836,2.667697014133035,2.421051436650346,1.04719429255203,61.13316917381107,152.0852978616649,MBA,2026-06-05,0
78,Diana,120.60,8.39,0.08,2461200.5,.2035329971843806,2.62254755849618,8.679488626390867,333.2839444269683,153.3191429720882,201.4250721485529,MBA,2026-03-11,0
79,Eurynome,63.479,7.78,0.25,2461200.5,.1908687973286286,2.444229887165463,4.612759822794472,206.500718015384,201.3898189538187,178.9284207055777,MBA,2026-06-05,0
80,Sappho,68.563,8.06,,2461200.5,.199965657857881,2.296889990218229,8.673919174292493,218.5950689232368,139.8098058156412,113.7840224380319,MBA,2026-06-05,0
81,Terpsichore,117.727,8.66,,2461200.5,.2115947700013772,2.851880316281683,7.800515093154473,.8928295599682529,51.22998534935714,159.6069387704557,MBA,2026-06-05,0
82,Alkmene,57.621,8.26,0.28,2461200.5,.2208601774269904,2.763312662004477,2.825223571833883,25.3832783842874,110.6730230310457,14.24590467665898,MBA,2026-06-05,0
83,Beatrix,110.503,8.73,,2461200.5,.08320065973352339,2.431224366238088,4.96710441491621,27.6545752379435,169.8641873543615,183.9868216429383,MBA,2026-03-11,0
84,Klio,79.16,9.33,,2461200.5,.2354807479382093,2.363289941901141,9.314304690981094,327.4864830955402,15.19102274911641,93.07421225321939,MBA,2026-06-05,0
85,Io,154.79,7.93,,2461200.5,.192988998360535,2.653506703108166,11.95949614447063,203.0359427344125,122.9626573663393,93.83603160975231,MBA,2026-06-05,0
86,Semele,109.929,8.71,,2461200.5,.2180254539525134,3.103495553169918,4.819571606767777,86.04185943505466,308.7214132003216,100.2028110084058,MBA,2026-06-05,0
87,Sylvia,253.051,6.93,,2461200.5,.09424185252826336,3.490930821312107,10.84931414002298,72.94598366200401,267.1015444388611,123.9199379392146,OMB,2026-06-05,0
88,Thisbe,232,7.24,0.14,2461200.5,.1656267272388542,2.766223698434656,5.226223194914249,276.3195892695747,36.96678065466964,244.3610441212708,MBA,2026-06-05,0
89,Julia,145.483,6.39,0.15,2461200.5,.183667437088924,2.55062083612466,16.12344006774751,311.5198080804478,45.1983071491607,46.76649464676436,MBA,2026-06-05,0
90,Antiope,115.974,8.42,,2461200.5,.1727452854298038,3.140656864146724,2.205423425787778,69.88563760208591,244.3791532887398,244.5300509432576,MBA,2026-06-05,0
91,Aegina,103.402,9.12,,2461200.5,.1081288690798316,2.589433605675628,2.102946747856676,10.35856678042594,74.08596092918276,61.90460857652717,MBA,2026-06-05,0
92,Undina,126.42,6.74,,2461200.5,.1047890077311614,3.186214072968625,9.923128109117863,101.3930422279473,236.560409833954,272.9505507116672,MBA,2026-06-05,0
93,Minerva,154.155,7.88,,2461200.5,.1430228925053215,2.753285432594034,8.539432103078337,3.812658157961029,275.9030399294539,316.2855179231801,MBA,2026-06-05,0
94,Aurora,204.89,7.70,,2461200.5,.09727685438054924,3.159058230155814,7.970933497679447,2.452932840042878,60.61181699442076,45.70609751293112,MBA,2026-06-05,0
95,Arethusa,147.969,7.96,,2461200.5,.1524296394685212,3.064558962603124,13.00890306603479,242.9392416231333,152.7507948840774,193.0288624554686,MBA,2026-06-05,0
96,Aegle,177.774,7.66,,2461200.5,.1425317383934198,3.048160198672664,15.98478061678558,321.47143105753,207.9654092730796,226.1706238344151,MBA,2026-06-05,0
97,Klotho,100.717,7.78,,2461200.5,.2574189691730235,2.668721395933794,11.7749761307233,159.5791795124999,268.4554010876491,179.2625162865355,MBA,2026-06-05,0
98,Ianthe,132.788,8.94,,2461200.5,.1878298960866701,2.687800393275506,15.57837092054311,353.8466396669917,158.0742116483098,348.1982053971909,MBA,2026-06-05,0
99,Dike,67.354,9.46,,2461200.5,.1978047569667596,2.66281253219302,13.86482901029714,41.39623988095554,195.3882756052248,114.0515223817403,MBA,2026-06-05,0
100,Hekate,85.734,7.73,,2461200.5,.1679769610418651,3.090590498342658,6.431109110683366,127.155165502832,183.5110330383411,359.5561095661002,MBA,2026-06-05,0
101,Helena,65.84,8.39,0.35,2461200.5,.1404314672556045,2.583432489071386,10.19255903810696,343.3555476080019,347.7309312706132,11.14007881622206,MBA,2026-03-11,0
102,Miriam,82.595,9.43,,2461200.5,.2519998555997096,2.663741531879857,5.172295702322027,210.6179997580635,147.5747274168146,120.4341952431074,MBA,2026-06-05,0
103,Hera,83.908,7.74,,2461200.5,.08161513369297455,2.701355668748028,5.427270748828234,135.9540269353237,190.4199362713803,209.9529846897666,MBA,2026-06-05,0
104,Klymene,136.553,8.52,,2461200.5,.1630007433764306,3.145150633469873,2.789055939805557,41.63309398947867,31.93316214169533,17.61877578031377,MBA,2026-06-05,0
105,Artemis,94.864,8.75,0.10,2461200.5,.1790867111917403,2.372183967632048,21.45696649108066,188.2142127163805,56.91289099761361,147.4923237452793,MBA,2026-06-05,0
106,Dione,207.869,7.76,,2461200.5,.1587166708631218,3.182085789847609,4.574835930957805,61.97652342040425,331.7748914047351,314.6166059711039,MBA,2025-11-19,0
107,Camilla,210.370,7.09,0.08,2461200.5,.06725823702333292,3.496730120606315,10.00612918005919,172.3941527470202,303.0136413979765,3.466180718189857,OMB,2026-06-05,0
108,Hecuba,75.498,7.97,,2461200.5,.06353809589498664,3.233068743008539,4.209222019833494,349.7186453955986,213.3525447913159,46.87726856770145,OMB,2026-06-05,0
109,Felicitas,82.588,8.98,0.04,2461200.5,.3004348145409879,2.692600921629714,7.84640184723433,2.715139222711832,57.56218062415228,111.4249507858428,MBA,2026-06-05,0
110,Lydia,86.09,7.83,0.20,2461200.5,.07894708244416797,2.732237648054246,5.959691215936457,56.76090614568245,282.2004556812948,55.15422146401271,MBA,2026-06-05,0
111,Ate,126.344,8.21,,2461200.5,.1035803276055195,2.592662606626071,4.932434597936122,305.6614902725464,168.4634177903461,317.8807544162281,MBA,2026-06-05,0
112,Iphigenia,69.818,9.77,,2461200.5,.127779180563683,2.433476306929781,2.597079673040794,323.347832097985,16.83456325501809,24.44416301328349,MBA,2026-06-05,0
113,Amalthea,50.137,8.53,0.35,2461200.5,.08626477245267472,2.376475627494548,5.042564510746434,123.3216140338108,80.24815822140427,114.0085936993772,MBA,2026-03-11,0
114,Kassandra,94.178,8.45,,2461200.5,.139080127074188,2.675269046281091,4.945877344439243,164.0515983253347,352.4995390816692,286.9373085407245,MBA,2026-06-05,0
115,Thyra,79.83,7.75,0.12,2461200.5,.192255333679979,2.379633497203938,11.58744193666622,308.7501261011866,97.03090030740333,354.9431950214318,MBA,2026-03-11,0
116,Sirona,71.70,7.77,,2461200.5,.13807401708455,2.768706203625423,3.561236965525492,63.67588424862696,94.01513258508277,59.23196674918699,MBA,2026-06-05,0
117,Lomia,208.974,8.15,,2461200.5,.02280794189566914,2.991791191632208,14.92314414350751,348.6117604547705,53.35358047898985,282.3691763457521,MBA,2026-06-05,0
118,Peitho,40.211,8.92,,2461200.5,.1633439909104643,2.437747807363132,7.746300709300649,47.62666087047771,33.1391068852981,263.949012074382,MBA,2026-06-05,0
119,Althaea,57.30,8.33,,2461200.5,.08172580397166145,2.581278265783546,5.786237203789581,203.6109154834166,170.2345623073819,250.0180185687921,MBA,2026-06-05,0
120,Lachesis,155.132,7.78,,2461200.5,.04897176081954983,3.119560453439225,6.941725960560039,340.5487738891918,242.8332902836181,330.2651178714744,MBA,2026-06-05,0
121,Hermione,209.00,7.39,,2461200.5,.1244487619502451,3.457772161299754,7.565504801874801,72.87630733227122,296.9368709991128,258.7079496569934,OMB,2026-03-23,0
122,Gerda,70.676,7.67,,2461200.5,.02267339073302181,3.225688364838124,1.643474364345323,177.9473766706889,320.271847701712,57.12263362101728,OMB,2026-06-05,0
123,Brunhild,45.209,8.96,,2461200.5,.1199041451750422,2.695344061269488,6.413146876422796,307.5999386674379,124.8341175581356,180.1635821968453,MBA,2026-06-05,0
124,Alkeste,88.648,8.05,0.19,2461200.5,.07846378845098508,2.629515665093543,2.96383495061372,187.8971509086081,61.49323554010876,95.49903626724242,MBA,2026-06-05,0
125,Liberatrix,48.418,8.92,0.33,2461200.5,.08151417201307483,2.742891744029814,4.66485568733381,168.9280328560068,109.4856145417567,8.546063281402263,MBA,2026-06-05,0
126,Velleda,44.82,9.23,,2461200.5,.1061489471820682,2.43962953904224,2.922408054612307,23.13885857779871,328.7541063370085,153.3076252784496,MBA,2026-06-05,0
127,Johanna,122,8.54,,2461200.5,.0632754568473793,2.756402877004801,8.237143620821612,31.09455361817447,92.85266700779705,125.1904575191814,MBA,2026-06-05,0
128,Nemesis,162.515,7.68,,2461200.5,.1268707614060766,2.750327691355737,6.246301989970132,76.15989375213259,302.7683538731977,275.1461727240684,MBA,2026-06-05,0
129,Antigone,113,7.02,0.33,2461200.5,.2131575114926357,2.867788583022361,12.27021816917761,135.6552244426148,110.4777359984817,108.2656594705436,MBA,2026-03-11,0
130,Elektra,180.652,7.46,,2461200.5,.2096684765168974,3.125302272050694,22.78450988881394,144.9648269581853,238.027045806016,49.04663070703022,MBA,2026-06-05,0
131,Vala,31.337,10.04,,2461200.5,.06954877478336613,2.431119923195368,4.963279242398653,65.55103866440304,161.2891563831589,144.2612488607099,MBA,2026-03-11,0
132,Aethra,42.87,8.96,,2461200.5,.3871141686509731,2.612002685821875,24.98148330819949,258.0437487537999,255.632875634003,159.7324924510207,MCA,2026-06-05,0
133,Cyrene,72.175,8.04,0.13,2461200.5,.1295230667429461,3.072836510774516,7.235116187386443,318.6282575661933,292.1725724983134,254.962225168835,MBA,2026-06-05,0
134,Sophrosyne,108,8.96,0.28,2461200.5,.1153262348033293,2.563471567306955,11.61228833155978,345.8308734198914,85.82919964627685,13.23172588930182,MBA,2026-06-05,0
135,Hertha,79.24,8.31,,2461200.5,.2083884612198237,2.427251046522813,2.30319417958446,343.4319249334569,340.2749368224194,295.3553080875124,MBA,2026-06-05,0
136,Austria,36.893,9.75,,2461200.5,.08532857725131238,2.286449766416843,9.580702561648982,186.3146100868764,133.3617363049229,237.4741529076876,MBA,2026-06-05,0
137,Meliboea,128.678,8.33,,2461200.5,.2100047189942301,3.129591003700741,13.41433107657229,202.0329126215729,108.3316026360394,142.1516633704787,MBA,2026-06-05,0
138,Tolosa,52.905,9.01,,2461200.5,.1625284898398051,2.450047153042661,3.197562550713191,54.62266159129301,261.3192297095741,193.4743205557293,MBA,2026-06-05,0
139,Juewa,151.116,8.04,,2461200.5,.1703250818880767,2.786030152394119,10.87118125521769,1.660093920054202,167.3696434264228,102.2720957576631,MBA,2026-06-05,0
140,Siwa,109.79,8.45,,2461200.5,.2182207811967379,2.73003581771527,3.191300989886099,107.0763458340524,197.2008956520598,264.9968417412214,MBA,2026-06-05,0
141,Lumen,117.916,8.38,,2461200.5,.2128941428962123,2.666115668912366,11.89581175732707,318.4383614092772,57.91532273854845,27.87169554899994,MBA,2026-06-05,0
142,Polana,54.812,10.52,,2461200.5,.1328207882615142,2.419192123784419,2.242554209440512,291.0582934673843,292.6747995110621,3.501640779154536,MBA,2026-06-05,0
143,Adria,95.377,9.32,,2461200.5,.07089886155123082,2.763630761904521,11.45312128850703,332.8435805429094,252.0725921461613,279.9062959002488,MBA,2026-06-05,0
144,Vibilia,142.38,8.05,0.17,2461200.5,.2354486193970834,2.653896324305735,4.815787885605129,76.16565772217893,294.3998657576199,240.1866410924046,MBA,2026-06-05,0
145,Adeona,127.783,8.40,,2461200.5,.1476268606648753,2.671124122618039,12.62136232635715,77.32012880654763,45.26379494555593,324.4759812506845,MBA,2026-06-05,0
146,Lucina,160.310,8.50,0.11,2461200.5,.06393247507303863,2.720738527049551,13.08806900337641,83.90944357184125,145.3575573794755,271.3382039874103,MBA,2026-06-05,0
147,Protogeneia,132.93,8.72,,2461200.5,.02181666767506187,3.136579669806565,1.932903811816409,248.1925799847745,103.4483320425058,8.77450383797968,MBA,2026-06-05,0
148,Gallia,97.75,7.58,,2461200.5,.1877151599664548,2.770531882788834,25.28912648524657,144.9496604342665,252.4006562986237,200.180563251217,MBA,2026-06-05,0
149,Medusa,23.719,10.54,,2461200.5,.06483264928606955,2.174678312039117,.9402878633648374,159.6061673998659,250.7117360357736,306.8939042471466,MBA,2026-06-05,0
150,Nuwa,119.128,8.58,,2461200.5,.1244188340409517,2.987576478265623,2.200455781254973,205.9755105382103,155.0138557691212,102.8610236966658,MBA,2026-06-05,0
151,Abundantia,39.037,9.32,,2461200.5,.03614032532642043,2.591405049326536,6.431134763192145,38.72338371192669,131.9045569069154,271.2873055977777,MBA,2026-06-05,0
152,Atala,58.964,8.36,,2461200.5,.08281166584529963,3.136344274999039,12.1246869840799,39.86237303338741,59.25273256878273,331.1330291158661,MBA,2026-06-05,0
153,Hilda,170.63,7.73,,2461200.5,.1384847714022829,3.968376768101129,7.831389294038131,228.0800257005049,39.0661557941409,138.7461320041192,OMB,2026-06-05,0
154,Bertha,192.611,7.65,,2461200.5,.07717097699588374,3.19369621374057,21.02089122326955,36.47777207946442,168.0207273851514,17.11742089542032,MBA,2026-06-05,0
155,Scylla,39.605,11.15,,2461200.5,.2727794641705923,2.760642912399381,11.35943254115822,40.5206526850583,46.89367661887337,286.8688051897724,MBA,2026-03-11,0
156,Xanthippe,143.346,8.80,,2461200.5,.2215476342737243,2.732662030010368,9.762678147377084,241.7033027320759,338.9673379558683,329.1304612772541,MBA,2026-06-05,0
157,Dejanira,19.959,11.18,,2461200.5,.1978255975279526,2.579619081407338,12.16017811822044,62.02500892273543,46.06522557298645,88.29510801039659,MBA,2026-06-05,0
158,Koronis,39.025,9.32,,2461200.5,.05371702297731352,2.868732356988836,1.005618864673534,277.6458942221435,147.68536466,20.32255826969589,MBA,2026-06-05,0
159,Aemilia,125.236,8.27,,2461200.5,.09924810124666934,3.10869348052356,6.114438282627158,133.8527630137048,333.8227976995258,141.7458217450973,MBA,2026-06-05,0
160,Una,81.24,9.10,,2461200.5,.06542061172109946,2.72812642584641,3.818555954419989,8.53550062285783,50.15185813794455,214.9138569045673,MBA,2026-07-15,0
161,Athor,40.992,9.29,0.13,2461200.5,.13806611006598,2.379118951233352,9.053552676786131,18.42088693006564,295.4846748656034,234.9791842911155,MBA,2026-06-05,0
162,Laurentia,97.021,9.09,,2461200.5,.1831716030003783,3.013648615985076,6.092721309224207,35.41913887370834,115.6926171571369,258.0080049472983,MBA,2026-06-05,0
163,Erigone,81.579,9.77,-0.04,2461200.5,.1918608784872625,2.366958465938368,4.815115996598907,160.0017491900433,298.4772599466504,174.3635205562756,MBA,2026-06-05,0
164,Eva,100.254,8.77,,2461200.5,.346248761796944,2.632780374738609,24.47309767415978,76.77958491361835,284.0069754140225,330.5937636424125,MBA,2026-06-05,0
165,Loreley,180.083,7.81,,2461200.5,.08347604104513139,3.126368627515765,11.23378822280011,302.4265716866919,344.3638518837465,51.00566015499238,MBA,2026-06-05,0
166,Rhodope,52.393,9.88,,2461200.5,.2101602299296579,2.686818657166789,12.02322341378547,128.8704016810998,264.1727145237805,321.5453968754002,MBA,2026-06-05,0
167,Urda,39.935,9.37,,2461200.5,.03698082873557289,2.853218056384703,2.21774477606063,166.0890938677764,126.9223095084228,59.86468461471897,MBA,2026-03-11,0
168,Sibylla,145.366,8.27,,2461200.5,.07424907182961114,3.371287705682008,4.671785024271663,205.9051137262229,176.7555587933812,21.06772189573001,OMB,2026-06-05,0
169,Zelia,37.517,9.54,,2461200.5,.1302119559242313,2.359660746073829,5.501351078632164,354.6586181973414,335.2752827364041,149.048546960308,MBA,2026-06-05,0
170,Maria,33.136,9.31,,2461200.5,.06137405149116324,2.554397521842141,14.36228121497692,301.1801646529909,158.9262187795727,237.8198914478117,MBA,2026-03-11,0
171,Ophelia,130.808,8.63,,2461200.5,.1329120246743523,3.128731815590013,2.546986522737971,100.4701547909211,55.20907133600928,293.6356337424426,MBA,2026-06-05,0
172,Baucis,62.43,8.72,,2461200.5,.1140114923014671,2.379380017162703,10.01618771882168,331.8897088459245,359.1697076745333,62.02845732530777,MBA,2026-06-05,0
173,Ino,125.821,7.91,0.01,2461200.5,.209339576630229,2.742154041704229,14.19455156979954,148.1188126103644,228.5349012166511,238.8317763992236,MBA,2026-06-05,0
174,Phaedra,64.849,8.39,,2461200.5,.1455435621579735,2.858667098105092,12.10472727726336,327.2630817717011,291.0048153386912,342.0197123597039,MBA,2026-06-05,0
175,Andromache,94.532,8.61,,2461200.5,.2314459285632929,3.187431848897086,3.21725353999437,21.28015797666862,319.6178984198959,300.9593170913049,MBA,2026-06-05,0
176,Iduna,106.976,8.41,,2461200.5,.1726083627013131,3.181883620360189,22.67315543784704,200.4009662178004,189.1771658573777,69.43398393062876,MBA,2026-06-05,0
177,Irma,69.049,9.62,,2461200.5,.2352296067858394,2.771792619492741,1.382160583691611,346.8715818270107,39.72529364959462,89.90996231364592,MBA,2026-06-05,0
178,Belisana,35.81,9.49,,2461200.5,.04251994430490243,2.460213290171772,1.890673408834675,51.04530151171851,214.4782424897746,317.1100832288746,MBA,2026-06-05,0
179,Klytaemnestra,69.946,8.26,,2461200.5,.1091482774996442,2.972481378957661,7.817623209997119,251.8202743689489,104.5176256363833,50.14774352652098,MBA,2026-06-05,0
180,Garumna,23.440,10.31,,2461200.5,.1685523927292642,2.72174515328481,.8679590326046414,311.8049314105658,175.6160298379908,12.59996613027066,MBA,2026-06-05,0
181,Eucharis,115.383,8.06,,2461200.5,.2083992490730906,3.12288498067455,18.90137706269748,142.9853295604601,319.025496637418,314.268495880367,MBA,2026-06-05,0
182,Elsa,39.520,9.08,,2461200.5,.18638132289276,2.416302570168533,2.005586886577899,107.1630451403192,310.5816225864776,244.868416941321,MBA,2026-06-05,0
183,Istria,32.927,9.47,,2461200.5,.3480727569969284,2.794660449566946,26.39519219609129,141.8277286180428,264.1355683853901,334.80579753707,MBA,2026-06-05,0
184,Dejopeja,62.483,8.37,,2461200.5,.05891129805024486,3.190580968954296,1.129889028526135,330.1455712556042,218.48031499,14.08252317754499,MBA,2026-06-05,0
185,Eunike,160.464,7.62,,2461200.5,.1267587955541568,2.738160022732707,23.25300863917084,153.7363663074072,224.0467098810498,30.42495250557537,MBA,2026-06-05,0
186,Celuta,49.99,9.07,,2461200.5,.1498941726562055,2.362634946485087,13.18544512722696,14.61210642225909,315.9931358820948,172.3825868569321,MBA,2026-06-05,0
187,Lamberta,147.294,8.37,,2461200.5,.2382561390460275,2.732373201003783,10.56604715623773,21.55741992768484,196.5763852432977,285.3425026193545,MBA,2026-06-05,0
188,Menippe,35.752,9.31,,2461200.5,.1785362675188525,2.761757176734319,11.70242350368548,240.8093100853289,69.63164189413415,40.50200783728975,MBA,2026-03-11,0
189,Phthia,38.490,9.37,,2461200.5,.03741431434730561,2.449932439699511,5.17370460399575,203.2661726281199,169.0157603212567,180.9674432410679,MBA,2026-06-05,0
190,Ismene,159,7.88,,2461200.5,.1681607117400313,3.995048995994104,6.174984080843006,175.3845738734112,271.5044749563131,220.1670967820141,OMB,2026-06-05,0
191,Kolga,94.536,9.09,,2461200.5,.08687806128451327,2.896107071144717,11.52231377730566,159.1644636348297,226.6821930112836,326.7569891210987,MBA,2026-06-05,0
192,Nausikaa,98.776,7.21,0.03,2461200.5,.2451732728181147,2.403355374298034,6.795704081989848,343.0703767802622,30.57689050436031,326.2748976479749,MBA,2026-06-05,0
193,Ambrosia,26.302,9.77,,2461200.5,.2983283622178188,2.598133139968438,11.99719307551206,349.4658779612763,82.50054447832643,96.71027374613445,MBA,2026-06-05,0
194,Prokne,161.667,7.83,,2461200.5,.2374715291764497,2.618623671635721,18.53457864623753,159.1217336077691,163.6792449664542,160.4336395903178,MBA,2026-06-05,0
195,Eurykleia,93.109,9.22,,2461200.5,.03873965922666973,2.878469280788345,6.954773288216042,6.867509224464888,118.6757716782259,120.7640363775426,MBA,2026-06-05,0
196,Philomela,144.626,6.72,,2461200.5,.01260691488063637,3.118120603333123,7.254490018528673,72.2783610230761,207.7890572063868,190.0824509378419,MBA,2026-06-05,0
197,Arete,31.729,9.55,,2461200.5,.1623676076102024,2.739290696469455,8.789235002054957,81.56149315681525,246.0199540377047,83.55954908745366,MBA,2026-06-05,0
198,Ampella,54.323,8.53,,2461200.5,.2271493149052121,2.459140757910368,9.322740684892691,268.2010135190994,89.01909210735765,330.9553547639989,MBA,2026-06-05,0
199,Byblis,76.129,8.52,,2461200.5,.1835643919559083,3.162577906128196,15.47878960816842,88.41851019745823,179.4019995006922,357.7730965007104,MBA,2026-06-05,0
200,Dynamene,128.301,8.45,,2461200.5,.1340575363289697,2.738286227676037,6.903057107185616,324.2085089823162,87.11827909777665,71.78781100183524,MBA,2026-06-05,0
201,Penelope,85.877,8.55,0.24,2461200.5,.1811029190104135,2.678929435216248,5.767331842021623,156.7557204649798,181.5404462540709,167.9089667470624,MBA,2026-06-05,0
202,Chryseis,86.15,7.67,,2461200.5,.1053416040614296,3.068485811098665,8.853383313715263,136.7013609430068,359.5002577048005,312.794540920084,MBA,2026-06-05,0
203,Pompeja,124.592,8.92,,2461200.5,.06129968124555099,2.736809227095952,3.173608918041065,347.578467693319,59.36431286462234,108.8748566524849,MBA,2026-06-05,0
204,Kallisto,48.566,8.97,,2461200.5,.1761360228993352,2.669694678755778,8.271082956508137,204.8954080243701,56.98948462775253,321.5703764847842,MBA,2026-06-05,0
205,Martha,76.983,9.42,,2461200.5,.03573457425340579,2.777480416354358,10.70521968116349,211.7156835351781,171.3166650018574,250.9828469952901,MBA,2026-06-05,0
206,Hersilia,113,8.92,,2461200.5,.04104628199740332,2.741835405706276,3.783117431432501,144.9739685725413,301.3357678242128,49.32038903459684,MBA,2026-06-05,0
207,Hedda,57.880,10.25,,2461200.5,.02845305814240496,2.283710213555676,3.799741564048579,29.0787874476492,193.4573673875674,342.4618920604964,MBA,2026-06-05,0
208,Lacrimosa,40.056,9.26,,2461200.5,.01133238491177012,2.893281009377423,1.744027815091965,4.134676333307514,132.1206075099774,186.9499361597259,MBA,2026-03-11,0
209,Dido,179.008,8.30,,2461200.5,.0519682516472403,3.153681220435688,7.166601450653823,.4665115727066779,250.1313055294785,225.4689024842086,MBA,2026-06-05,0
210,Isabella,86.65,9.40,,2461200.5,.1230850269864822,2.722273344628685,5.258155506179885,32.54644586438058,13.86467811085029,224.7959397098432,MBA,2026-06-05,0
211,Isolda,141.125,7.97,0.12,2461200.5,.1544036451052572,3.048372917658353,3.873287837738722,263.1644241915183,173.7261611628001,207.9883813429984,MBA,2026-06-05,0
212,Medea,136.12,8.47,,2461200.5,.1027565177145571,3.11666989555811,4.277949035251677,312.8801504803125,105.891243679862,307.8640906339553,MBA,2026-06-05,0
213,Lilaea,82.096,9.09,,2461200.5,.1461558246170872,2.752694433471844,6.820674311831087,121.8404308576141,164.2666549273695,253.9510816994319,MBA,2026-06-05,0
214,Aschera,24.957,9.31,0.51,2461200.5,.03116120259534376,2.610452042718027,3.437158786040805,341.9034393900512,137.1992661741933,282.236864326728,MBA,2026-06-05,0
215,Oenone,35.210,9.57,,2461200.5,.03414123009379232,2.76912791718189,1.680164843678761,24.79476896031008,321.3406202240268,136.5734396682323,MBA,2026-06-05,0
216,Kleopatra,122,7.02,0.29,2461200.5,.2501676832686795,2.795272753074668,13.11552664581115,215.3098461839713,179.7697642293943,259.8567076625492,MBA,2026-06-05,0
217,Eudora,65.392,9.90,,2461200.5,.3096797312788988,2.868406542144566,10.51916029855729,162.562519858607,155.0526602317161,.449692867730455,MBA,2026-06-05,0
218,Bianca,60.62,8.66,0.32,2461200.5,.1147116949743747,2.669767349915683,15.20090187979054,170.4491762666027,62.35350887681565,265.4566755511522,MBA,2026-06-05,0
219,Thusnelda,37.674,9.38,,2461200.5,.2232633734064501,2.355314739475739,10.86361202667485,200.6782775485381,143.0120347438911,140.1099590071346,MBA,2026-06-05,0
220,Stephania,31.738,11.20,,2461200.5,.2571055581889053,2.348243330294586,7.595677149905623,257.8266501020404,78.54914810189995,35.48259778663297,MBA,2026-06-05,0
221,Eos,95.469,7.71,0.13,2461200.5,.1008881723322702,3.011901179820204,10.89071954273448,141.7109999877788,192.428954778228,26.70213169054731,MBA,2026-06-05,0
222,Lucia,55.350,9.60,,2461200.5,.131251247148866,3.146119774498076,2.139756928557239,80.03350344527725,186.3616893844207,259.5371065540519,MBA,2026-06-05,0
223,Rosa,79.806,9.88,,2461200.5,.1207332877969963,3.091893858207873,1.923050141829782,47.52007394578298,65.76353419874729,237.4561269350299,MBA,2026-06-05,0
224,Oceana,58.236,8.67,,2461200.5,.04474054743857372,2.644571653244725,5.84518591862509,352.7333152474341,281.48804824,108.9963520820474,MBA,2026-06-05,0
225,Henrietta,95.934,8.78,,2461200.5,.2617824329805531,3.397839347708333,20.84491348601628,197.0259880020903,103.6414733492089,7.510273917115643,OMB,2026-06-05,0
226,Weringia,31.494,9.84,,2461200.5,.2033406998734062,2.711860906520296,15.96811901765918,134.9352441183715,153.6442406079031,89.75254230981395,MBA,2026-06-05,0
227,Philosophia,123.891,9.13,,2461200.5,.1998911404383961,3.152216177277174,9.0872883899056,324.6499923520201,271.6929919846126,338.069679603923,MBA,2026-06-05,0
229,Adelinda,105.912,9.32,,2461200.5,.1359447419949875,3.42484636581469,2.076252860228289,27.84225877944128,308.7841223323345,281.0339275950004,OMB,2026-06-05,0
230,Athamantis,111.332,7.43,0.27,2461200.5,.06095147903848073,2.38196798912938,9.454974496572113,239.7622599965941,139.2120448921127,1.125766780307561,MBA,2026-06-05,0
231,Vindobona,73.545,9.71,,2461200.5,.1574660388258819,2.91857721510408,5.089559639828563,350.3061606237181,269.1117679996376,2.440347679528715,MBA,2026-06-05,0
232,Russia,54.730,10.58,,2461200.5,.1714339301913779,2.554273701028156,6.066532545041502,152.0164859164112,52.30887176245412,3.417808122889494,MBA,2026-06-05,0
233,Asterope,99.672,8.41,,2461200.5,.1016249568868832,2.658989764808634,7.690493110978877,221.9114577768026,125.8603817254516,235.6483508660239,MBA,2026-06-05,0
234,Barbara,45.476,9.11,,2461200.5,.2461538044624887,2.384535051363256,15.38436316982325,144.4336117754453,192.2883179008904,260.1298231680018,MBA,2026-06-05,0
235,Carolina,57.517,8.98,,2461200.5,.05943025625645385,2.883649466798246,9.024952228219389,65.97827762360082,208.2299360947376,184.5165867509739,MBA,2026-06-05,0
236,Honoria,77.708,8.19,-0.02,2461200.5,.1895764778825082,2.799613236854703,7.697662115587848,185.7881242410785,174.2748287463637,333.1892615163516,MBA,2026-06-05,0
237,Coelestina,41.08,9.15,,2461200.5,.07448204870825245,2.761571256673167,9.762041461091053,84.13139486368456,201.9849764950557,302.9881096970061,MBA,2026-06-05,0
238,Hypatia,155.659,8.04,,2461200.5,.09169880307119407,2.904987318593216,12.4064644836153,183.7561008007812,209.17904470228,167.752305867718,MBA,2026-06-05,0
239,Adrastea,37.609,10.50,,2461200.5,.2353513557499113,2.966202275847881,6.174419839112958,180.6013999841075,209.5343845557662,208.9267055853841,MBA,2026-06-05,0
240,Vanadis,87.928,9.13,,2461200.5,.2087531118389477,2.662791415306227,2.106272822808427,115.0478302579764,300.7031743678412,155.8494599356205,MBA,2026-06-05,0
241,Germania,168.90,7.73,,2461200.5,.1062238221152094,3.04595081398136,5.517893267694847,270.1340283488689,78.91458499098573,226.3694187506666,MBA,2026-06-05,0
242,Kriemhild,40.802,9.50,,2461200.5,.123028329626925,2.86250816775195,11.34751908568295,206.8275084546867,278.4242722358595,5.321823695075491,MBA,2026-06-05,0
243,Ida,32,10.06,,2461200.5,.04610962795708528,2.863348031699649,1.130363094271507,323.5366609419851,113.2571826848795,49.64769088009876,MBA,2026-06-05,0
245,Vera,75.949,7.95,,2461200.5,.1980283128707269,3.097182990685238,5.177513796791485,61.02336922252834,332.1220706867333,48.82797333851493,MBA,2026-06-05,0
246,Asporina,50.891,8.62,,2461200.5,.1068554103861772,2.696400672015235,15.63492262861833,162.0988661842059,97.22389883165296,254.1561832063454,MBA,2026-06-05,0
247,Eukrate,130.935,8.14,,2461200.5,.2462927112368347,2.739202983028145,24.95468204915234,.01464552479613977,55.25752760386806,137.6203580637006,MBA,2026-06-05,0
248,Lameia,50.120,10.29,,2461200.5,.06793005903958464,2.470159316487198,4.065283610446589,246.6249396443918,11.05317312764409,97.66036927473156,MBA,2026-06-05,0
249,Ilse,34.83,11.40,,2461200.5,.2177017099661658,2.377960739766381,9.625149172859834,334.6383148917907,42.32731623422394,111.8513098536631,MBA,2026-06-05,0
250,Bettina,120.995,7.68,,2461200.5,.1370845246281383,3.141462299419907,12.82164900302039,23.7862503747936,76.00795558128628,333.9982015241255,MBA,2026-06-05,0
251,Sophia,27.495,9.95,,2461200.5,.09327744450746513,3.099144571207015,10.54967205171876,155.8452170236475,289.6212471310566,226.6738266982475,MBA,2026-06-05,0
252,Clementina,65.344,9.93,,2461200.5,.06547590115168481,3.159609163814621,10.03705232543352,201.9031453246472,160.5088575538635,37.54475270525342,MBA,2026-06-05,0
253,Mathilde,52.8,10.35,,2461200.5,.2643478593847533,2.646901224932316,6.74046762132457,179.4942079651114,157.5640226350525,273.5338756003301,MBA,2026-06-05,0
255,Oppavia,56.939,10.52,,2461200.5,.07877663113312412,2.747654458185611,9.460401050270713,13.50054083777117,153.6322038181162,323.3890981150365,MBA,2026-06-05,0
256,Walpurga,66.634,9.91,,2461200.5,.06301787141352137,3.00143338951259,13.30133392322207,182.575120303569,52.06515552018089,309.2634696268459,MBA,2026-06-05,0
257,Silesia,72.66,9.68,,2461200.5,.1122966114916078,3.118550155070598,3.612298542140687,34.02427608834162,32.33596880541631,309.4640293789598,MBA,2026-06-05,0
258,Tyche,64.78,8.24,0.23,2461200.5,.2047456339452305,2.614922417994044,14.32517158673729,207.5339974603896,155.3126023696044,276.5438822372059,MBA,2026-06-05,0
259,Aletheia,174.318,7.80,,2461200.5,.1300266613611644,3.133359570842072,10.80784437684164,86.77744807834668,166.278571805952,64.00926485778794,MBA,2026-06-05,0
260,Huberta,101.539,9.28,,2461200.5,.106655634708235,3.45351477503527,6.416963125223574,164.9229335551392,179.9590793368393,305.668406680982,OMB,2026-06-05,0
261,Prymno,50.011,9.54,0.19,2461200.5,.09041301276770289,2.331869417150785,3.633716707239186,96.57852782254859,66.34988133744926,311.8939220012064,MBA,2026-06-05,0
263,Dresda,23.952,10.24,,2461200.5,.08066157191152586,2.884559548499012,1.322600720240203,216.0968475308815,161.0718780990953,183.4410528070395,MBA,2026-06-05,0
264,Libussa,62.969,8.28,,2461200.5,.1349764991769135,2.799142971026694,10.42436638318494,49.48387009904386,340.0119805065333,294.0331426433081,MBA,2026-06-05,0
265,Anna,22.767,11.88,,2461200.5,.2654862070223471,2.421335252490343,25.65383938002238,335.4258240610255,251.53997386,307.4963569731414,MBA,2026-06-05,0
266,Aline,109.494,8.72,,2461200.5,.1553627007692042,2.806616350573594,13.39215300521453,235.7577009913066,152.2582759372741,86.29457626115877,MBA,2026-06-05,0
267,Tirza,55.998,10.23,,2461200.5,.1026903249796091,2.773332291985937,6.009384670440149,73.58791433537806,196.5725147488272,15.43699336964874,MBA,2026-06-05,0
268,Adorea,144.585,8.60,,2461200.5,.1373385580213375,3.090575318697251,2.440907731649853,120.8512231339453,67.95326590471259,236.4058634084311,MBA,2026-06-05,0
269,Justitia,50.728,9.70,,2461200.5,.2167112959670646,2.613510842745542,5.47784408471086,156.5003229365914,120.1473237701428,337.7076411929194,MBA,2026-06-05,0
270,Anahita,51.400,8.88,,2461200.5,.1510197639397561,2.197913233677476,2.367341673296778,254.2742299575737,80.81197493455302,227.495618281083,MBA,2026-06-05,0
271,Penthesilea,65.901,9.87,,2461200.5,.1034481249449482,3.004208921750481,3.531747557042988,335.1820537793894,55.92180628002219,207.8691930484846,MBA,2026-06-05,0
272,Antonia,26.870,10.85,,2461200.5,.03022803974587472,2.7782241414142,4.431013375988229,37.28105790796094,68.64132499073493,349.7771559875037,MBA,2026-06-05,0
273,Atropos,29.768,10.51,,2461200.5,.1615637916137127,2.395046945130296,20.44369153059963,158.8086751893053,121.3931520742108,4.799567305539113,MBA,2026-06-05,0
274,Philagoria,27.307,9.99,,2461200.5,.1151470710638932,3.047566752320986,3.688782500358279,92.45105453508604,124.5606070707519,347.2567248539814,MBA,2026-06-05,0
275,Sapientia,103,9.03,,2461200.5,.1615989403927157,2.772341333101537,4.767289449523159,133.9654327934064,38.84447637576811,351.4913854500297,MBA,2026-06-05,0
276,Adelheid,114.723,8.56,,2461200.5,.06124739669683801,3.117779936459837,21.65972951511705,210.9761266336967,266.7917597994464,127.7842177986138,MBA,2026-06-05,0
277,Elvira,30.422,9.86,,2461200.5,.09143040020643799,2.885381686448785,1.166190784088577,230.99329842,135.2979086728076,273.0172189311705,MBA,2026-06-05,0
278,Paulina,32.773,9.38,,2461200.5,.1350409794303457,2.754268103148264,7.833968706675611,61.68226691222715,142.0234395025887,97.97627565114244,MBA,2026-06-05,0
279,Thule,126.59,8.58,,2461200.5,.04387596035811547,4.269638832272351,2.334603979566649,71.88838189239925,29.39614150288576,116.4622238151535,OMB,2026-06-05,0
280,Philia,45.69,10.97,,2461200.5,.1118272929738077,2.942335619301702,7.439443865767556,9.743486344194073,88.54198333723261,37.48703972949371,MBA,2026-06-05,0
282,Clorinde,39.03,11.11,,2461200.5,.08090145809851546,2.339305441390097,9.036491865035213,144.8208158986529,296.2427229566517,188.8889248037043,MBA,2026-06-05,0
283,Emma,132.385,8.77,,2461200.5,.1440187132780392,3.049394884889468,7.988794026037584,303.8555888221132,56.0978822713501,71.18083377742711,MBA,2026-06-05,0
284,Amalia,52.95,10.30,0.11,2461200.5,.2224549568323176,2.358726496923246,8.043789751268651,233.564001987084,58.68847194780247,258.6845912340901,MBA,2026-06-05,0
285,Regina,47.156,10.93,,2461200.5,.203230993942229,3.087135905983761,17.60905947535408,311.1949768554208,14.50949308919357,71.55594806522564,MBA,2026-06-05,0
286,Iclea,94.30,9.07,,2461200.5,.02296292028871693,3.195484317044595,17.93814716049932,148.9086262474585,210.2375057943957,314.072233733468,MBA,2026-06-05,0
287,Nephthys,59.615,8.25,0.22,2461200.5,.02382619003180999,2.353189970548535,10.03397470416328,142.2263654801495,122.4668499002187,27.412419753896,MBA,2026-06-05,0
288,Glauke,28.981,9.86,,2461200.5,.2060972582899183,2.759016268278397,4.338509898613779,120.1003437765479,84.20146533219312,230.6591148578563,MBA,2026-06-05,0
289,Nenetta,37.586,9.71,,2461200.5,.2034241194801724,2.876417771075503,6.686243852783864,181.7690140483348,190.9716501148025,109.7635439962179,MBA,2026-06-05,0
292,Ludovica,30.864,10.05,,2461200.5,.03359959058611193,2.529971331391748,14.87477661873922,43.39753816323126,288.8236985959989,186.8047966342628,MBA,2026-06-05,0
293,Brasilia,57.486,10.24,,2461200.5,.1019869186104288,2.86271210569356,15.60796621464689,61.06347567024366,88.85854825826858,118.9116042063981,MBA,2026-06-05,0
294,Felicia,51.865,10.28,,2461200.5,.2319658256459882,3.162212315369151,6.27106710993925,135.6154670397028,187.0843475137601,125.9021913537463,MBA,2026-06-05,0
295,Theresia,28.340,10.04,,2461200.5,.1672664610271705,2.79782822741129,2.70017054588365,275.8467561404598,148.6936991772551,304.5127192836692,MBA,2026-03-11,0
297,Caecilia,39.48,9.21,,2461200.5,.1382692335290468,3.168054859582397,7.549751258685685,331.8639477416347,353.5087962326969,27.16368989112252,MBA,2026-06-05,0
298,Baptistina,21.135,11.20,,2461200.5,.09516695010894914,2.264210236092871,6.279935109198082,8.105516830896281,135.0512389476949,171.3600380974414,MBA,2026-06-05,0
299,Thora,15.757,11.35,,2461200.5,.06236982606396878,2.434206741016951,1.608406110047168,241.405113219477,150.8246875898298,255.1451732348643,MBA,2026-06-05,0
300,Geraldina,67.373,9.75,,2461200.5,.0590348130870162,3.203295939578148,.7251376771770585,42.78320242072956,318.3143420139377,218.0484310606071,OMB,2026-06-05,0
301,Bavaria,53.042,10.49,,2461200.5,.06504818762026281,2.725927660800836,4.898834340290334,142.2707616426212,123.6517162472495,186.6704622130419,MBA,2026-06-05,0
302,Clarissa,38.53,11.28,,2461200.5,.111098095640736,2.405807849446421,3.413448571570046,7.668779356862097,55.14596798053741,84.08686236271673,MBA,2026-06-05,0
303,Josephina,124.923,9.08,,2461200.5,.05595225477102891,3.124718063736693,6.884699031306933,343.6172522845359,68.38040849655702,275.6282217596899,MBA,2026-03-11,0
304,Olga,65.990,10.02,0.07,2461200.5,.2224958394510678,2.402683026434232,15.84850528518143,158.955011306131,172.3515946733384,296.2089664181905,MBA,2026-06-05,0
305,Gordonia,47.739,8.86,,2461200.5,.1974460371900316,3.087076433337272,4.45170908181288,207.4432665838063,260.7113449506219,337.108423857515,MBA,2026-06-05,0
306,Unitas,47.200,8.74,,2461200.5,.1521156117548596,2.357746597728489,7.27825773682251,141.7795923489741,167.8770072725103,349.1133891031219,MBA,2026-06-05,0
307,Nike,61.313,10.05,,2461200.5,.1427440219783337,2.907254413276994,6.128464347691895,100.865210465855,323.3912956586061,167.9799068353481,MBA,2026-06-05,0
308,Polyxo,128.578,8.17,0.21,2461200.5,.03823531415783928,2.748885751829674,4.363165235885194,181.5763716880217,111.9663916582581,132.3487561317918,MBA,2026-06-05,0
309,Fraternitas,41.075,10.65,,2461200.5,.1166617498054994,2.663487880041897,3.709083043204871,356.3044710597214,311.3562981421688,284.9755644945399,MBA,2026-06-05,0
310,Margarita,33.708,10.19,,2461200.5,.1175048217631607,2.75982299872919,3.172333883211411,229.0216982743061,324.7444471165133,191.1334084204902,MBA,2026-09-01,0
311,Claudia,26.300,10.05,,2461200.5,.006632540833333084,2.896443628640345,3.22413631606906,80.95559983960301,78.56062173211268,232.2689536558608,MBA,2026-06-05,0
312,Pierretta,46.191,8.95,,2461200.5,.1602788577807573,2.781626194115522,9.035324613821132,6.193579822737918,261.8345988006405,87.97586548180031,MBA,2026-03-11,0
313,Chaldaea,71.183,9.17,,2461200.5,.1808178344874845,2.375895105783232,11.64391199424926,176.525097230463,315.7829012584152,151.9162848718553,MBA,2026-06-05,0
314,Rosalia,60.689,10.14,,2461200.5,.170504274188078,3.158376620672348,12.51499188175272,169.9385811419299,191.9574737411375,27.02251627171654,MBA,2026-06-05,0
316,Goberta,56.067,10.16,,2461200.5,.1274215658747139,3.184779450523812,2.347074410362623,123.7738484893246,317.8824601785038,217.0433252324341,MBA,2026-06-05,0
317,Roxane,18.648,9.75,,2461200.5,.08587840609243716,2.286594087566237,1.76622565866308,151.3221152206679,186.5263965112241,345.9201952072033,MBA,2025-10-30,0
318,Magdalena,85,9.46,,2461200.5,.08493527564122717,3.194369829637147,10.66425699044666,161.2855177752612,293.2105140682355,63.63684886961445,MBA,2026-06-05,0
319,Leona,49.943,10.17,,2461200.5,.2138477681559487,3.410497715571365,10.55998601626343,184.8465793231644,227.0618144316421,164.1609863419644,OMB,2026-06-05,0
320,Katharina,23.362,10.83,,2461200.5,.1151384928354896,3.01257339508041,9.386431693047683,219.7625397980129,148.3489570480004,276.6350116159078,MBA,2026-06-05,0
321,Florentina,27.974,10.08,,2461200.5,.04680893219652275,2.884416729438036,2.581962607031366,40.13724784280976,31.28436159142414,131.0201182222605,MBA,2026-06-05,0
322,Phaeo,69.855,9.15,,2461200.5,.2439072781317331,2.78340435031359,8.045780138342579,252.2800654450174,114.9252129904988,27.45686762825908,MBA,2026-06-05,0
323,Brucia,27.714,9.49,,2461200.5,.299348418396946,2.382261065780032,24.26143599865998,97.28120284935187,291.5207247141541,244.0643472476029,MBA,2026-06-05,0
324,Bamberga,220.691,7.19,0.09,2461200.5,.3403596966262915,2.68256055680603,11.09650770826516,327.8234958991125,44.18770449461504,313.7232639402686,MBA,2026-06-05,0
325,Heidelberga,75.72,8.93,,2461200.5,.1507395268335877,3.218384438652988,8.570725445571611,344.1725562621779,71.12922808754682,260.073556150683,OMB,2026-06-05,0
326,Tamara,93.00,9.39,,2461200.5,.1901682220729379,2.317736835599168,23.69707059169942,32.0809282993425,239.0853121290338,311.2673791438287,MBA,2026-06-05,0
327,Columbia,30.291,10.02,,2461200.5,.06389813115535779,2.774936971624265,7.134850998609241,354.5005531028505,309.9536144487529,256.6388779324154,MBA,2026-06-05,0
328,Gudrun,145.680,9.00,,2461200.5,.107762554551708,3.109071040116837,16.13322451166257,351.8549532395888,107.7334014482159,248.5374653405636,MBA,2026-06-05,0
329,Svea,81.057,9.62,,2461200.5,.02631295756616289,2.476651707355821,15.88158531826411,178.4278698182127,57.11574135405839,111.5299503278716,MBA,2026-06-05,0
331,Etheridgea,74.92,9.93,,2461200.5,.0950277897117336,3.025331764187313,6.035957858845034,21.8309378950544,334.2937063674377,41.325004831504,MBA,2026-06-05,0
332,Siri,40.37,9.67,,2461200.5,.09165192422176494,2.771554186535013,2.839072369228184,31.4092286900779,298.1528573740914,232.5832742363469,MBA,2026-06-05,0
333,Badenia,72.199,9.57,,2461200.5,.1599041924905825,3.130673142770797,3.738625233961839,353.1104824701823,23.50319724867261,50.61866363067185,MBA,2026-06-05,0
334,Chicago,198.770,7.63,,2461200.5,.02840308359157031,3.940153287203673,4.716280594037484,129.0588585825251,196.9161680528777,162.2151534844995,OMB,2026-06-05,0
335,Roberta,97.109,9.08,,2461200.5,.1709090887025151,2.477996880229134,5.105180456469357,148.3568848862729,140.1557348019119,186.3185887940946,MBA,2026-06-05,0
336,Lacadiera,63.356,9.94,,2461200.5,.09490711240794304,2.251645105158242,5.648500973384502,234.9414086076827,31.8551117457937,293.5200449879544,MBA,2026-06-05,0
337,Devosa,64.549,8.96,0.19,2461200.5,.1371742963678649,2.383134516798658,7.861176103672447,355.29459413239,99.35245105847233,53.26053178651703,MBA,2026-06-05,0
338,Budrosa,50.506,8.59,,2461200.5,.0174730547635881,2.913056489288887,6.038138175145239,287.2857761951651,111.4873590835264,295.3080839340591,MBA,2025-11-06,0
339,Dorothea,44.329,9.40,,2461200.5,.1022445212851559,3.008997130942763,9.957846015945458,173.3115007794557,163.5290963059683,231.309846783063,MBA,2026-06-05,0
340,Eduarda,28.025,9.99,,2461200.5,.1182339506415977,2.745418485383767,4.666304047333568,26.86376937173071,42.71716842667224,82.12656665795288,MBA,2026-06-05,0
341,California,15.830,11.38,,2461200.5,.1944906813747007,2.199151992322061,5.665407499957268,28.9990316742056,293.6428873250929,23.7255974318861,MBA,2026-03-11,0
342,Endymion,64.266,10.23,,2461200.5,.1298308420145133,2.567935914722149,7.352102097289285,232.6358490491162,224.3811799859969,118.1424444708392,MBA,2026-06-05,0
343,Ostara,18.213,11.69,,2461200.5,.2293564761166695,2.411938950777339,3.258245733974596,38.57492917687471,10.1307247319648,243.2849105000936,MBA,2026-06-05,0
344,Desiderata,124.181,8.28,,2461200.5,.3137888563560128,2.595917521035521,18.35233063773222,47.99037292781939,237.3473747784271,69.38150571824714,MBA,2026-06-05,0
345,Tercidina,90.243,9.04,0.10,2461200.5,.06114432435143612,2.325576626312974,9.742724832276728,212.5698201478483,230.3135949518317,209.2703240398672,MBA,2026-06-05,0
346,Hermentaria,86.447,7.31,,2461200.5,.1025552343812682,2.795545518725141,8.757713910342186,91.84899176376122,290.6448121321743,229.2112002241203,MBA,2026-06-05,0
347,Pariana,48.615,8.97,,2461200.5,.1640292868249778,2.613056347539743,11.69109691674445,85.21732350892822,87.67937564910382,127.1463565797793,MBA,2026-06-05,0
348,May,82.82,9.58,,2461200.5,.07280948191249735,2.969281545758611,9.758044911624239,89.89538366417813,13.30257242122793,355.5109531087361,MBA,2026-06-05,0
349,Dembowska,139.77,5.97,0.37,2461200.5,.08845444981068881,2.92549346108827,8.247821681901026,32.1835483826604,344.4790904428388,298.2906582127601,MBA,2026-03-11,0
350,Ornamenta,128.729,8.45,,2461200.5,.1606175598582816,3.107291480854415,24.90794372539722,90.05152490713154,336.9903114162439,105.6997884160081,MBA,2026-06-05,0
351,Yrsa,39.720,9.16,,2461200.5,.1569997740346595,2.764663091579581,9.207997471459059,99.1856093281481,31.60353549615062,331.2512902593006,MBA,2026-06-05,0
352,Gisela,26.744,10.11,,2461200.5,.149580030368357,2.194631215732539,3.383617670247313,247.1902844807802,144.7156278882066,85.85535816236936,MBA,2026-06-05,0
354,Eleonora,148.970,6.17,0.37,2461200.5,.1118860451822694,2.800773088975334,18.36241201970215,140.2038651349806,8.178638528008873,158.4005001833845,MBA,2026-06-05,0
355,Gabriella,24.040,10.28,,2461200.5,.107034030240185,2.537855373470356,4.28707642515295,351.6147917978482,107.2899253779395,6.960351491766347,MBA,2026-06-05,0
356,Liguria,145.503,8.37,,2461200.5,.2420203225551148,2.753760526071217,8.207314383079561,354.444605253851,79.27112220361875,83.78899337428896,MBA,2026-06-05,0
357,Ninina,124.107,8.97,,2461200.5,.07841297479408743,3.151422726401737,15.06035206743776,137.6033338859172,256.74711647231,56.3130752196445,MBA,2026-06-05,0
358,Apollonia,90.116,9.12,,2461200.5,.1514908443385986,2.877589097877042,3.553534430077669,172.1049324368574,252.1282713094365,187.9027320598284,MBA,2026-06-05,0
359,Georgia,43.89,9.40,,2461200.5,.1557153367196274,2.728559326928049,6.772455176732603,5.989708621024842,337.9204548658168,31.94088888391027,MBA,2026-06-05,0
360,Carlova,129.125,8.49,,2461200.5,.1736236816439843,3.004296445641596,11.74343372653374,132.1616224805423,290.3012033851954,309.1749982757551,MBA,2026-06-05,0
361,Bononia,154.334,8.36,,2461200.5,.2103232258877124,3.9754291833969,12.5790699796835,18.53672318390107,66.69197743849153,60.45510045727696,OMB,2026-06-05,0
362,Havnia,98,9.10,,2461200.5,.04448780557221694,2.578602386416242,8.056640386148326,27.26294506286993,29.07405392705856,179.8826698720933,MBA,2026-06-05,0
363,Padua,97,9.03,,2461200.5,.07283850945172225,2.746900687227154,5.949766531693147,64.68867338707435,294.3463879044562,254.1208111217656,MBA,2026-06-05,0
364,Isara,25.901,9.91,,2461200.5,.1490474178764012,2.220557606980337,6.006133065239196,105.5023344340041,312.987356283364,195.1073273813749,MBA,2026-06-05,0
365,Corduba,86.773,9.20,,2461200.5,.1552663368959883,2.803879548799542,12.79580450444012,185.1220221847584,215.6308460251896,271.0055625270728,MBA,2026-06-05,0
366,Vincentina,86.368,8.66,,2461200.5,.0608582763718229,3.144334575814689,10.58929923916141,346.2572193551813,336.935544188065,195.2139790282518,MBA,2026-06-05,0
367,Amicitia,21.243,10.61,,2461200.5,.09521313252051038,2.21972795370111,2.941568366625616,83.42010523899903,55.55211576707541,176.8526043451335,MBA,2026-06-05,0
368,Haidea,69.277,9.92,,2461200.5,.2074781706733485,3.067304852374375,7.786081778647532,226.0544035965397,95.64561789900684,207.8555468203833,MBA,2026-06-05,0
369,Aeria,73.767,8.62,,2461200.5,.09867329674160451,2.647815531396449,12.72660594893725,94.10445800600526,269.2045910163445,216.5245490541447,MBA,2026-06-05,0
370,Modestia,38.093,10.67,,2461200.5,.09099820769767798,2.325295425661992,7.861865757457543,290.8755721508569,68.96820787205726,130.1815264167742,MBA,2026-06-05,0
371,Bohemia,52.976,8.74,,2461200.5,.06131437323340969,2.729309746951218,7.399781308888165,283.3660399163329,342.5056933336908,212.3249109185319,MBA,2026-06-05,0
372,Palma,173.642,7.39,,2461200.5,.2523009173931769,3.162914137691428,23.78161637956993,327.20021660,115.4462394362905,188.5935840802622,MBA,2026-06-05,0
373,Melusina,98.695,9.13,,2461200.5,.1370317392359705,3.120025373259363,15.3777359305755,3.608636094520331,349.2802868560701,49.47079508106504,MBA,2026-06-05,0
374,Burgundia,44.67,8.76,,2461200.5,.08036377953893439,2.779464756385706,8.990844120463644,218.9042222826542,29.06151044617818,336.6471385076926,MBA,2026-06-05,0
375,Ursula,216,7.48,0.27,2461200.5,.1022269344434386,3.126752932220439,15.9415746468154,336.3825414933956,341.3446508374436,40.50013344396248,MBA,2026-03-11,0
376,Geometria,35.465,9.56,,2461200.5,.1718517273605489,2.289121659483467,5.430760108658671,301.9466628145289,316.5394348511435,208.4309522818892,MBA,2026-06-05,0
377,Campania,90.346,9.11,,2461200.5,.0751137466891125,2.689949027669848,6.678146814491861,209.9125241621721,197.0387731466706,356.3608462819276,MBA,2026-06-05,0
378,Holmia,27.831,9.80,,2461200.5,.1293644637349516,2.777046551405162,7.011405933858766,232.3521919289866,156.640083390367,260.2912470797144,MBA,2026-06-05,0
379,Huenna,84.787,9.10,,2461200.5,.1789002516571288,3.141389414277389,1.671118378213422,171.8485457576197,180.9752538166221,41.93916505302123,MBA,2026-06-05,0
380,Fiducia,67.508,9.61,,2461200.5,.1153307992573124,2.677494738590753,6.163501495927912,94.99793638924815,240.5993169057236,199.8617455632501,MBA,2026-06-05,0
381,Myrrha,127.639,8.38,,2461200.5,.08860881405795723,3.229362507355652,12.6204656082182,124.7139749219599,149.3135685103246,236.6921753766684,OMB,2026-06-05,0
382,Dodona,65.209,8.77,,2461200.5,.1638900726966073,3.133584088458957,7.407683092929744,313.0618294572406,271.1965052878517,288.0419641302019,MBA,2026-06-05,0
383,Janina,43.482,10.04,,2461200.5,.1685255603958162,3.136854429318953,2.659691991728168,92.7584861166834,324.9610907442173,351.4736522389815,MBA,2026-06-05,0
384,Burdigala,34.435,9.38,,2461200.5,.1453801934135845,2.652977730319144,5.589322476982545,47.65696652422998,35.26230102816707,274.5457284407266,MBA,2026-06-05,0
385,Ilmatar,85.837,7.80,,2461200.5,.1271094568456611,2.847164970546091,13.58324599607597,344.8338771749252,189.1180619747368,183.134966331822,MBA,2026-03-11,0
386,Siegena,165.01,7.74,0.16,2461200.5,.1696377071657825,2.899009102760016,20.22161022886571,166.5880221735602,221.298746535863,64.12236281745393,MBA,2026-06-05,0
387,Aquitania,100.51,7.49,,2461200.5,.2384805503027439,2.736628064033929,18.14894285171496,127.9918759833346,157.7624278213113,305.7502468580307,MBA,2026-06-05,0
388,Charybdis,125.754,8.71,0.07,2461200.5,.06498232954967921,3.005154359734333,6.44826245311695,354.1739315691254,328.7363870025423,336.5773619427899,MBA,2026-06-05,0
389,Industria,74.378,7.95,,2461200.5,.06651691094414991,2.608599234902154,8.123199960734341,282.0211616938517,267.9545613039706,108.3483571067352,MBA,2026-06-05,0
390,Alma,25.688,10.19,,2461200.5,.1321312524053375,2.650932799372407,12.1414958658954,305.08659265151,192.2641140764782,236.4902435193396,MBA,2026-06-05,0
391,Ingeborg,15.751,10.85,,2461200.5,.3054011753427854,2.321002806804432,23.20070808755693,212.7985951829268,147.1589707168701,104.4755516242395,MCA,2026-06-05,0
392,Wilhelmina,60.750,9.73,,2461200.5,.138079258286014,2.885544921328714,14.31642332287661,209.6344082841761,173.8161931145511,326.7271119558049,MBA,2026-06-05,0
393,Lampetia,116.191,8.37,,2461200.5,.333947597114104,2.778317408235575,14.8320469522373,211.8727338031391,91.71308516865844,217.9623485824748,MBA,2026-06-05,0
394,Arduina,29.970,9.70,,2461200.5,.2279950681523732,2.761811773018338,6.222568921754696,66.85969457613132,270.8490859383903,283.9049404701037,MBA,2026-06-05,0
395,Delia,44.189,10.52,,2461200.5,.08375941204111138,2.785950655141645,3.352353038396447,259.1686010515577,13.94018649279641,253.7297125363813,MBA,2026-06-05,0
396,Aeolia,39.242,10.12,,2461200.5,.1590686997544024,2.741080481894532,2.549442812914003,249.8603863936216,21.13733116855869,144.3525060342688,MBA,2026-06-05,0
397,Vienna,49.032,9.35,,2461200.5,.2472415787170912,2.635305609389389,12.86691554768815,227.8789834406363,139.9186417969486,312.2297097462489,MBA,2026-06-05,0
398,Admete,49.771,10.70,,2461200.5,.2248123668418531,2.737458139748085,9.556702619523703,279.787384268144,160.7128774424536,15.19823022746738,MBA,2026-06-05,0
399,Persephone,39.566,8.91,,2461200.5,.07737450852324058,3.050075165055258,13.11648475971393,346.172817416567,192.3541734313874,202.5855294662119,MBA,2026-06-05,0
400,Ducrosa,36.001,10.74,,2461200.5,.1160229186206501,3.125368495765294,10.52793755533081,327.0081409198367,236.6860872567526,217.721373775327,MBA,2026-06-05,0
401,Ottilia,87.803,9.44,,2461200.5,.03032157880409996,3.345603193208655,5.962178528608079,36.01729556041038,301.6351337773464,25.36919834659531,OMB,2026-03-11,0
402,Chloe,55.421,9.10,,2461200.5,.1112467685885592,2.558611672597037,11.83900112744217,129.2762034592934,16.62164918969851,51.24560073543974,MBA,2026-06-05,0
403,Cyane,53.574,9.03,,2461200.5,.09732948755741336,2.809912868371154,9.152258246010531,244.2985115947905,253.1468532522217,26.02586951957557,MBA,2026-06-05,0
404,Arsinoe,94.970,9.13,,2461200.5,.2017864797939697,2.5914457205779,14.09838495012897,92.46291156512227,120.4900034542744,171.1407180316237,MBA,2026-06-05,0
405,Thia,108.894,8.79,,2461200.5,.2432774359159184,2.584948644967937,11.93662965048136,255.1923762684243,308.4214898368543,261.7140446224214,MBA,2026-06-05,0
406,Erna,46.266,10.42,,2461200.5,.177833122226571,2.918719760045539,4.192115810104841,315.4293700704941,38.16177330046522,80.93483329091264,MBA,2026-06-05,0
407,Arachne,95.07,9.16,,2461200.5,.07016421880438456,2.625109025938943,7.521026557765714,294.4465138437663,80.87214908849097,270.7123747906382,MBA,2026-06-05,0
408,Fama,35.620,9.36,,2461200.5,.1477551364977772,3.167341227511315,9.089770852479129,297.0847667959958,109.0463865748119,58.55299109495965,MBA,2026-06-05,0
409,Aspasia,171.012,7.65,0.29,2461200.5,.07347814270922698,2.57556237789346,11.28421775375333,242.0512725094965,355.7196031529784,36.62703781853266,MBA,2026-06-05,0
410,Chloris,118.929,8.42,,2461200.5,.2389988726751897,2.728168652995956,10.9591437151967,96.91784703631656,172.9169479872128,194.9879160814284,MBA,2026-06-05,0
411,Xanthe,76.53,9.54,,2461200.5,.1134798978723907,2.935853042269794,15.35086253214737,107.3589454672672,181.5514075770327,156.1099727384334,MBA,2026-06-05,0
412,Elisabetha,96.056,9.13,,2461200.5,.04133484451668634,2.763012301883432,13.78006361863889,106.2307297480677,96.86777319415079,48.56190427456497,MBA,2026-06-05,0
413,Edburga,34.242,10.04,,2461200.5,.3423249052007184,2.582986826195985,18.73551652439645,103.6689417972669,252.812851357051,217.2563454217635,MBA,2026-06-05,0
414,Liriope,88.760,9.62,,2461200.5,.07451092183968086,3.502265336322577,9.560735352606473,110.5424020333798,319.1582655111588,.8676126191316481,OMB,2026-06-05,0
415,Palatia,83.560,9.46,,2461200.5,.3010695829644389,2.791731038486447,8.221796262159968,126.3004873523331,299.251113557882,32.81015355471762,MBA,2026-06-05,0
416,Vaticana,85.47,7.72,0.20,2461200.5,.2198383995855273,2.790782447025006,12.8323780817204,57.89951663303513,200.2747138954028,305.7680153042987,MBA,2026-06-05,0
417,Suevia,54.874,9.67,,2461200.5,.1346338274611228,2.801741773324187,6.643742360756107,199.4062034498091,347.781304721393,303.2556646042194,MBA,2026-06-05,0
418,Alemannia,40.330,9.75,,2461200.5,.1180963601300191,2.592980922010853,6.815573896284809,248.7078838917795,126.1413594328417,3.084651085455314,MBA,2026-03-11,0
419,Aurelia,148.701,8.56,0.15,2461200.5,.2522591492777133,2.59533002544098,3.931505079713478,229.0249092901792,44.25416404324066,66.04060340525896,MBA,2026-06-05,0
420,Bertholda,138.699,8.31,,2461200.5,.02054918917796198,3.417658864253278,6.713201217323804,242.3084326139678,221.2286146640427,76.17789221681623,OMB,2026-06-05,0
423,Diotima,175.859,7.39,,2461200.5,.03334784998044781,3.068328214044826,11.23947775913456,69.34769476592055,199.2075847965479,178.6550416706666,MBA,2026-06-05,0
424,Gratia,102.565,9.73,,2461200.5,.1104901322394749,2.77466798379191,8.22207495732167,99.12823791897969,334.0578959707322,35.854026307917,MBA,2026-06-05,0
425,Cornelia,67.925,9.74,,2461200.5,.05739649034090937,2.8870377360134,4.050926938180963,60.92058561582525,127.2230920211076,62.91901472290396,MBA,2026-06-05,0
426,Hippo,137.562,8.55,,2461200.5,.1067180546862104,2.886574288510216,19.5020805889477,311.3074901086105,221.3757713758709,251.5787026574718,MBA,2026-06-05,0
427,Galene,32.193,10.17,,2461200.5,.1183954268187325,2.971877606825911,5.125905055021558,297.338246058813,11.00792922562345,64.03810743028977,MBA,2026-06-05,0
428,Monachia,20.184,11.99,,2461200.5,.1780680619002177,2.308107821836433,6.188574026772356,17.51560851448922,15.73480008542482,259.3252481509031,MBA,2026-06-05,0
429,Lotis,69.62,9.98,,2461200.5,.1241015839657777,2.606578371404072,9.542734002996335,219.9055282800076,168.5572007357448,211.3532610665858,MBA,2026-06-05,0
430,Hybris,31.702,11.09,,2461200.5,.2502600234119005,2.850545395876325,14.54348259056707,249.1807227398938,179.5622641926828,290.7828789679982,MBA,2025-11-06,0
431,Nephele,101.900,9.08,,2461200.5,.1732503277967831,3.145287623228737,1.832519056999024,117.1320316252869,218.6765263187529,145.3565062845065,MBA,2026-06-05,0
432,Pythia,46.90,9.07,,2461200.5,.1445566742567339,2.370299607399757,12.11123433268802,88.71063136636133,174.297372202016,256.9879079661448,MBA,2026-06-05,0
433,Eros,16.84,10.40,0.46,2461200.5,.2228779627700761,1.458243716760167,10.82854410314273,304.2679713350896,178.9181319135911,62.51145501986792,AMO,2021-05-24,0
435,Ella,34.792,10.46,,2461200.5,.1548903929496057,2.451330692933796,1.815383778838752,23.08313325870689,333.8109776296413,110.735255301131,MBA,2026-06-05,0
436,Patricia,58.609,10.02,,2461200.5,.07165428850068056,3.203481672271919,18.51533240112071,351.1792180100854,42.45755458087961,80.55657871524852,OMB,2026-06-05,0
438,Zeuxo,58.871,10.18,,2461200.5,.06622760989282407,2.556046072875578,7.359466957891881,49.02200817609483,210.6955359864004,233.418918391601,MBA,2026-06-05,0
439,Ohio,70.421,9.82,,2461200.5,.06724505100819814,3.131029735615504,19.13396689602861,201.4130149262076,245.3434133791592,311.4221001732695,MBA,2026-06-05,0
441,Bathilde,65.131,8.65,,2461200.5,.08300535409773797,2.807338575095886,8.155056417962312,253.4844041554469,202.5794437384161,21.95560985789482,MBA,2026-06-05,0
442,Eichsfeldia,62.171,9.95,,2461200.5,.07083402932781997,2.345612074767527,6.068503044548234,134.777336077812,86.21445209265141,92.62324421885663,MBA,2025-10-31,0
443,Photographica,25.504,10.14,,2461200.5,.04006617798597094,2.215352085727017,4.235368334096796,175.3793804342517,350.5085642019047,203.866403106724,MBA,2026-03-11,0
444,Gyptis,159.331,8.06,0.22,2461200.5,.1733239043732972,2.770907026907143,10.27309170178128,195.5887658028936,154.8344377076347,61.52055148431429,MBA,2026-06-05,0
445,Edna,87.812,9.28,,2461200.5,.1995533618449259,3.200595824596275,21.31399557586538,291.9585655896432,82.28407567224697,89.69119041309875,OMB,2026-06-05,0
446,Aeternitas,53.562,8.85,,2461200.5,.1243520866302388,2.789185253395721,10.61039771912577,41.99118368524616,279.6276197078394,125.7576844956273,MBA,2026-06-05,0
447,Valentine,85.224,9.05,,2461200.5,.0456410126903694,2.984681791773542,4.797761499072231,71.74017793726733,316.0718374482572,192.6901924813624,MBA,2026-06-05,0
448,Natalie,50.534,10.20,,2461200.5,.1868132395601326,3.134905156108282,12.72796198010323,37.18751690183118,293.1138275457348,308.9690488641613,MBA,2026-06-05,0
449,Hamburga,85.59,9.90,,2461200.5,.1738399630073777,2.549837616642877,3.079250276434157,85.76099720867369,48.83831146378318,281.1030549503806,MBA,2026-06-05,0
450,Brigitta,37.038,10.42,,2461200.5,.09818612050169734,3.01889970083298,10.12986707309255,14.293254554279,.2632055750204649,78.43840981218727,MBA,2026-06-05,0
451,Patientia,253.900,6.78,0.19,2461200.5,.06946892307309008,3.064549440197316,15.20536616235175,88.99601802273945,337.2313015814927,221.200830024932,MBA,2026-06-05,0
453,Tea,23.985,10.56,,2461200.5,.1082524427368526,2.183187295628003,5.548650584631254,11.58576158788702,220.7583174386261,338.3343379586711,MBA,2026-06-05,0
454,Mathesis,81.743,9.39,,2461200.5,.1119027857473295,2.62643631062396,6.29301406579309,32.15615938686457,176.8950292658438,211.6051163435844,MBA,2026-06-05,0
455,Bruchsalia,88.792,8.94,,2461200.5,.294320140430811,2.656418416654081,12.01663589537679,76.06975753621893,273.3433708868066,319.8296870065682,MBA,2026-06-05,0
456,Abnoba,37.713,9.10,,2461200.5,.1835816843575027,2.784217676927148,14.49238135502629,228.9974309009984,7.781204039915647,42.93074176238978,MBA,2026-06-05,0
457,Alleghenia,18.739,11.10,,2461200.5,.1708725483577,3.094741419729961,12.97502214569238,249.3911689041832,131.2359403065311,32.40748208632752,MBA,2026-06-05,0
458,Hercynia,36.698,9.74,,2461200.5,.2441030574994865,2.992332667516374,12.66436452360435,134.0878390889683,277.2413147767417,67.07189567096472,MBA,2026-06-05,0
459,Signe,25.784,10.35,,2461200.5,.2109618494834088,2.619984201042477,10.29695677043072,29.45684804023661,19.26925538773191,206.8652428366048,MBA,2026-06-05,0
460,Scania,19.689,10.75,,2461200.5,.10350316101057,2.71729724696434,4.63710201082913,205.0548659004009,161.962096090935,30.22025713761086,MBA,2026-06-05,0
461,Saskia,43.603,10.49,,2461200.5,.1458177566161924,3.117552269472837,1.472426875514747,156.49865107307,308.9373572781164,244.6839637425091,MBA,2026-06-05,0
462,Eriphyla,34.274,9.32,,2461200.5,.08677404262122516,2.873901317826279,3.190660772242487,105.2015340768247,249.1707582214187,311.6779387008519,MBA,2026-06-05,0
463,Lola,20.908,11.74,,2461200.5,.2194728839663848,2.398662059040255,13.53827009261904,36.48763914295684,329.4597555133809,310.2198839146653,MBA,2026-06-05,0
464,Megaira,77.056,9.71,,2461200.5,.2037117083918215,2.802945413812271,10.16224312220403,102.3170702401013,257.9920885831546,355.802895609424,MBA,2026-06-05,0
465,Alekto,73.34,9.83,,2461200.5,.1967466539279791,3.108332617799969,4.665639962832175,299.9688740063492,285.6635696216916,297.4932971673152,MBA,2026-06-05,0
466,Tisiphone,95.495,8.40,,2461200.5,.09724646067076179,3.352634720453199,19.01509044408614,290.2239977151103,255.8715127518363,50.27935548609403,OMB,2026-06-05,0
467,Laura,39.471,10.91,,2461200.5,.1065982764577306,2.943917131707257,6.44897010841957,322.0786233940451,94.74571634145782,343.8423482180851,MBA,2026-06-05,0
468,Lina,60.238,9.84,,2461200.5,.1947943371170729,3.136718321952835,.4355963671975622,21.5469013256949,332.1768285683834,309.1051596045965,MBA,2026-06-05,0
469,Argentina,133.718,8.65,,2461200.5,.1616662345360539,3.179238277581448,11.45411079478729,332.6630272278447,215.753027092153,51.68821828653014,MBA,2026-06-05,0
470,Kilia,27.750,10.05,,2461200.5,.09614359722745495,2.403719993575876,7.234229271863629,173.189785580354,47.31247369640128,190.543612233882,MBA,2026-06-05,0
471,Papagena,148.128,6.34,0.37,2461200.5,.2294808670328268,2.890249049343906,15.01583043850709,83.76942935576243,315.9578160190076,46.73171268418448,MBA,2026-06-05,0
472,Roma,50.278,8.86,,2461200.5,.09529792259311394,2.543234836752758,15.81629358696842,126.9967425231434,295.8255552607506,168.4615449974434,MBA,2026-06-05,0
474,Prudentia,40.972,10.95,,2461200.5,.2101135706911542,2.45272194114742,8.796354362976022,161.7866295078351,155.8315007660738,60.46800388053406,MBA,2026-06-05,0
475,Ocllo,17.830,11.53,,2461200.5,.3790152572357806,2.593837411315243,18.94904414317391,34.40503049673335,305.8263612996666,302.9424309649089,MCA,2026-06-05,0
476,Hedwig,138.493,8.70,,2461200.5,.07500067726901917,2.649948360358986,10.92519986334127,286.1773897244454,.3983824800823647,19.74162362520665,MBA,2026-06-05,0
477,Italia,22.988,10.26,,2461200.5,.1871842823303769,2.415867712687485,5.287907632071116,10.6292017755941,322.5516211069504,89.18758583934624,MBA,2026-06-05,0
478,Tergeste,80.738,7.93,,2461200.5,.08069559561510906,3.018771985685083,13.17365723161806,233.4339928356325,244.0348500452926,189.0065958477595,MBA,2026-06-05,0
479,Caprera,60.088,9.81,,2461200.5,.2174765517051957,2.722231788296748,8.6778625896011,135.9760015118241,269.4459480745419,272.5335111937356,MBA,2026-06-05,0
480,Hansa,56.22,8.22,,2461200.5,.04422303348161902,2.644365537497318,21.3228709072639,237.1095528241145,212.4416161984602,192.6254619902764,MBA,2026-06-05,0
481,Emita,101.829,8.78,,2461200.5,.1570045648110532,2.740629868141888,9.847815404251255,66.69444517372415,348.9152213858983,204.2779051384688,MBA,2026-06-05,0
482,Petrina,45.751,8.90,,2461200.5,.09537456013413421,3.002609454243689,14.46944517537589,178.9759366313504,90.60048982704775,246.2223730886165,MBA,2026-06-05,0
483,Seppina,66.858,8.41,,2461200.5,.04992489109133649,3.423331849905335,18.75709693032454,173.8842805216848,163.6196978810133,46.08675892449676,OMB,2026-06-05,0
484,Pittsburghia,30.060,9.69,,2461200.5,.056652986634031,2.666970730747938,12.51381287033195,127.227875306357,189.2337335386575,81.33882506104865,MBA,2026-06-05,0
485,Genua,63.88,8.23,,2461200.5,.1892725831443576,2.751707429950792,13.86466109990205,193.3662363472104,272.0726919804977,176.677053744063,MBA,2026-06-05,0
486,Cremona,22.781,11.18,,2461200.5,.1638038358946605,2.351345520990653,11.09532809530436,94.06127211064744,125.1490798861763,154.6045994359198,MBA,2026-03-11,0
487,Venetia,59.046,8.41,,2461200.5,.08659362236484976,2.670731541585185,10.2535301615586,114.7511402084405,282.0665763195366,54.8335794091689,MBA,2026-06-05,0
488,Kreusa,168.117,7.89,,2461200.5,.1585153068080011,3.167955056278382,11.47517110892412,82.98162593665144,77.34561080545106,100.6966437315708,MBA,2026-06-05,0
489,Comacina,139.39,8.60,,2461200.5,.04909996102226044,3.150795943517486,12.99554268063288,166.6733686035525,8.266433190404689,200.3855736996329,MBA,2026-06-05,0
490,Veritas,118.803,8.66,,2461200.5,.08838490781719929,3.175489543369528,9.2904696761313,178.0153911466139,193.6204922627906,299.7147809746745,MBA,2026-06-05,0
491,Carina,91.176,9.00,,2461200.5,.0828413791923767,3.192727424389044,18.86437167621521,175.3116531524631,230.3261511880629,200.867291884842,MBA,2026-06-05,0
492,Gismonda,53.418,9.98,,2461200.5,.183510429303643,3.107246200878894,1.612955514563319,46.02172202581696,296.3383695882818,193.9192442504174,MBA,2026-06-05,0
493,Griseldis,41.550,10.91,,2461200.5,.178032529997241,3.113597682124369,15.18098531962001,357.2168848827347,46.39816756164306,119.1066134543199,MBA,2026-06-05,0
494,Virtus,100.786,9.28,,2461200.5,.06431337086728478,2.984999032522361,7.078383259669305,38.05477896718927,214.4492189771423,114.8485810872294,MBA,2026-06-05,0
495,Eulalia,37.287,11.17,,2461200.5,.1297511629665693,2.486621827926138,2.278991551732242,186.3588536531062,207.5254185570881,189.410635883474,MBA,2026-06-05,0
497,Iva,40.932,9.82,0.11,2461200.5,.3004409956167256,2.85120214985646,4.818809212441074,6.299850192178617,3.34636612333361,259.7677615500594,MBA,2026-06-05,0
498,Tokio,81.83,8.85,,2461200.5,.2239255373412911,2.650253539554123,9.502525621155858,97.15126647770184,241.561286913134,280.1633625616712,MBA,2026-06-05,0
499,Venusia,77.328,9.58,,2461200.5,.2170917080584555,4.015525031099737,2.09225570813864,256.1646273666991,175.2269635152823,230.7973149104587,OMB,2026-09-01,0
500,Selinur,40.828,9.45,,2461200.5,.1458168860130653,2.611989209020623,9.786359235490805,289.774698708597,75.04136313010407,162.5344749463814,MBA,2026-06-05,0
501,Urhixidur,74.457,9.47,,2461200.5,.1420582793930172,3.165637016401895,20.84360669645752,357.1012737419013,357.4033878622992,109.3951324444666,MBA,2026-06-05,0
502,Sigune,15.805,10.72,,2461200.5,.1784641647890922,2.383490742785236,25.02069717088004,132.868139834733,19.18764864289057,156.3287523069978,MBA,2025-11-06,0
503,Evelyn,81.68,9.29,,2461200.5,.1730884979698341,2.725819096106186,5.01076022661103,68.79846418017964,41.56211226358128,168.0774568193463,MBA,2026-06-05,0
504,Cora,30.438,10.12,,2461200.5,.2176089763407222,2.720351993107334,12.90575154978943,104.4226474907276,248.3861620916433,172.3645905318062,MBA,2026-06-05,0
505,Cava,115,8.74,-0.03,2461200.5,.2424915772004634,2.686790964281351,9.821952022002373,90.75535289444106,337.21476279782,305.6979600844968,MBA,2026-06-05,0
506,Marion,105.94,8.96,,2461200.5,.1445637704861788,3.042664151972899,16.98551497070248,312.7616013593062,145.1755873990172,128.4223004650533,MBA,2026-06-05,0
507,Laodica,45.170,9.21,,2461200.5,.1047828277593433,3.153527856740952,9.508063247217585,293.3517528891518,100.1317018666675,103.3393171691139,MBA,2026-06-05,0
508,Princetonia,117.241,8.37,,2461200.5,.009640409165402604,3.162915722849277,13.29990759807333,44.02367557677771,246.8169606992566,244.0570986250558,MBA,2026-06-05,0
509,Iolanda,51.892,8.39,,2461200.5,.09797730063608365,3.061004926060531,15.41263178549048,217.4642032457685,155.4402322857202,194.2234525690104,MBA,2026-06-05,0
510,Mabella,60.450,9.74,,2461200.5,.1916740842647496,2.609751784610909,9.54237220176867,202.6606152783504,90.62702849036414,31.79498533047271,MBA,2026-06-05,0
511,Davida,270.327,6.42,0.16,2461200.5,.1893732654213308,3.161792846903028,15.94980163416854,107.5541377792688,336.5298509620977,70.43603818535601,MBA,2026-06-05,0
512,Taurinensis,23.09,10.76,,2461200.5,.2542670973076473,2.189295532950946,8.749799226451584,106.9945579424539,249.220768293865,284.6532083019426,MCA,2026-06-05,0
513,Centesima,48.805,9.49,,2461200.5,.08707602682574847,3.012586864582124,9.735410891953791,184.2509144749971,224.7775595111567,106.7374848228924,MBA,2026-06-05,0
514,Armida,120.093,9.20,,2461200.5,.03659227089472056,3.046513989141145,3.880779549142544,268.4910417337949,112.6669228366103,354.087734799321,MBA,2026-06-05,0
515,Athalia,41.190,10.93,,2461200.5,.1778144472063967,3.120512972547706,2.039314719511164,121.0769486430121,300.5618142763944,30.54160069899439,MBA,2026-06-05,0
516,Amherstia,65.144,8.35,,2461200.5,.2757442057208371,2.677331115687118,12.95536383727459,328.7122696723087,258.0235976201024,115.0050447766867,MBA,2026-06-05,0
517,Edith,111.890,9.64,,2461200.5,.1795511999212778,3.154886934906919,3.228251239493027,273.7590163791784,144.0026981849893,312.8645792362282,MBA,2026-06-05,0
518,Halawe,16.157,11.11,,2461200.5,.2288167636077125,2.533866062553548,6.724251662926086,203.6556414905215,118.1291964639204,180.9995271621131,MBA,2026-06-05,0
519,Sylvania,40.078,9.13,,2461200.5,.1847095025284128,2.792139374769475,10.9966322577168,44.51805098706988,303.3990779828324,143.6914945975428,MBA,2026-06-05,0
520,Franziska,25.261,10.62,,2461200.5,.1089386601296299,3.004885012072408,10.95772884201816,34.23593408772044,19.59906936794402,179.1820002967182,MBA,2026-06-05,0
521,Brixia,107.227,8.57,-0.06,2461200.5,.2783507283931879,2.743034618550278,10.5842145352414,89.57780701322054,316.2896690521211,9.717854003789123,MBA,2026-06-05,0
522,Helga,101.22,9.01,,2461200.5,.08579549185086059,3.626278347689883,4.419967981108159,116.5337016336268,249.4024090327962,350.9754166393045,OMB,2026-06-05,0
523,Ada,31.89,10.01,,2461200.5,.1805489017123773,2.965435896519718,4.314159720804074,260.5887102220395,190.004737463546,5.522885647046705,MBA,2026-06-05,0
524,Fidelio,65.527,9.84,,2461200.5,.1264138878442409,2.63616236889804,8.221756038153593,326.6316052723647,79.5044810455761,305.4099610353495,MBA,2026-06-05,0
526,Jena,44.840,10.12,,2461200.5,.1246588167400887,3.129951470143103,2.172596652329519,137.5406358781507,358.4180716418226,95.65157384967698,MBA,2026-06-05,0
527,Euryanthe,52.627,10.40,,2461200.5,.1518837650780182,2.725027661461613,9.661126401486136,120.4079162686657,203.3956238236312,314.0305274948282,MBA,2026-06-05,0
528,Rezia,91.966,9.22,,2461200.5,.02173005828496213,3.395549976508919,12.70543612360468,49.48532255860482,354.5341330752569,327.466455927671,OMB,2026-06-05,0
529,Preziosa,32.01,9.93,,2461200.5,.09224465804123946,3.018674391767499,11.01553639809807,64.98444952786039,332.3000893098672,257.4007590752726,MBA,2026-06-05,0
530,Turandot,84.85,9.37,,2461200.5,.216722622008501,3.191475774080773,8.56158298965021,129.0851378852207,199.4367995555279,356.2052331948486,MBA,2026-06-05,0
531,Zerlina,17.804,12.05,,2461200.5,.1994155452375629,2.78347218156711,34.0292534003084,197.6622298667467,57.51889400460682,63.05339826707724,MBA,2026-03-11,0
532,Herculina,167.791,5.92,0.26,2461200.5,.1803913985408895,2.769562441708836,16.29891194112881,107.4083589670531,76.6593740176165,179.2514569132574,MBA,2026-03-11,0
533,Sara,30.819,9.82,,2461200.5,.04249374937629947,2.982990676669592,6.555545630023033,180.1901359990175,30.14552195499366,265.7598378584917,MBA,2026-06-05,0
534,Nassovia,32.333,9.65,,2461200.5,.06010705721653652,2.882670391361692,3.276122356403295,94.05396798710852,335.5928370596924,111.25324458242,MBA,2026-06-05,0
535,Montague,79.299,9.56,,2461200.5,.02638619800461474,2.569521462990371,6.772582257050767,84.75446866387801,66.53842485227707,304.7318290713793,MBA,2026-06-05,0
536,Merapi,147.066,8.12,,2461200.5,.09096389753079363,3.506628213682359,19.35313354896425,58.99899281271217,298.1339518245219,122.2823905344029,OMB,2026-06-05,0
537,Pauly,40.732,8.78,,2461200.5,.2360249720923516,3.064988227749001,9.921517008720933,119.8514278841131,187.8384648216435,234.6227413964579,MBA,2026-06-05,0
538,Friederike,70.640,9.57,,2461200.5,.1723144261233924,3.15414946344908,6.524541171171292,141.0173653100379,226.6195168589894,188.8691042262139,MBA,2026-06-05,0
539,Pamina,68.356,10.23,,2461200.5,.2131067043359127,2.738566467081624,6.799246075316324,274.2049268142818,97.15408048420313,280.1474195458915,MBA,2026-06-05,0
540,Rosamunde,19.152,10.75,,2461200.5,.08923573698020858,2.219127198124237,5.580111431721956,202.0653870337345,337.6723060297281,78.70665773086658,MBA,2026-06-05,0
541,Deborah,60.147,10.24,,2461200.5,.05350210561818291,2.814126068245609,6.018139247789192,267.3703009945194,1.829266711899957,334.8533774096682,MBA,2026-06-05,0
542,Susanna,42.117,9.37,,2461200.5,.143780264245779,2.903279821716899,12.08001604186401,152.8252474678501,216.2211928309297,193.8140013513703,MBA,2026-06-05,0
543,Charlotte,45.613,9.48,,2461200.5,.1505454052407531,3.062440193738477,8.459861165108572,294.8090109595212,108.544119979765,235.2259750557205,MBA,2026-06-05,0
544,Jetta,27.169,10.01,,2461200.5,.1522641406785385,2.591603470482162,8.36901331171736,298.2760474979951,342.8144969575802,136.4326569088739,MBA,2026-06-05,0
545,Messalina,112.631,8.79,,2461200.5,.1752278233748404,3.200664317165865,11.2779473509804,332.8010382233162,333.716125308388,201.6686753144116,OMB,2026-06-05,0
546,Herodias,65.945,9.72,,2461200.5,.1163357856124703,2.596290682251042,14.87029822930191,21.56589906775776,110.445894834539,275.2574635907669,MBA,2026-06-05,0
547,Praxedis,52.462,9.98,,2461200.5,.2366179398787997,2.772380280761487,16.86671615149326,192.9781156184911,196.5497983197958,123.2108597318615,MBA,2026-06-05,0
549,Jessonda,15.530,10.87,,2461200.5,.2560922108447917,2.686897839456154,3.954414541159294,291.2622903929039,157.9136249234218,216.413610190689,MBA,2026-06-05,0
550,Senta,37.434,9.33,,2461200.5,.2217616275499017,2.59198318685244,10.09760827585488,270.6499980732068,45.60061039562861,149.0903220320358,MBA,2026-06-05,0
551,Ortrud,81.113,9.79,,2461200.5,.1187368419197429,2.968537356697231,.3941125344644776,5.663441459281865,71.11833592557829,277.3279786414653,MBA,2026-06-05,0
552,Sigelinde,88.697,9.63,,2461200.5,.08998653222700595,3.150503291886498,7.691876360131948,266.8461297891322,345.5316631658458,72.66802800312909,MBA,2026-06-05,0
554,Peraga,95.87,9.28,,2461200.5,.1528228438472401,2.374395531092159,2.935849200349833,295.3478361119545,127.66387012,104.7727588193445,MBA,2026-06-05,0
555,Norma,31.040,10.93,,2461200.5,.1555474193001657,3.180245488724189,2.668564986695754,130.1712558230945,1.330113858759439,173.3364692391529,MBA,2026-09-01,0
556,Phyllis,36.279,9.50,,2461200.5,.1037877122890577,2.464306805103992,5.249373748634109,285.9715670858089,177.2416059111306,138.5149398800567,MBA,2026-06-05,0
557,Violetta,22.621,12.12,,2461200.5,.09912409545052737,2.44209120035072,2.484353372707808,292.6385543691803,196.5650659354442,287.8637567842824,MBA,2026-09-01,0
558,Carmen,54.811,9.03,,2461200.5,.03824745590926083,2.908804441569071,8.373964679822324,143.6259780062542,315.7089896013293,208.227655208544,MBA,2026-06-05,0
559,Nanon,79.82,9.53,,2461200.5,.06672153825539312,2.711253864603473,9.312920020673266,111.8485590629669,132.1657173111375,.3099042065111515,MBA,2026-06-05,0
560,Delila,35.334,10.94,,2461200.5,.1578961826646329,2.752542055126808,8.446398273455241,105.1547242678239,5.544018909632868,242.8651853711015,MBA,2025-11-19,0
561,Ingwelde,31.562,11.42,,2461200.5,.1232846313537432,3.170479187645947,1.549824474454598,159.1172565021817,318.633632216998,231.4380137278448,MBA,2026-09-01,0
562,Salome,32.651,9.99,,2461200.5,.1035965803539162,3.016414339802218,11.11835943214421,70.45738851448856,261.7973888410979,272.6367046341589,MBA,2026-06-05,0
563,Suleika,53.29,8.38,,2461200.5,.2361503981075924,2.712209077644316,10.24688033373231,85.15313993041309,336.6087469585273,179.1766407309271,MBA,2026-06-05,0
564,Dudu,52.010,10.45,,2461200.5,.2749176630055191,2.750466483097314,17.96457118942422,70.72422310228909,215.1049676832875,166.0429372698331,MBA,2026-06-05,0
565,Marbachia,27.332,10.85,,2461200.5,.1318819067451139,2.443053365562955,10.99113864384939,225.6426271053332,291.9632496705465,321.9219775654631,MBA,2026-06-05,0
566,Stereoskopia,167.381,8.20,,2461200.5,.1199542435507201,3.374739045037161,4.894780740376121,79.51182891015924,300.390669257776,27.00491053319785,OMB,2026-06-05,0
567,Eleutheria,93.41,9.13,,2461200.5,.08279356145100009,3.13912638389264,9.22854929044329,58.11028122708898,134.5890524780411,338.7498596771421,MBA,2026-06-05,0
568,Cheruskia,71.224,9.68,,2461200.5,.1678649164202059,2.881788730374061,18.40551157506851,249.7320484388403,173.4183071390623,170.5491969071754,MBA,2026-06-05,0
569,Misa,72.95,10.04,,2461200.5,.178725062987875,2.659516575672681,1.287743509444471,301.4676054606161,142.6525227415623,231.031104654232,MBA,2026-06-05,0
570,Kythera,87.486,8.88,,2461200.5,.1180695474355041,3.422267936830324,1.816959595724351,223.2651326710105,162.3079924772206,319.0982251413839,OMB,2026-06-05,0
572,Rebekka,28.903,10.90,,2461200.5,.1574113383291103,2.400052534549482,10.57745003309215,194.4009773892754,192.2054575126167,146.6723364276229,MBA,2026-06-05,0
573,Recha,47.582,9.51,,2461200.5,.1092058688861115,3.014467738303808,9.828652002641332,342.6284342627376,30.26651968492571,12.19238972217257,MBA,2026-06-05,0
575,Renate,19.106,10.96,,2461200.5,.1285042593649252,2.553921727025606,15.00999640685758,349.454080162822,334.508801522029,228.8548325522988,MBA,2026-06-05,0
576,Emanuela,74.378,9.50,,2461200.5,.1931412561095784,2.994716224602942,10.21576980448296,299.5119591652497,28.49871084909525,152.4480172273443,MBA,2026-06-05,0
577,Rhea,38.234,9.45,,2461200.5,.1536362401455665,3.113258459010489,5.298670947873012,328.4731368238566,329.5477916512477,33.01489215426756,MBA,2026-06-05,0
578,Happelia,69.29,9.53,,2461200.5,.1956385374922868,2.748899362320649,6.128686739310352,29.02785019650278,262.8293544104924,256.5246154748181,MBA,2026-06-05,0
579,Sidonia,85.57,8.01,,2461200.5,.07597408543388411,3.012663149322648,11.01635840044058,82.62229813280224,229.2640157186637,119.0833662743837,MBA,2026-06-05,0
580,Selene,48.204,10.39,,2461200.5,.08789415046820842,3.227970843299617,3.671008925452794,98.89011054204268,339.4612340052163,291.4574586446763,OMB,2026-03-11,0
581,Tauntonia,61.481,10.01,,2461200.5,.03560160881304079,3.209976954959582,21.8986134611507,102.423584953619,25.28811607767714,284.3085988099514,OMB,2026-06-05,0
582,Olympia,44.347,8.97,,2461200.5,.2201647767764635,2.612999972843865,30.00470647114967,155.6480932371652,310.2723352181848,208.5876062146109,MBA,2026-06-05,0
583,Klotilde,78.236,9.32,,2461200.5,.1588433092041216,3.17576670113576,8.23695294663781,257.7912466489842,250.9148441359209,358.1693742360965,MBA,2026-06-05,0
584,Semiramis,54.01,8.48,0.24,2461200.5,.2330958935112185,2.374133924254984,10.7195967316964,281.9892093536358,85.44213536729089,56.30184321035699,MBA,2026-06-05,0
585,Bilkis,49.761,10.48,,2461200.5,.1293425707130521,2.429816290497344,7.582608711996459,180.170621836348,330.1818996990611,275.4795399348407,MBA,2026-06-05,0
586,Thekla,95.203,9.52,,2461200.5,.06555367714485491,3.039653249798785,1.628187196921173,228.2808815542674,253.6880512103287,264.3975493307887,MBA,2026-06-05,0
588,Achilles,130.099,8.20,,2461200.5,.148117524873686,5.215906988352895,10.31507282705955,316.5298906019931,134.3146427558605,93.31385566999712,TJN,2026-06-05,0
589,Croatia,93.617,9.31,,2461200.5,.04021131497471687,3.132965791481388,10.79943252743724,177.4243917083566,229.945841416383,4.038744891315215,MBA,2026-06-05,0
590,Tomyris,30.577,10.04,,2461200.5,.07828633174713026,2.999254035142617,11.18273612412168,105.9784294702056,336.6189952616834,132.9069819363053,MBA,2026-06-05,0
591,Irmgard,51.86,10.63,,2461200.5,.2101626710251442,2.67779266102786,12.45231799178691,334.0688413258604,218.8288783999651,130.4502028010813,MBA,2025-11-19,0
592,Bathseba,43.787,9.68,,2461200.5,.135951596177055,3.023450860701721,10.18066439720943,167.7371518726786,257.7059816841493,46.96692126334099,MBA,2026-06-05,0
593,Titania,70.145,9.34,0.06,2461200.5,.2171943645933467,2.697934378731136,16.90393052683515,75.92952047266772,30.56374284323125,87.50808998603637,MBA,2026-06-05,0
595,Polyxena,90.647,7.96,,2461200.5,.07073406120317106,3.205673065279009,17.78796328562078,23.68867428800574,280.2778572808006,251.3137651453177,OMB,2026-06-05,0
596,Scheila,159.726,8.92,,2461200.5,.1595019297252386,2.933165339758264,14.62496924781335,70.44457181902852,177.9462948059539,286.8528643791634,MBA,2026-06-05,0
597,Bandusia,36.06,9.32,,2461200.5,.1433119384956801,2.671845099082246,12.79805940739782,36.44513224277195,307.3132189406404,70.19657654836243,MBA,2026-06-05,0
598,Octavia,78.237,9.65,,2461200.5,.2507384700854736,2.75974153688964,12.23418903230246,91.48220689868671,291.9147462075967,217.4806375472377,MBA,2026-06-05,0
599,Luisa,70.249,8.68,,2461200.5,.2927734549801677,2.771520017580674,16.71514316638539,44.1430114178033,294.0744050077931,280.9796294786255,MBA,2026-06-05,0
600,Musa,25.115,10.27,,2461200.5,.05315787414250713,2.661830458186295,10.21259302752468,139.1451752732038,113.7096690581967,246.3971889608954,MBA,2026-06-05,0
601,Nerthus,75.535,9.66,,2461200.5,.1080746749659041,3.133130316551408,16.16895683736409,169.1862091245927,161.7835753194176,182.9289186550804,MBA,2026-06-05,0
602,Marianna,110.444,8.65,,2461200.5,.2519111193104534,3.079941850830811,15.11636462638957,331.387960141846,45.54288758874593,171.6873356688123,MBA,2026-06-05,0
604,Tekmessa,64.536,9.58,,2461200.5,.1917015675223731,3.156347246327039,4.415316747489767,11.80377796374276,28.8830612563885,265.610131416953,MBA,2026-06-05,0
605,Juvisia,69.86,10.05,,2461200.5,.1358031391191701,3.00104992603131,19.63541766400418,342.620805768545,15.64205525575593,54.65322408913904,MBA,2026-06-05,0
606,Brangane,35.758,10.38,,2461200.5,.2205705554440698,2.587041222589031,8.597925116323607,318.4098456782418,58.18377943004801,267.5734248299782,MBA,2026-06-05,0
607,Jenny,67.520,9.97,,2461200.5,.07793020655654319,2.852390732564448,10.0919146692917,284.9789531627009,292.2546427519482,90.94336885869726,MBA,2026-06-05,0
608,Adolfine,20.365,10.84,,2461200.5,.1233577553648767,3.0234295990479,9.367901531221928,293.7172477139153,69.77206307513653,276.684647052988,MBA,2026-06-05,0
609,Fulvia,54.17,10.41,,2461200.5,.03827029214087833,3.085286895809365,4.188217181608494,165.158669050009,107.3147292201726,115.0614346152823,MBA,2026-09-01,0
610,Valeska,19.153,12.52,,2461200.5,.2516286105343765,3.093772728330742,12.59935722173931,20.04449889012861,1.865307001241727,27.25174178380311,MBA,2026-06-05,0
611,Valeria,57.468,9.47,,2461200.5,.1249801565312588,2.978489144788751,13.44774094183956,189.2954633279941,256.2984827199558,42.88488874390686,MBA,2026-06-05,0
612,Veronika,38.767,10.87,,2461200.5,.2624623874247415,3.152169078681879,20.92803126042967,202.452042489073,123.0738797849932,175.4675056911942,MBA,2026-06-05,0
613,Ginevra,81.344,9.85,,2461200.5,.05628323686097432,2.920010802757051,7.670044220245725,354.4902836662204,67.07275936515019,320.8640020748709,MBA,2026-03-11,0
614,Pia,29.191,11.03,,2461200.5,.1085379702916997,2.693512204454141,7.020509749577772,217.0360751740567,210.4658686271036,347.9416969386656,MBA,2026-06-05,0
615,Roswitha,48.626,10.48,,2461200.5,.1105590781286426,2.63085090479399,2.76264921323807,13.38551883023891,246.3269073272205,129.8996664105873,MBA,2026-06-05,0
616,Elly,21.170,10.60,,2461200.5,.06088988877591891,2.553000593149149,14.96200935819241,355.9073839115149,108.3505588196278,47.61174888275509,MBA,2026-06-05,0
617,Patroclus,140.362,8.22,,2461200.5,.1391467916238868,5.205975173988769,22.06359071054631,44.34968792774898,308.8377281363527,58.67543160284279,TJN,2026-09-09,0
618,Elfriede,131.292,8.54,,2461200.5,.06819542806137989,3.190028760500638,17.05567145617722,110.8100010710595,230.1203449362454,42.49504976024382,MBA,2026-06-05,0
619,Triberga,29.051,9.87,,2461200.5,.07434038137995891,2.520030130877538,13.80634391548523,187.4305488668844,177.4289734617034,356.6905007085255,MBA,2026-03-11,0
621,Werdandi,29.726,11.13,,2461200.5,.136605597195094,3.126542879945234,2.297157739559999,66.63795466785314,37.12919518870488,216.010286004146,MBA,2026-06-05,0
622,Esther,21.874,10.33,,2461200.5,.2429244866919247,2.414730370996899,8.635673658021428,141.8783372409116,257.0321946327986,319.0831132867029,MBA,2026-06-05,0
623,Chimaera,44.09,10.85,,2461200.5,.1119428232202844,2.461952529337928,14.12642922859858,308.2767080472173,125.0903971608716,24.21728664525329,MBA,2026-06-05,0
624,Hektor,225,7.32,,2461200.5,.02434489234275647,5.276986092673823,18.14715224028094,342.8018513679027,181.288859678094,24.91385327109803,TJN,2026-06-05,0
625,Xenia,28.287,9.97,,2461200.5,.2269671542258411,2.645502595522767,12.07687729023669,127.5081043871723,200.5194553891493,78.79686502207129,MBA,2026-06-05,0
626,Notburga,73.236,9.22,,2461200.5,.24184046440614,2.574902815198687,25.37533955558528,341.5544661676596,43.71520887793297,56.28392372316655,MBA,2026-06-05,0
627,Charis,38.018,9.86,,2461200.5,.0627782136408733,2.898482568441885,6.481361629350247,142.2233183460774,178.7991352946181,235.3637043992917,MBA,2026-06-05,0
628,Christine,48.239,9.23,,2461200.5,.04249015345062628,2.581231705994729,11.52390948895459,112.0753627530847,204.9974399571037,102.9414538851126,MBA,2026-06-05,0
629,Bernardina,35.087,10.06,,2461200.5,.1607663644638258,3.131515800388738,9.23459285790436,86.32101902910109,38.56969958244716,208.1370403234899,MBA,2025-11-19,0
630,Euphemia,15.542,11.20,,2461200.5,.111882520697167,2.623554075278467,13.87061971129694,105.3368608067203,38.91056073795058,29.64739410829694,MBA,2026-06-05,0
631,Philippina,50.491,8.62,,2461200.5,.08519022526639022,2.791361383963833,18.9022350021261,224.5192648867956,279.4813056718463,256.3844330684375,MBA,2026-06-05,0
633,Zelima,33.387,9.98,,2461200.5,.08723714295453869,3.019172440695985,10.9311953020178,147.0526131189827,192.2006821565095,167.37185204503,MBA,2026-06-05,0
634,Ute,74.017,9.90,,2461200.5,.1803153668048532,3.048908203139657,12.29119095307475,133.1685536705213,221.0508238926407,42.43331016527668,MBA,2026-06-05,0
635,Vundtia,94.415,9.29,,2461200.5,.07842782715449612,3.140529172718783,11.00896455788772,182.8344807277569,229.1345450956712,352.2748595801895,MBA,2026-06-05,0
636,Erika,73.147,9.70,,2461200.5,.1727151426791284,2.911615379508049,7.913898143507269,34.26733579936685,299.5915971250537,174.5392115254578,MBA,2026-06-05,0
637,Chrysothemis,24.194,11.55,,2461200.5,.1183561705023114,3.178119337784449,.2375187840513598,351.2330078755511,181.1813752766144,62.50680081398443,MBA,2026-06-05,0
638,Moira,59.594,10.09,,2461200.5,.1623977826519078,2.732971385062458,7.708599600517573,103.0871970132232,128.3879802464494,119.6578809321461,MBA,2026-06-05,0
639,Latona,78.509,8.32,,2461200.5,.1107642089694546,3.013310033865598,8.574286414583916,279.6606269100557,69.73187036245892,212.1635560038413,MBA,2026-06-05,0
640,Brambilla,62.667,9.32,,2461200.5,.07839270715212308,3.159501931036023,13.3718390239972,234.8498010545651,28.45876074919177,110.3192696658718,MBA,2026-06-05,0
642,Clara,33.36,10.10,,2461200.5,.1288879370832159,3.186415983550761,8.167270926838935,5.232792485030601,121.1991726551437,207.4463776986607,MBA,2025-11-19,0
643,Scheherezade,64.997,9.87,,2461200.5,.05643298782853935,3.366073789912219,13.74361685086469,252.05448365,224.4514455867839,24.53545794312448,OMB,2026-06-05,0
644,Cosima,17.016,10.76,,2461200.5,.1549949161362017,2.599405335173408,1.041490694384219,109.987188234737,269.0850063265866,123.4803331986234,MBA,2026-06-05,0
645,Agrippina,28.916,9.98,,2461200.5,.1389412513430141,3.215964961886728,7.066623932503114,359.1978365520645,89.21713378271126,213.2028443862585,OMB,2026-06-05,0
648,Pippa,68.27,9.57,,2461200.5,.2030889016670104,3.195863358920558,9.875816560381132,290.7693093481967,181.0320762575258,224.2422813252927,MBA,2026-06-05,0
650,Amalasuntha,18.609,12.64,,2461200.5,.1840549317669745,2.458449994414711,2.564555982025552,215.486475975808,178.7550527348972,284.8747884159345,MBA,2026-06-05,0
651,Antikleia,31.895,10.13,,2461200.5,.1002758749082459,3.022440304794034,10.76287994904665,37.94737694311959,352.276122145957,210.6324249636707,MBA,2026-06-05,0
652,Jubilatrix,15.595,11.00,,2461200.5,.1257360961133801,2.555213812978145,15.73369466783551,86.13133600841208,276.8208475776775,52.86962988510096,MBA,2026-06-05,0
653,Berenike,49.793,9.35,,2461200.5,.04525206304258365,3.014397994949146,11.28729201639173,132.74086672,61.38174845505689,108.1584097584924,MBA,2026-06-05,0
654,Zelinda,160.736,8.60,,2461200.5,.231690979191226,2.297318136245867,18.09652749059077,278.3249488661814,214.5263147314231,350.4196616176198,MBA,2026-06-05,0
655,Briseis,29.057,10.00,,2461200.5,.0836033184668768,2.989497901718023,6.51339872736247,129.8232722361481,282.3523285662482,330.5718430291693,MBA,2026-06-05,0
656,Beagle,62.604,10.04,,2461200.5,.1294105302703339,3.153618247616297,.5185086780320326,184.1201609086191,329.2633795929576,11.48555515039185,MBA,2026-06-05,0
657,Gunlod,39.401,11.32,,2461200.5,.1122810108080009,2.61216178002017,10.24055128523596,297.5032931798928,243.9417201250708,329.2487993785975,MBA,2026-06-05,0
658,Asteria,21.894,10.47,,2461200.5,.06151620200566648,2.855184029273715,1.501338507169635,350.924897696561,59.14698007728631,257.3885456726076,MBA,2026-06-05,0
659,Nestor,112.320,8.69,,2461200.5,.1159332634690601,5.169092872069877,4.522353053079088,350.7560288656923,343.523555862412,199.7452585251601,TJN,2026-06-05,0
660,Crescentia,42.302,9.19,,2461200.5,.1089079437800335,2.533232880233619,15.19483619243577,156.7561433206235,107.154117003135,344.2916320388503,MBA,2026-06-05,0
661,Cloelia,40.081,9.73,,2461200.5,.03916402249857664,3.014863062904487,9.247560678937464,335.5624280131134,183.5776508985358,203.7231015620743,MBA,2026-06-05,0
662,Newtonia,22.127,10.41,,2461200.5,.2188770046182115,2.551298801242705,4.128664614714426,133.5335791650383,166.0817013350447,273.8768142969786,MBA,2026-06-05,0
663,Gerlinde,107.795,9.15,,2461200.5,.1476596754537551,3.064340045300627,17.92345152668062,232.2958693292788,314.6801304204203,72.59240496759669,MBA,2026-06-05,0
664,Judith,85.214,9.93,,2461200.5,.2418872570626865,3.177212726060434,8.572150948045326,170.2852284081408,103.1895017604246,289.2403698581601,MBA,2026-06-05,0
665,Sabine,51.09,8.63,,2461200.5,.1723602989556141,3.143890524569746,14.74802494359679,298.3850353069538,317.7802870148236,67.93051428739393,MBA,2025-11-19,0
666,Desdemona,32.741,10.70,,2461200.5,.2363164653380099,2.59434711536947,7.581785927602071,215.2841012936403,174.1664416187959,32.12616507192975,MBA,2026-06-05,0
667,Denise,88.630,9.39,,2461200.5,.1878764453922574,3.187556907992269,25.36941095871949,153.1347491444578,304.9878741812092,111.0831686571799,MBA,2026-06-05,0
668,Dora,21.517,12.12,,2461200.5,.2339736179942833,2.794633046285814,6.840968781859758,214.3662399377012,113.0206502488493,62.74606701460991,MBA,2026-06-05,0
669,Kypria,29.227,10.05,,2461200.5,.07719638327653636,3.013508243235469,10.8014218782175,170.3123216973265,120.2793996181783,230.8386201637439,MBA,2026-06-05,0
670,Ottegebe,35.886,9.46,,2461200.5,.1914139555333392,2.804023445079971,7.538260504318894,174.5561699770542,195.0284307989039,9.876781933699101,MBA,2026-03-11,0
671,Carnegia,60.604,10.32,,2461200.5,.06114173777633413,3.095128240992144,8.006088779241837,.363216055397908,88.21150027708988,144.1687073638742,MBA,2026-06-05,0
672,Astarte,35.584,11.57,,2461200.5,.1366034711609643,2.555255241313911,11.10600224740684,343.7627815611997,308.9852190972819,347.4428945627978,MBA,2026-06-05,0
673,Edda,37.622,10.14,,2461200.5,.008990929743595577,2.81497618440074,2.880728719492359,226.3788392171103,257.3748257020417,209.4185069377083,MBA,2026-03-11,0
674,Rachele,96.171,7.42,,2461200.5,.1929390518540097,2.924691089648669,13.51152197899194,58.06995805583345,41.20065345161053,138.5226615748311,MBA,2026-06-05,0
675,Ludmilla,76,8.11,,2461200.5,.2048416011448134,2.76726705392353,9.810812005638665,262.9879306865828,152.3393975696633,149.2572869193396,MBA,2026-06-05,0
676,Melitta,78.369,9.63,,2461200.5,.1235204379450519,3.066861422617706,12.87333191109458,150.0223856799653,186.6957839174086,149.0846281908107,MBA,2026-06-05,0
677,Aaltje,32.403,9.65,,2461200.5,.04594514880279936,2.956830922099519,8.486124344167864,272.6363833026718,273.9472453909513,330.1960149011092,MBA,2026-06-05,0
678,Fredegundis,39.585,9.34,,2461200.5,.2198745174490685,2.572371038410374,6.097351946106289,281.057906737453,121.0489221166699,212.931302029645,MBA,2026-06-05,0
679,Pax,63.909,9.13,,2461200.5,.3102645092308488,2.585273472047811,24.41746642804581,112.0745827906907,266.9866634978952,165.9499256017922,MBA,2026-06-05,0
680,Genoveva,83.92,9.55,,2461200.5,.2993593044408336,3.133138960197911,17.52348567813693,37.88513585301931,245.4975820771765,300.9519347939001,MBA,2026-06-05,0
681,Gorgo,20.390,10.73,,2461200.5,.09986282841366498,3.107585326057152,12.5724629239776,177.8163059174924,115.5047441415387,75.27246633808065,MBA,2026-06-05,0
683,Lanzia,83.04,8.83,,2461200.5,.05932912847652921,3.113399779430868,18.52821655861347,259.6283987045293,280.1555023006861,207.9037430679957,MBA,2026-06-05,0
684,Hildburg,19.040,10.88,,2461200.5,.03537956928911295,2.431959560745447,5.521259269912547,336.2081593143882,293.8558042864133,331.0989586999781,MBA,2026-06-05,0
686,Gersuind,55.258,9.63,,2461200.5,.2676425447035361,2.589593326953773,15.68875548397837,243.0078363947642,88.96010948363441,7.725758140469789,MBA,2026-03-11,0
687,Tinette,21.533,11.63,,2461200.5,.2712083676715218,2.723537629904331,14.87384728669035,334.2911103520121,52.6727415803709,330.9964229705693,MBA,2025-11-06,0
688,Melanie,41.614,10.96,,2461200.5,.1374080385494748,2.700630057347932,10.24521777346054,170.754175781431,139.6968599990637,149.1494513062118,MBA,2026-06-05,0
689,Zita,15.621,12.25,,2461200.5,.2288460327645072,2.315850170190379,5.741369364234365,168.1092291064097,188.4432091555446,43.67615636488554,MBA,2026-06-05,0
690,Wratislavia,134.65,8.14,,2461200.5,.1757666909270071,3.152238320409291,11.24352526274033,253.0254229527476,114.6206041870397,328.5036905892142,MBA,2026-06-05,0
691,Lehigh,79.451,9.31,,2461200.5,.1256129910423814,3.008093444305555,13.0227312921028,87.921263018388,303.2129638723637,149.8730946656572,MBA,2026-06-05,0
692,Hippodamia,42.771,8.98,,2461200.5,.1703889891758688,3.385603713083327,26.06762831047555,63.44165449323798,53.29955921635717,358.3270230351245,OMB,2026-06-05,0
693,Zerbinetta,82.114,9.51,,2461200.5,.0296992971078205,2.942663291234353,14.19182359908292,351.6926750964054,282.8350281473323,129.40312233612,MBA,2026-06-05,0
694,Ekard,121.891,9.25,,2461200.5,.3228022407896319,2.670432281259536,15.89647840947532,229.9678697227512,111.6695882842361,293.6449808173295,MBA,2026-06-05,0
695,Bella,40.620,9.18,,2461200.5,.1595878994943825,2.540047820802453,13.8459216052098,275.460036926448,79.67625581806355,340.4715058507097,MBA,2026-03-11,0
696,Leonora,81.580,9.48,,2461200.5,.2478489057431542,3.175701209052654,13.01505816832042,299.404949861025,103.5036702569198,216.4700634049403,MBA,2026-06-05,0
697,Galilea,80.14,9.57,,2461200.5,.1531859962455877,2.881876090781305,15.12085394631934,15.39495235292813,333.42298999612,67.85838474654726,MBA,2026-06-05,0
698,Ernestina,27.037,11.01,,2461200.5,.1115294662679444,2.868554099771472,11.5230590948164,40.55027236414034,97.41761212921988,357.8535774492951,MBA,2026-06-05,0
700,Auravictrix,16.421,11.16,,2461200.5,.1035848347161648,2.229392867964127,6.787723262471945,96.77974582379125,101.5559121335212,348.5460275136292,MBA,2026-06-05,0
701,Oriola,42.943,9.29,,2461200.5,.03812087904163857,3.013719415904861,7.130694268585834,243.5229050475741,324.2323711596869,133.8802573444543,MBA,2025-11-19,0
702,Alauda,190.980,7.47,,2461200.5,.01530795899426125,3.192259279464972,20.60267147332669,289.7115663410622,352.2061045787191,141.4938414059353,MBA,2026-06-05,0
704,Interamnia,306.313,6.34,-0.02,2461200.5,.1550586536072489,3.056811711282865,17.31528178196839,280.1672242333686,94.06172596616008,221.144848377515,MBA,2026-06-05,0
705,Erminia,132.261,8.47,,2461200.5,.05207890374769261,2.922324299452651,25.01972661335919,2.757846735721993,102.5330467876028,337.5937492468153,MBA,2026-06-05,0
706,Hirundo,30.819,11.11,,2461200.5,.1955542889811638,2.727430041584059,14.43109037718892,325.2631677638086,30.83834642513132,246.0875633002116,MBA,2026-06-05,0
708,Raphaela,21.43,10.54,,2461200.5,.08602610587161695,2.670615427966039,3.478393646583764,355.0399148525577,200.2015217531525,98.93501540281632,MBA,2026-06-05,0
709,Fringilla,95.173,9.16,,2461200.5,.1159916251968116,2.912343783671757,16.28025431918925,324.1958229115366,19.31170990400216,207.7402893252961,MBA,2026-06-05,0
710,Gertrud,29.208,11.13,,2461200.5,.1296386265264353,3.134044704209607,1.751883477446313,140.1166468500001,99.36861031534031,223.867509528166,MBA,2026-06-05,0
712,Boliviana,124.125,8.58,0.03,2461200.5,.1849231882931238,2.575819495341015,12.75601470636668,230.67648896708,181.7562497242706,357.2393948686921,MBA,2026-06-05,0
713,Luscinia,97.968,9.08,,2461200.5,.1540996109064446,3.40248497936392,10.34005546846763,217.4367567515352,138.650988093787,338.186162156771,OMB,2025-11-06,0
714,Ulula,41.343,9.03,,2461200.5,.05587194177088273,2.534769658546589,14.27285565634815,233.6743559633209,233.7670088623095,285.7650322280547,MBA,2026-06-05,0
715,Transvaalia,25.458,10.04,,2461200.5,.08579341573733262,2.766595843885077,13.81729659624188,46.02623541401072,300.1633188841533,242.4792226618032,MBA,2026-06-05,0
716,Berkeley,19.768,10.89,,2461200.5,.08674074784812051,2.812143617313523,8.48836015687537,145.8691119210557,55.5849592374451,237.1755863326624,MBA,2026-06-05,0
717,Wisibada,27.656,10.90,,2461200.5,.2651274246131239,3.133739502871623,1.645768441204905,343.3785272284238,24.15349042352814,181.6060977748342,MBA,2026-06-05,0
718,Erida,70.911,9.70,,2461200.5,.1915989884695508,3.067641042126486,6.889091018237822,38.23366750756315,174.9855623232479,307.7890273859496,MBA,2026-06-05,0
720,Bohlinia,33.73,9.69,,2461200.5,.01762190399473825,2.888419791094555,2.349683575444044,35.52959069565846,101.5756937555625,10.62081873683577,MBA,2026-06-05,0
721,Tabora,86.309,9.40,,2461200.5,.1179132413002707,3.547646094678133,8.323906911891772,38.35456694325517,353.3456577371131,28.64349689857614,OMB,2026-06-05,0
723,Hammonia,23.456,10.15,,2461200.5,.05668681345609337,2.993331190815916,4.991286813441018,163.1431839195552,251.8163742905283,30.72397852262518,MBA,2026-06-05,0
725,Amanda,23.687,11.78,,2461200.5,.2212423579780165,2.572978989351409,3.790386505082504,68.65149805877979,323.1352796087298,280.4396539804934,MBA,2026-06-05,0
726,Joella,44.02,10.60,,2461200.5,.2846042757689404,2.566106082158308,15.4378345732784,241.9347864588883,113.1429985573214,346.8839115405739,MBA,2025-10-31,0
727,Nipponia,32.17,9.62,,2461200.5,.103549862803183,2.566833894466938,15.05822599166947,133.0178437393973,274.8359184739385,353.5628050994309,MBA,2026-03-11,0
729,Watsonia,50.025,9.55,,2461200.5,.09516765121444416,2.762370726566335,18.05637890605787,124.2889268357403,86.63620738800459,278.8064210970159,MBA,2026-06-05,0
731,Sorga,34.597,9.72,,2461200.5,.1434254935323646,2.984889923894156,10.69671619071553,46.08100827425935,287.5573451156428,262.2882517700223,MBA,2026-06-05,0
732,Tjilaki,29.791,10.65,,2461200.5,.0447275969208556,2.455908135598735,11.00365334566189,173.2847902770256,62.84141668598857,205.191498316602,MBA,2026-06-05,0
733,Mocia,98.493,9.31,,2461200.5,.05882996120660492,3.395702302290122,20.29375868590943,340.9539458357428,187.9951226338143,266.9610751194024,OMB,2026-06-05,0
734,Benda,67.318,9.95,,2461200.5,.1024588267093346,3.146107992498111,5.805429313377281,2.923476050840327,64.63938913609087,82.03995725066463,MBA,2026-06-05,0
735,Marghanna,67.976,9.87,,2461200.5,.321186063929469,2.732029611910543,16.85378965140704,42.81960315326169,310.1967803957241,106.8685743105151,MBA,2026-06-05,0
736,Harvard,17.111,11.39,,2461200.5,.1657568488949154,2.201941576827441,4.377498957390211,135.8582228789366,200.499602844355,332.375332103303,MBA,2026-06-05,0
737,Arequipa,47.804,8.90,,2461200.5,.244036550496252,2.593804396652819,12.37031072306636,184.4386508217112,134.80757478,155.4185071337858,MBA,2026-06-05,0
738,Alagasta,62.79,10.01,,2461200.5,.05653041252773154,3.03594402276949,3.531043954470216,131.9214926277003,50.68071254106255,87.90351218268343,MBA,2026-06-05,0
739,Mandeville,104.517,8.85,,2461200.5,.1418281534700273,2.738748975777659,20.67356640875336,136.4776296567365,44.4176447097331,341.1879816755687,MBA,2026-06-05,0
740,Cantabia,90.90,9.15,,2461200.5,.1047791401389354,3.055917874055715,10.82104842646773,115.4756806294824,52.31894957698972,74.24454328510751,MBA,2026-06-05,0
741,Botolphia,29.64,10.05,,2461200.5,.06665382353855809,2.720393041376655,8.421951889886135,100.5477757069308,62.80645338016466,79.49955651466149,MBA,2026-06-05,0
742,Edisona,47.087,9.60,,2461200.5,.1140674386576217,3.013036824447949,11.20152509472692,64.12350028482379,283.9028048494139,24.0896387586935,MBA,2026-06-05,0
743,Eugenisis,51.072,10.27,,2461200.5,.05895509181425009,2.792873661347929,4.839995916042386,228.897670782638,183.7020718088666,191.8724996873836,MBA,2026-06-05,0
744,Aguntina,58.636,10.36,,2461200.5,.1111679762287662,3.177081365544659,7.723214100630254,142.341639712173,27.89536334485188,355.7868753711949,MBA,2026-06-05,0
745,Mauritia,24.711,10.59,,2461200.5,.04365022925742595,3.259804106266525,13.29458756583946,125.4673101642691,38.39159377943544,100.7990635350449,OMB,2026-06-05,0
746,Marlu,74.274,9.94,,2461200.5,.2352319544627344,3.111098961825791,17.47619109414354,1.899764719718049,306.995388665859,95.1635360947965,MBA,2026-06-05,0
747,Winchester,171.71,8.03,,2461200.5,.339786485758306,2.99939343395657,18.22155671494369,129.0485180041735,277.6640532959006,19.4659629515492,MBA,2026-06-05,0
748,Simeisa,103.714,9.08,,2461200.5,.1895914545246799,3.952055678116769,2.258759284961331,265.3823648826842,178.0345242124481,239.7856100267213,OMB,2026-06-05,0
750,Oskar,22.526,12.31,,2461200.5,.1292008296442151,2.443647938527748,3.948141276078217,69.53523489789593,73.55141418372544,280.9461356235558,MBA,2026-09-01,0
751,Faina,113.699,8.93,0.08,2461200.5,.1519563749697427,2.551823930753878,15.58982439606287,78.78980025583333,302.8902089021281,104.8109874928795,MBA,2026-06-05,0
752,Sulamitis,60.171,10.24,,2461200.5,.07286846579651872,2.463259755703418,5.963889968689116,85.04573402771793,23.07056164040949,195.8282203929936,MBA,2026-06-05,0
753,Tiflis,20.922,10.31,,2461200.5,.2196898019376261,2.330499716765777,10.06902227440652,61.24266465026056,203.4238449907783,264.4775973489448,MBA,2026-06-05,0
754,Malabar,94.522,9.29,,2461200.5,.05178403147152297,2.985844183290405,24.54916019552195,179.894983946623,303.3162623660633,292.9153706543301,MBA,2026-06-05,0
755,Quintilla,41.210,9.70,,2461200.5,.1289874077032116,3.191097723807863,3.233327894784589,175.7927132533876,48.65598358233403,310.7518065586687,MBA,2026-06-05,0
756,Lilliana,64.837,9.99,,2461200.5,.1482574856817145,3.195066955089684,20.35505027281022,208.0247737763493,3.798031983499759,183.5346312561576,MBA,2026-06-05,0
757,Portlandia,32.894,10.06,,2461200.5,.1083966932291623,2.373522185255149,8.170741975360141,22.41031838397355,44.38076066122402,23.83729329997528,MBA,2026-06-05,0
758,Mancunia,88.985,8.36,,2461200.5,.1479753439009842,3.191630085530075,5.608754799088107,106.0134879791984,313.2559885187454,165.5433282072016,MBA,2026-06-05,0
759,Vinifera,52.926,10.82,,2461200.5,.2074433526662083,2.616414822500427,19.93809338182922,318.2147572656407,1.414799697105539,230.7074362827938,MBA,2026-06-05,0
760,Massinga,71.29,7.87,,2461200.5,.2347401636473913,3.146691018540333,12.54275446630587,331.5276105470697,200.2646210723601,205.3712984593882,MBA,2026-06-05,0
761,Brendelia,20.763,10.83,,2461200.5,.06139503946320368,2.864395526780762,2.154266228186151,23.68360975618825,299.2161409483977,126.2321631201168,MBA,2026-06-05,0
762,Pulcova,147.343,8.43,,2461200.5,.107985277024856,3.151737247182389,13.10212868897361,305.5131865272776,188.8196143941719,262.8837752170704,MBA,2026-06-05,0
764,Gedania,58.28,9.67,,2461200.5,.09218438659907709,3.195732875583404,9.998826139257343,258.739221967667,159.3620614500886,259.6263491429314,MBA,2026-06-05,0
766,Moguntia,41.044,9.85,,2461200.5,.0966228896352458,3.018654626870431,10.07705133489568,7.687926227498662,69.03299479048833,113.601068693933,MBA,2026-06-05,0
767,Bondia,43.039,10.17,,2461200.5,.1874981858733476,3.115825043394128,2.409034702670892,79.24881709881738,268.9386534197506,170.4924553948439,MBA,2026-06-05,0
768,Struveana,32.597,10.22,,2461200.5,.2152832369266604,3.137115513865962,16.27041883964875,38.81252567663167,16.80913615914028,57.69661099949659,MBA,2026-06-05,0
769,Tatjana,96.720,9.16,,2461200.5,.1865676829608234,3.169675269852662,7.367874610860795,38.3695452794657,252.8762108881046,1.26449443930242,MBA,2026-06-05,0
770,Bali,16.388,10.93,,2461200.5,.1505323952173316,2.220783274865238,4.383688945222982,44.64994722938795,18.21637586612853,351.7711273176809,MBA,2026-03-11,0
771,Libera,29.322,10.46,,2461200.5,.2480331699645378,2.651482561668263,14.89209469891927,217.8385755423674,228.7383815251401,8.309315430991724,MBA,2026-06-05,0
772,Tanete,126.473,8.45,,2461200.5,.09541523133557309,2.999546827903105,28.83270065387908,63.7073817380515,145.4202351800872,127.4014306669251,MBA,2026-06-05,0
773,Irmintraud,91.672,9.14,,2461200.5,.07979233505692016,2.857824395560537,16.69903989331623,322.0932493737412,335.4058059001583,230.8016748354455,MBA,2026-06-05,0
774,Armor,50.214,9.04,,2461200.5,.1635814726129885,3.055183541804842,5.554008696358103,250.0379107671444,29.27752313143947,186.3563464923929,MBA,2026-06-05,0
775,Lumiere,31.958,10.29,,2461200.5,.06638179579458922,3.01433023839916,9.256612887393526,297.5008912881931,171.7753717029387,188.9705743840466,MBA,2026-06-05,0
776,Berbericia,151.711,7.71,0.34,2461200.5,.1650360640891918,2.930752843424137,18.24593804784807,79.64685256172783,306.1834716113766,224.0150690484719,MBA,2026-06-05,0
777,Gutemberga,71.749,9.77,,2461200.5,.1172336830711924,3.217795264453692,12.90560044322349,282.961861508877,265.0885916904575,93.92240984056085,OMB,2026-06-05,0
778,Theobalda,55.317,9.88,,2461200.5,.2568488514835081,3.177750694611412,13.71777866063909,321.1877715359459,135.2312581099784,288.8257544397393,MBA,2026-03-11,0
779,Nina,80.572,7.96,,2461200.5,.2262157938766819,2.664917736230174,14.5735958352346,283.6986524311098,49.146924537,80.00443873803702,MBA,2026-06-05,0
780,Armenia,126.263,8.99,,2461200.5,.09564783262235035,3.115105055387113,19.07614115904946,144.7721709000164,211.5415630352004,275.0467509666764,MBA,2026-06-05,0
781,Kartvelia,72.927,9.48,,2461200.5,.1199770881187249,3.215334193420322,19.14157056209687,137.9831759196672,154.0510321022564,319.4142331721754,OMB,2026-06-05,0
783,Nora,38.719,11.11,,2461200.5,.2309810718475577,2.341874044927658,9.342231692454853,142.0105815470221,154.662823082157,21.88727679548378,MBA,2026-03-11,0
784,Pickeringia,75.596,9.30,,2461200.5,.2409891894748216,3.097379147461103,12.2815902606326,14.88915454197438,237.7279311854927,135.2961233794825,MBA,2026-06-05,0
785,Zwetana,49.460,9.45,,2461200.5,.2071333655103601,2.571649140997823,12.78556954195219,71.74124937691269,132.4862342392236,48.3240540111842,MBA,2026-06-05,0
786,Bredichina,108.309,8.87,,2461200.5,.1514995062722691,3.189245744930196,14.50301343333022,89.61378973614474,134.516675486509,288.8553321341284,MBA,2026-06-05,0
787,Moskva,27.927,9.63,,2461200.5,.128807994933272,2.541058965956463,14.85287564177021,183.7074341593053,126.5175984518923,175.2632848556885,MBA,2026-06-05,0
788,Hohensteina,111.295,8.78,,2461200.5,.1364666214924302,3.123209798124678,14.35717735055922,177.6640094837151,47.36440865794065,96.36514200662566,MBA,2026-06-05,0
789,Lena,22.483,11.34,,2461200.5,.1464972193196262,2.685906175713576,10.77505088492776,232.5557660427017,43.40174034733246,152.0677909837761,MBA,2026-06-05,0
790,Pretoria,170.37,8.03,,2461200.5,.1564468044462535,3.401044973028204,20.56580527879378,251.7984684918095,37.47451863225345,292.6712016529564,OMB,2026-06-05,0
791,Ani,116.865,9.32,,2461200.5,.1916219215512901,3.123372269170753,16.37657827376231,129.7791313892066,201.8371890967807,65.31491382716224,MBA,2026-06-05,0
792,Metcalfia,61.804,10.15,,2461200.5,.130608848969521,2.62230497661888,8.627606735650039,265.0305134396718,226.6465801469406,71.62088608554772,MBA,2026-06-05,0
793,Arizona,26.636,10.20,,2461200.5,.1228691742500601,2.795832547379679,15.77723320697653,35.94063856474009,308.4314900036629,47.98059185388823,MBA,2026-06-05,0
794,Irenaea,35.703,11.41,,2461200.5,.2948234389283799,3.131382566806414,5.418033147932658,160.3857219143687,131.1812172259053,62.7404573777657,MBA,2026-06-05,0
795,Fini,85.263,10.06,,2461200.5,.09940737473426563,2.750608410928429,19.02980061074773,17.2185341683681,190.1393322479321,322.2728268252415,MBA,2026-06-05,0
796,Sarita,43.580,9.31,,2461200.5,.3193289375880308,2.636026467880916,19.04440311321409,33.13036036518118,329.6556757355219,50.51426580635651,MBA,2026-06-05,0
797,Montana,21.197,10.40,,2461200.5,.06075541816001252,2.535282728240509,4.518404893230626,238.2475092654055,357.487423984309,25.72820641969235,MBA,2026-06-05,0
798,Ruth,43.19,9.72,,2461200.5,.03582183170396049,3.014909979454114,9.219668519675091,214.0388665025082,53.39337250054239,273.1250413430721,MBA,2026-06-05,0
799,Gudula,47.185,10.25,,2461200.5,.02115584544150833,2.541887862680092,5.282241902571936,164.8159915799479,233.3560648734155,292.5406847631171,MBA,2025-11-06,0
800,Kressmannia,15.429,11.33,,2461200.5,.2025082917750786,2.19244063441531,4.264426255619813,325.0494246303954,347.6446697760566,328.8151782175175,MBA,2026-06-05,0
801,Helwerthia,32.404,11.57,,2461200.5,.07690175139668888,2.604926536872107,14.14152782215135,185.8863957171531,337.4937619973439,169.0982018831742,MBA,2025-11-06,0
803,Picka,46.50,9.50,,2461200.5,.06282425174858651,3.199829266092909,8.657848764565946,250.7931109186412,56.2277920652562,.4355569413843314,MBA,2026-06-05,0
804,Hispania,137.952,7.98,0.18,2461200.5,.1415578776182301,2.8376031031082,15.38610275605695,347.5368147990517,343.7698703542541,300.6955742196147,MBA,2026-06-05,0
805,Hormuthia,73.095,9.84,,2461200.5,.1853928810954878,3.196238032112232,15.72600837736359,166.3283111127158,131.5816647727797,34.94524075429401,MBA,2026-06-05,0
806,Gyldenia,83.103,10.33,,2461200.5,.08204960980112032,3.206890058944451,14.2137366613509,43.59557327891446,121.8119118178771,141.67479102525,OMB,2026-06-05,0
807,Ceraskia,21.241,10.62,,2461200.5,.05935907482571109,3.020194556278631,11.29349141206055,131.9552615883333,338.2534771390553,143.7101040712537,MBA,2026-06-05,0
808,Merxia,30.923,9.97,,2461200.5,.1300437332456953,2.743946445770275,4.723345238506452,180.9057817821625,273.9456489077202,71.64401113198748,MBA,2026-06-05,0
811,Nauheima,16.105,10.80,,2461200.5,.07185052093783949,2.899593103296811,3.143966382513336,130.6962140978047,181.9769156289361,191.4663115931149,MBA,2026-06-05,0
814,Tauris,102.229,8.73,,2461200.5,.3042663809382083,3.161992364364467,21.79009362788222,88.71192288052589,296.4316780366674,273.4430962856256,MBA,2026-06-05,0
815,Coppelia,16.869,10.87,,2461200.5,.07298819230493479,2.659600087050389,13.87661208311176,56.96038951183458,58.56442310168686,174.0371082294819,MBA,2026-06-05,0
816,Juliana,50.745,10.47,,2461200.5,.1035389870662931,3.005551917511655,14.32438761680701,127.5573686875718,21.04095132729085,65.66084169218703,MBA,2026-06-05,0
817,Annika,22.891,10.66,,2461200.5,.1802696664919289,2.589973000032739,11.33550402427926,125.4106433712797,284.8394722102794,221.8701673517958,MBA,2026-06-05,0
818,Kapteynia,64.255,9.24,,2461200.5,.08934687032549411,3.173594849172996,15.6283641062417,70.66101138668154,291.7363172594021,308.1176300853708,MBA,2026-06-05,0
820,Adriana,58.65,10.37,,2461200.5,.05470476626720435,3.130849481793113,5.95134910750733,118.2659273300363,199.5537361405449,198.4177510179535,MBA,2026-06-05,0
821,Fanny,28.856,11.87,,2461200.5,.2077386173549906,2.779021444056841,5.383886065731907,209.4930345770659,33.21655758164686,259.584550794544,MBA,2026-06-05,0
824,Anastasia,32.457,10.23,,2461200.5,.1361680702067538,2.792610031812683,8.130962530548256,141.3363566796295,141.1399710098053,126.2806848991788,MBA,2026-06-05,0
826,Henrika,22.556,11.74,,2461200.5,.203958443155021,2.713876991437007,7.099810811453445,230.177407818385,36.58670871204487,177.4745073080857,MBA,2026-06-05,0
828,Lindemannia,47.891,10.34,,2461200.5,.02590089710643958,3.192233012862693,1.124519668641788,1.751869884055392,298.4338354964466,150.4674657166136,MBA,2026-06-05,0
829,Academia,42.685,11.17,,2461200.5,.1001743778977882,2.579225491577718,8.28178360130763,352.2419964834766,42.28785577045232,128.5062236495338,MBA,2026-06-05,0
830,Petropolitana,41.328,9.26,,2461200.5,.06618781012320475,3.209198765402499,3.802256689849006,340.2349386551407,92.10296123095563,313.0725794762759,OMB,2026-06-05,0
832,Karin,15.812,11.20,,2461200.5,.08279530313518431,2.862930685925987,1.009550051464765,253.6970355613895,120.3745881212147,214.4062575574032,MBA,2026-06-05,0
833,Monica,21.990,11.34,,2461200.5,.1163039282496446,3.011599555469832,9.784682508361897,352.7976443965614,37.4489382517797,339.343194769044,MBA,2026-06-05,0
834,Burnhamia,61.278,9.42,,2461200.5,.1968062801045172,3.201951153962282,3.979850578024214,180.9706738550038,96.27765433330306,224.3895605042317,OMB,2026-06-05,0
835,Olivia,30.418,11.54,,2461200.5,.0873191030600383,3.218733301861269,3.698920817010036,308.4327723895268,68.15639455763598,15.88368086411663,OMB,2026-09-01,0
838,Seraphina,58.095,10.26,,2461200.5,.1310573954341748,2.901304671850573,10.41567398729323,239.9937869134394,118.2169233109882,93.3074067038465,MBA,2026-06-05,0
839,Valborg,20.39,10.73,,2461200.5,.1523708781475056,2.614774415966067,12.60038739448255,338.1508044282072,339.1945620704998,22.60174064438329,MBA,2026-03-11,0
840,Zenobia,27.306,10.06,,2461200.5,.1033396809235606,3.129651401736493,9.977171766441984,272.5482584375666,8.190006901173126,356.1416446955882,MBA,2026-06-05,0
842,Kerstin,43.576,10.63,,2461200.5,.1153588945523882,3.239345878779977,14.49229520418126,5.362677674919252,353.2206293878025,1.625135491566618,OMB,2026-03-11,0
844,Leontina,42.154,9.79,,2461200.5,.0691916513994859,3.205314327524234,8.777463489750732,348.6022408124178,355.6689116451803,108.0375385576737,OMB,2026-06-05,0
845,Naema,52.677,10.11,,2461200.5,.0684574439200524,2.939652411024367,12.61185699915502,42.98477811595871,292.2059633103125,338.5937896749124,MBA,2026-06-05,0
846,Lipperta,52.41,10.36,,2461200.5,.1747156645049664,3.134107752185406,.2648037713363979,260.475386468264,130.6295780141479,307.0902537766061,MBA,2026-09-01,0
847,Agnia,24.931,10.09,,2461200.5,.0940003162837826,2.783386197474466,2.481143511031835,270.689155458587,128.7162400721624,254.4036727998624,MBA,2026-06-05,0
848,Inna,33.027,11.31,,2461200.5,.1617000399605427,3.111129125255645,1.054384228002866,207.7277522369946,126.0826284941519,90.99772678019953,MBA,2026-06-05,0
849,Ara,80.756,8.13,,2461200.5,.2009581291476411,3.146693684633217,19.53344684187084,228.2721416155096,62.55516750650207,352.845526383382,MBA,2026-06-05,0
850,Altona,80.90,9.69,,2461200.5,.1303223882372033,2.99750331950651,15.52969770574568,120.932569251102,134.4295774031897,16.86518962729589,MBA,2026-06-05,0
852,Wladilena,26.541,10.02,,2461200.5,.2744909601147805,2.361983787844124,23.01877095982164,27.26387506373241,282.1467497408228,45.01224399581179,MBA,2025-10-29,0
853,Nansenia,27.593,11.62,,2461200.5,.106540591416272,2.312370288336027,9.211332059266452,182.7792840145962,60.54636390571274,85.15888462398848,MBA,2026-03-11,0
856,Backlunda,45.449,10.90,,2461200.5,.1175476679081499,2.435474474591274,14.33520578255723,125.4850038451398,72.5558945124847,348.7305600971289,MBA,2026-06-05,0
858,El Djezair,22.519,10.40,,2461200.5,.1036272921567028,2.809829312768259,8.867260855031867,67.09806637743561,177.6015889670267,136.730491700555,MBA,2026-06-05,0
859,Bouzareah,65.417,9.74,,2461200.5,.1101483006296469,3.224046781921978,13.50300339734023,35.63866150427659,22.54566349529935,329.3337777415831,OMB,2026-03-11,0
860,Ursina,34.561,10.02,,2461200.5,.1086314930641186,2.79565320663994,13.29573754103775,309.2055855074782,20.9165267503763,287.3114295287331,MBA,2026-06-05,0
861,Aida,66.85,9.78,,2461200.5,.09906901940308911,3.14138288317004,8.056046200753876,114.9260941644092,192.0321972471469,44.11785572102419,MBA,2026-06-05,0
862,Franzia,27.033,9.90,,2461200.5,.08274357028053711,2.802379127783116,13.89682305067055,299.8933991791233,119.3200190813266,157.6685766919526,MBA,2026-06-05,0
863,Benkoela,38.724,9.09,,2461200.5,.02444602518668095,3.200732346935186,25.47139533782617,116.7502779233478,104.3523930117804,303.5445459166447,OMB,2026-06-05,0
865,Zubaida,17.77,11.66,,2461200.5,.1956030460078685,2.415830344979829,13.35705209413912,176.8493606338521,302.0490948022705,49.15250040766362,MBA,2026-06-05,0
866,Fatme,78.061,9.68,,2461200.5,.05174604513781895,3.123599455072847,8.660939365311435,91.03070598628059,265.1875465536511,65.02429114785386,MBA,2026-06-05,0
867,Kovacia,24.113,11.53,,2461200.5,.1205441564226424,3.071726781036821,5.982682828653342,46.30469709942405,72.9083377235564,153.8440908773345,MBA,2026-06-05,0
868,Lova,50.692,10.45,,2461200.5,.1459750905087923,2.703920748247496,5.836966835035494,115.7393544629227,287.1607305320381,351.4252529094388,MBA,2026-03-11,0
869,Mellena,21.193,12.06,,2461200.5,.2166290009470621,2.694844109826092,7.842722030366676,154.7257272172813,107.4080442563134,221.4958484254713,MBA,2026-06-05,0
872,Holda,34.431,10.11,,2461200.5,.08089000179580938,2.731335240899128,7.383861056587949,194.6391986257748,21.02965260847496,70.4171970792075,MBA,2026-06-05,0
873,Mechthild,34.471,11.50,,2461200.5,.1474170011683925,2.628671589242116,5.277387340060882,149.9601323967914,109.6467672574097,197.8699959418263,MBA,2026-06-05,0
874,Rotraut,58.287,10.24,,2461200.5,.08024497926222064,3.151791636166045,11.14293968232683,190.5927268467208,8.161646989739362,200.2958079581921,MBA,2026-06-05,0
876,Scott,22.420,10.94,,2461200.5,.115253813728715,3.007621350967955,11.35436909723226,150.8350552298442,209.8234768048501,232.7637729243742,MBA,2026-06-05,0
877,Walkure,38.41,10.97,,2461200.5,.1592462891728965,2.487796661408586,4.25517060487737,116.3472361839822,276.1076854100355,55.17408350556964,MBA,2026-06-05,0
879,Ricarda,18.312,11.10,,2461200.5,.1545568689035372,2.531717825690948,13.68094941235869,269.7839345105223,96.62527389597636,328.376994835633,MBA,2026-03-11,0
880,Herba,32.329,11.31,,2461200.5,.3220597850746668,3.001200854804619,15.13566178479728,262.5581116446804,100.840629351435,304.8029341785418,MBA,2026-06-05,0
882,Swetlana,42.440,10.71,,2461200.5,.2675274329698817,3.121668091842513,6.132334010106097,256.2437264210296,126.1026324033186,185.138480873751,MBA,2026-06-05,0
884,Priamus,101.093,8.65,,2461200.5,.1231798271344591,5.210732182866172,8.896246808778946,301.4342252300135,337.4466290228653,146.3205915777584,TJN,2026-06-05,0
885,Ulrike,30.537,10.71,,2461200.5,.18262652843468,3.098140825736273,3.307097800996013,148.8637300084354,204.0828594022678,355.857936756061,MBA,2026-06-05,0
886,Washingtonia,86.793,9.40,,2461200.5,.2737542494404673,3.166226256205528,16.84290664692941,58.69144720973899,302.359024847001,126.0196702366577,MBA,2026-06-05,0
888,Parysatis,44.749,9.36,,2461200.5,.1952925603692404,2.707520740094944,13.85707228045158,123.8951568430076,297.774871715067,141.204442665296,MBA,2026-06-05,0
889,Erynia,16.682,11.03,,2461200.5,.2036493671707339,2.446162631481062,8.108463464265496,132.4890555802534,278.3947542566451,189.4788110911485,MBA,2026-06-05,0
890,Waltraut,28.376,10.49,,2461200.5,.05952018909669,3.021221312694791,10.87808979557161,160.5109762760495,86.42506519940945,133.8768491151121,MBA,2026-06-05,0
891,Gunhild,55.747,9.97,,2461200.5,.02577888789871933,2.860362691864077,13.5460578890711,105.7873067728116,296.3383306899201,316.6540420004243,MBA,2026-03-11,0
892,Seeligeria,74.481,9.82,,2461200.5,.1060119098243121,3.224286937675402,21.33603034933053,175.864343685289,286.1739601938114,336.9836113296332,OMB,2026-06-05,0
893,Leopoldina,85.992,9.62,,2461200.5,.1453464223650866,3.053373666915925,17.03433112562244,144.8891555722351,222.8103696130825,338.0564959332867,MBA,2026-06-05,0
894,Erda,28.309,9.73,,2461200.5,.110306171023496,3.12459903602108,12.72892231971328,190.17295816,119.2704190216957,180.9794326232653,MBA,2026-06-05,0
895,Helio,109.568,8.28,,2461200.5,.1423496571097941,3.204153396499608,26.08641840055616,264.5430016695293,177.0903903605531,141.3536056614826,OMB,2026-06-05,0
897,Lysistrata,24.337,10.49,,2461200.5,.09348161945421368,2.542380243469023,14.31570789142075,257.9046237977078,25.33779008229656,242.4697632880684,MBA,2026-06-05,0
899,Jokaste,31.018,10.24,,2461200.5,.2011832335701519,2.905756904853968,12.47704129630225,252.3583710166909,127.0695600842181,226.9316422913889,MBA,2026-06-05,0
900,Rosalinde,19.618,11.71,,2461200.5,.1643699839852422,2.472555083393996,11.55755128598229,182.0879199304858,122.5322840898178,270.0713437304444,MBA,2026-06-05,0
903,Nealley,58.065,10.11,,2461200.5,.0500134396769816,3.238530543762039,11.79992869895577,159.0773323367129,231.5576489519282,122.0917229570529,OMB,2026-06-05,0
904,Rockefellia,49.146,10.45,,2461200.5,.08502906545572544,2.994946245458562,15.18092328250052,197.7680718551653,254.5551584972904,233.6405309517205,MBA,2026-06-05,0
906,Repsolda,65.752,9.43,,2461200.5,.08459376023839411,2.89462022124077,11.78182123900577,40.05694393785217,293.1499562465633,2.85459793998847,MBA,2026-03-11,0
907,Rhoda,82.660,9.92,,2461200.5,.1645259966758515,2.79784646081182,19.53507237206658,42.90350562811616,88.57847205422561,286.3770488546556,MBA,2026-06-05,0
908,Buda,30.749,10.70,,2461200.5,.1464178198967653,2.473942954968908,13.41802541331582,85.47268903764497,23.29304839908951,195.1627850726611,MBA,2026-06-05,0
909,Ulla,116.44,8.74,,2461200.5,.09470153011744285,3.541287041852066,18.812836973456,145.9969395348857,229.7592184390819,148.3001725578007,OMB,2026-06-05,0
910,Anneliese,48.590,10.49,,2461200.5,.1565633713551456,2.924405764369693,9.214079932962584,49.78719326757111,207.5169600110409,55.59593609983033,MBA,2026-03-11,0
911,Agamemnon,131.038,7.87,,2461200.5,.06668115700091821,5.286730639077854,21.75360093049699,338.0189068510008,82.39019349038591,118.5508117662875,TJN,2026-06-05,0
912,Maritima,82.675,9.40,,2461200.5,.1796820003645803,3.130147181636987,18.30913243234176,33.40498277599147,91.56970011111585,199.8601344992935,MBA,2026-06-05,0
914,Palisana,76.190,9.07,,2461200.5,.2165104008229608,2.456533678292791,25.21292314959046,255.7383341871387,49.34362059770959,271.7319935639327,MBA,2026-06-05,0
916,America,33.23,11.53,,2461200.5,.2373381815297271,2.364315331693543,11.10142308188999,329.7013880664762,41.71815709211706,141.4333774427117,MBA,2026-06-05,0
917,Lyka,34.878,11.75,,2461200.5,.2000890844734424,2.381197662574053,5.124332270806655,343.3666901333577,359.7361210196798,52.19803871951328,MBA,2026-06-05,0
918,Itha,21.561,10.73,,2461200.5,.1881039646545234,2.865907764126911,12.06720997609882,330.4165179949102,15.22662698407225,.9209458520845236,MBA,2025-11-06,0
919,Ilsebill,33.500,11.63,,2461200.5,.08609432697158134,2.772038612952657,8.159205123087926,229.7117541542541,156.3584603080517,124.2129847099551,MBA,2026-06-05,0
920,Rogeria,26.656,11.35,,2461200.5,.1053583623311,2.621120129292508,11.59613261575083,192.5961488506888,270.6768987501789,311.1977763252251,MBA,2026-06-05,0
921,Jovita,55.312,9.97,,2461200.5,.1864776110735175,3.167311321865736,16.35881394000706,204.7940978862004,69.9104698535342,356.9541458434394,MBA,2026-06-05,0
922,Schlutia,19.228,12.15,,2461200.5,.1924699650811352,2.689351814651916,7.300319404463049,205.0929106167373,126.6827767222934,85.95279029719093,MBA,2026-06-05,0
923,Herluga,34.553,11.55,,2461200.5,.1949604940333898,2.616382482456536,14.46366023979807,197.4115747213071,201.7441844035297,60.4256873081946,MBA,2026-06-05,0
924,Toni,85.49,9.58,,2461200.5,.1531962431251117,2.93995962073726,8.987964063108627,150.1516647626956,220.7421924839919,65.35927377467787,MBA,2026-06-05,0
925,Alphonsina,57.505,8.51,,2461200.5,.08186896464659257,2.700744275387466,21.10370718348411,299.5084572369926,200.9916546088626,331.3117348564607,MBA,2026-06-05,0
926,Imhilde,48.48,10.61,,2461200.5,.1826958098957663,2.980932498072996,16.32485838281915,48.93835667651749,173.2007541756695,159.0828334241924,MBA,2026-06-05,0
927,Ratisbona,75.892,9.35,,2461200.5,.09385754127749948,3.217854727426227,14.63791781199695,7.359406841411295,173.2005195528629,101.5860156000663,OMB,2026-06-05,0
928,Hildrun,62.817,9.96,,2461200.5,.1433648421385398,3.138991601088897,17.65330292840036,129.5803319186584,21.4436983883568,40.05208551538978,MBA,2026-06-05,0
930,Westphalia,34.922,11.33,,2461200.5,.1440245820930282,2.43070125245496,15.3468683637705,340.80532884,330.7847099887759,243.4838471511917,MBA,2026-06-05,0
931,Whittemora,45.298,9.35,,2461200.5,.2340715560847092,3.166855196008464,11.48867520304725,110.9614347590007,315.6832289747377,4.685817884358712,MBA,2026-06-05,0
932,Hooveria,58.978,10.03,,2461200.5,.09108309347556078,2.419672482724185,8.108921976668798,14.90485246446439,49.31176941097569,188.2831842414779,MBA,2026-06-05,0
933,Susi,21.82,12.74,,2461200.5,.1655259627402491,2.368322444865695,5.543183451477282,141.3541553503456,12.81372294013468,82.8471301853494,MBA,2026-06-05,0
934,Thuringia,53.714,10.18,,2461200.5,.2156695579684164,2.749092752948369,14.0816624706601,325.3440854267412,64.60973736158444,29.00665708436572,MBA,2026-06-05,0
936,Kunigunde,43.227,10.53,,2461200.5,.174209190713094,3.134274715548814,2.365234114821545,62.14313382205488,253.4920198887979,39.64334124886494,MBA,2026-03-11,0
938,Chlosinde,33.466,11.30,,2461200.5,.1940167198046727,3.151748687332333,2.668983600954074,119.0341063014754,225.0615921959293,294.5348306408027,MBA,2026-06-05,0
940,Kordula,79.852,9.39,,2461200.5,.168936709314675,3.366149935248035,6.241426210177795,66.27005899392432,284.025286490522,31.56444317372015,OMB,2026-03-11,0
941,Murray,18.217,11.48,,2461200.5,.1955748313155186,2.784712961821699,6.626199886093156,52.26606499008767,334.5236971841225,266.8418451144211,MBA,2026-06-05,0
942,Romilda,36.772,11.00,,2461200.5,.16485802983233,3.165497036605782,10.53711464864923,71.15450961096295,319.8455342489389,282.8989793007137,MBA,2026-06-05,0
943,Begonia,70.572,9.74,,2461200.5,.2150443954986296,3.115069352567453,12.11356682392548,113.7501148413161,3.854002578656322,345.1830419630272,MBA,2026-06-05,0
944,Hidalgo,38.,10.55,,2461200.5,.6620702856477546,5.72873612999975,42.52432195058086,21.33336118609254,56.62737400180298,199.6832142843304,CEN,2026-03-11,0
945,Barcelona,25.618,9.98,,2461200.5,.1607731629424279,2.638151307000415,32.84455269029341,318.211889523587,162.7588864369596,223.3098655368707,MBA,2026-06-05,0
946,Poesia,36.210,10.59,,2461200.5,.1425779861776541,3.117274511711388,1.429288203338414,69.64786472457351,36.34435049948426,65.6711027245954,MBA,2026-06-05,0
947,Monterosa,26.060,10.03,,2461200.5,.248679732465322,2.75174405301295,6.69411564847783,48.18836371957503,339.2860780196858,116.6062488071253,MBA,2026-06-05,0
948,Jucunda,17.331,11.48,,2461200.5,.1633685889900344,3.034059653353288,8.653103721948076,357.0071714202059,162.3595007567838,329.6868643574451,MBA,2026-06-05,0
949,Hel,63.494,9.79,,2461200.5,.2004101348696638,2.996215161546523,10.64189298497844,320.5942394573109,251.5490503162239,53.46480628853718,MBA,2026-06-05,0
952,Caia,88.692,9.48,,2461200.5,.2452548993958212,2.993257583758442,9.990881878712711,18.26897085317128,357.0626798665897,86.51187745428945,MBA,2026-06-05,0
953,Painleva,24.062,10.35,,2461200.5,.1880671470365994,2.789317719449222,8.654001591770164,36.34260722410021,259.9435512257332,149.4577262914108,MBA,2026-06-05,0
954,Li,58.771,10.15,,2461200.5,.1737083448132498,3.129275260986808,1.172630091669663,163.2144500063459,150.1450065512383,316.8520703229725,MBA,2026-06-05,0
955,Alstede,17.33,10.87,,2461200.5,.2888112397777285,2.594415899411056,10.68855365101848,351.417322088446,282.3173105691463,62.98525636487295,MBA,2026-03-11,0
957,Camelia,91.548,9.87,,2461200.5,.08211586502513053,2.919672334133408,14.76102130139786,232.6140676977205,226.7600484239015,271.5425777757726,MBA,2026-06-05,0
958,Asplinda,45.112,10.36,,2461200.5,.1846111222183441,3.997061559012246,5.625522147915105,342.584084780395,90.56653429858488,67.19996737796835,OMB,2026-06-05,0
959,Arne,45.176,10.75,,2461200.5,.2242383669302747,3.173151688659079,4.493983585775908,58.41367748177931,333.2944410552469,110.3221472420426,MBA,2026-06-05,0
961,Gunnie,36.571,11.55,,2461200.5,.09379376152691364,2.692432841799215,10.98858371645398,26.56856033122093,284.7136482887086,313.1232178837439,MBA,2026-06-05,0
964,Subamara,19.835,10.81,,2461200.5,.1177271904318608,3.05109044440594,9.052487368389819,30.60330268319632,8.145081285660694,217.7143672130446,MBA,2026-06-05,0
965,Angelica,60.857,10.19,,2461200.5,.2764624132884382,3.164671941528738,21.41998326045768,41.05995106757374,47.24425493705947,188.0408815160858,MBA,2026-06-05,0
966,Muschi,25.509,9.95,,2461200.5,.1284401470615194,2.720087492950149,14.39286473127804,72.3276442114353,179.6956360792225,285.5563662473643,MBA,2026-06-05,0
968,Petunia,24.422,10.13,,2461200.5,.1313638990951832,2.869587743612993,11.60206630417448,208.7354274137822,298.1174202245991,101.5196658007783,MBA,2026-06-05,0
969,Leocadia,17.321,12.77,,2461200.5,.2051876485859503,2.462758197231914,2.290651113562873,287.6864778016597,91.37097228514064,40.60952856386189,MBA,2026-09-01,0
971,Alsatia,60.867,10.08,,2461200.5,.1634362470192276,2.63915463081003,13.79476199557459,83.47114228015661,6.023838542078541,101.9931234378049,MBA,2026-06-05,0
972,Cohnia,77.827,9.66,,2461200.5,.2346901957096273,3.057407575565809,8.36899945188571,281.4225310564319,93.21535255771484,239.0520569977576,MBA,2026-06-05,0
973,Aralia,51.609,10.20,,2461200.5,.1135054063331008,3.209909012830629,15.83532210161146,348.2738637833784,86.28529793689562,82.24298013453262,OMB,2026-06-05,0
974,Lioba,25.001,10.64,,2461200.5,.109923910535707,2.534673856348429,5.45230138094434,86.62840186191761,302.6912074634953,64.96278415884882,MBA,2026-06-05,0
975,Perseverantia,22.169,10.59,,2461200.5,.03565156124819331,2.835689741183056,2.552884116224999,38.58818641464854,57.02852241159698,28.68212812294803,MBA,2026-06-05,0
976,Benjamina,83.195,9.42,,2461200.5,.1104970241445087,3.192899568827468,7.725910807259907,242.9935105376076,321.8031866187537,61.4109234310782,MBA,2026-06-05,0
977,Philippa,65.471,9.87,,2461200.5,.02053527870366314,3.117803498928694,15.17601335110197,75.63773679854755,65.89771137071153,35.76067678471407,MBA,2026-06-05,0
978,Aidamina,92.105,9.64,,2461200.5,.2300696493129129,3.20637378543531,21.60036041966945,216.50666040935,132.6914520317004,344.1797992260455,OMB,2026-06-05,0
979,Ilsewa,35.741,9.82,,2461200.5,.1424527362553247,3.158168890315393,10.08330367276965,230.3040222417653,116.632003295964,148.6931723596497,MBA,2026-06-05,0
980,Anacostia,74.679,7.89,0.06,2461200.5,.2014131478582802,2.740771633069967,15.89613807442936,285.7602552195134,69.75843387461907,20.13682142875602,MBA,2026-06-05,0
981,Martina,32.545,11.11,,2461200.5,.2006884227738989,3.099165212593157,2.0618458728496,45.9951834436667,297.8738440930761,347.2970110742581,MBA,2026-06-05,0
982,Franklina,33.227,10.04,,2461200.5,.2327749514420629,3.068373021051257,13.64779726378616,299.1336693217078,350.6913358561925,79.02621121581595,MBA,2026-06-05,0
983,Gunila,73.87,9.53,,2461200.5,.08794460811773787,3.165905257545599,14.84592244052726,250.6384271831894,348.1581280593199,235.5961606573406,MBA,2026-06-05,0
984,Gretia,32.449,9.56,,2461200.5,.1946478508785122,2.804593726569829,9.093677462177483,314.1273417705907,55.31558209102965,17.08139198391944,MBA,2026-03-11,0
986,Amelia,48.677,9.41,,2461200.5,.2028025137038825,3.132294891092645,14.81634436727206,92.50373802460039,264.8745442862731,242.7679506396249,MBA,2026-06-05,0
987,Wallia,52.651,9.64,,2461200.5,.2379932697311666,3.134865468249207,8.910117056406632,322.5341146660966,15.67629154001701,241.165725670021,MBA,2026-06-05,0
988,Appella,20.431,11.61,,2461200.5,.2370725079840273,3.139233714122849,1.573166453412744,41.69190952068573,336.5261818665568,191.3564583475187,MBA,2026-06-05,0
990,Yerkes,21.428,11.94,,2461200.5,.2171631228202284,2.668944069666346,8.783074388622412,353.9207012103003,9.263073791610754,311.2640688768917,MBA,2026-06-05,0
991,McDonalda,38.556,11.23,,2461200.5,.1625354612523972,3.13587937663794,2.069242740515544,63.18211795449186,253.4633136447707,270.3335556193683,MBA,2026-06-05,0
992,Swasey,27.585,10.53,,2461200.5,.09061908639711806,3.025073689060594,10.88984425481936,211.8533001967992,348.8599041817064,83.29043577450544,MBA,2026-06-05,0
994,Otthild,20.786,10.19,,2461200.5,.1151103434287877,2.529506792880373,15.41549931057279,2.296099276845794,342.1752593163393,73.51695522558627,MBA,2026-06-05,0
995,Sternberga,20.222,10.13,,2461200.5,.1673257749504198,2.615390085025044,13.05191752848872,221.6586487724292,122.1763198744767,65.33991397486523,MBA,2026-06-05,0
996,Hilaritas,29.128,11.16,,2461200.5,.1381906775495124,3.090448767000909,.6576705410012947,347.1198673456967,145.5671940536234,29.11552567584573,MBA,2026-06-05,0
997,Priska,20.391,12.52,,2461200.5,.1823706033710475,2.671543385751316,10.479185183272,246.9340917365546,52.53137116938002,208.8416425686004,MBA,2026-06-05,0
998,Bodea,31.761,11.56,,2461200.5,.2143131563702409,3.114919202179964,15.51359096368058,301.0789125953553,71.59893136241701,195.7196630527866,MBA,2026-06-05,0
999,Zachia,16.848,10.89,,2461200.5,.2159811147493299,2.614671459601054,9.750280931081457,214.8319705645681,128.2424091945092,112.3179473412262,MBA,2026-06-05,0
1000,Piazzia,47.78,10.63,,2461200.5,.2583851891796883,3.171218848579587,20.58354014435374,323.70555165047,280.2979596397798,82.58804126568383,MBA,2026-06-05,0
1001,Gaussia,72.711,9.83,,2461200.5,.1218319264988327,3.211534062714684,9.31542061000806,259.088011667161,146.3621820854211,304.7979233984615,OMB,2025-11-19,0
1002,Olbersia,22.938,11.12,,2461200.5,.1531238447426648,2.78720469777814,10.77061859518489,343.69154880,354.8272493618218,23.28690918198662,MBA,2026-03-11,0
1003,Lilofee,33.678,10.77,,2461200.5,.1606016358400773,3.139285150903535,1.842212574312738,139.3803500832828,315.978044379105,59.61460307153349,MBA,2026-06-05,0
1004,Belopolskya,71.60,9.77,,2461200.5,.09572555385905598,3.400487470903932,2.991559345316175,153.0951792947622,214.1576000713752,137.6328009458121,OMB,2026-06-05,0
1005,Arago,61.132,10.09,,2461200.5,.1206033468652687,3.166276431996592,19.06476324992234,349.0835907513139,61.25456236647243,45.84603724576497,MBA,2026-06-05,0
1006,Lagrangea,35.310,11.41,,2461200.5,.3594424793860556,3.136173352521713,10.93058051791087,294.5207033386394,86.10444921812744,129.9053107114629,MBA,2026-06-05,0
1007,Pawlowia,18.264,11.40,,2461200.5,.1086374229131232,2.707484663271857,2.541334222706598,307.0364494508955,77.17181758273999,13.22755486955881,MBA,2026-06-05,0
1008,La Paz,41.061,10.87,,2461200.5,.07225904239255265,3.094989129608134,8.928531941185792,20.18901588926648,16.22911164366459,289.2490825941391,MBA,2026-06-05,0
1010,Marlene,46.876,10.69,,2461200.5,.1068044285519689,2.928382060940997,3.910449851187917,98.67978514883612,278.5237977361385,175.7781650464555,MBA,2026-06-05,0
1012,Sarema,20.905,12.58,,2461200.5,.1364466640785418,2.47866720930569,4.028471474783506,73.13925430068264,25.26938032187737,82.71897737076986,MBA,2026-06-05,0
1013,Tombecka,34.613,10.17,,2461200.5,.2081174606645096,2.684247897361369,11.88980134890123,27.19824012151399,99.27587848777597,93.36685106465052,MBA,2026-06-05,0
1014,Semphyra,17.487,11.95,,2461200.5,.2045905637817363,2.798104954067035,2.265581025298556,251.4458358875594,234.7092922386459,283.5680746079996,MBA,2026-09-01,0
1015,Christa,82.350,9.44,,2461200.5,.08925408233402535,3.204343670021659,9.448613586870762,120.1151769216373,287.4895484733296,26.38220080939611,OMB,2026-06-05,0
1017,Jacqueline,40.152,11.07,,2461200.5,.07659685666337586,2.606266061322579,7.928162146742644,118.7390336820815,70.55354473851627,85.91084903129314,MBA,2026-06-05,0
1018,Arnolda,16.557,11.06,,2461200.5,.245338293070611,2.540133976417743,7.632208790525526,359.5442424970408,343.0800489619996,262.8114665407513,MBA,2026-06-05,0
1021,Flammario,100.765,9.01,,2461200.5,.2837410306058176,2.739680984682626,15.85882644338548,115.3855158282994,286.7702455303042,303.7068872104899,MBA,2026-06-05,0
1022,Olympiada,34.297,10.40,,2461200.5,.1697571632051693,2.8098744291864,21.07237339033558,111.8704990132422,125.1971420477346,278.982064610388,MBA,2026-06-05,0
1023,Thomana,58.27,10.15,,2461200.5,.09555584717082674,3.1721390464439,10.06000738713762,193.8865241482545,196.2301512708968,303.6602573683817,MBA,2026-06-05,0
1024,Hale,43.274,10.91,,2461200.5,.2212038698121673,2.869776634813101,16.06482993981755,58.77711000117664,308.3523175798584,61.57312439558,MBA,2026-06-05,0
1027,Aesculapia,31.225,10.89,,2461200.5,.1249532535819018,3.157472171500289,1.247580307371625,29.14983808058785,130.715795712618,1.391468027721737,MBA,2026-06-05,0
1028,Lydina,88.526,9.32,,2461200.5,.1020268369822167,3.409640743448972,9.395886884265966,62.68389880511813,20.80545563865418,100.4144874373977,OMB,2026-06-05,0
1029,La Plata,20.78,10.99,,2461200.5,.02605024587722007,2.892103783999689,2.421128634176948,29.72413274877889,134.941592295858,337.2597325331898,MBA,2026-06-05,0
1030,Vitja,59.717,10.46,,2461200.5,.123396456733949,3.118107972531737,14.78179475920395,187.7887992574031,4.905270322034644,217.008841188285,MBA,2026-06-05,0
1031,Arctica,75.400,9.49,,2461200.5,.06054884723397157,3.047388200287476,17.63460987557053,218.6027431635411,310.5781374792837,149.2804391862931,MBA,2025-11-06,0
1032,Pafuri,65.658,10.30,,2461200.5,.1407982670307124,3.128464492823968,9.480697205790506,76.28414626059065,188.5896444659512,132.0801755318787,MBA,2026-06-05,0
1033,Simona,19.195,11.18,,2461200.5,.1191743059996913,2.999625538414761,10.6587815207844,188.8517388623744,216.201432043772,156.6438467929026,MBA,2026-06-05,0
1035,Amata,56.063,10.52,,2461200.5,.1887729192016658,3.155076783566838,18.00062122595318,1.77073014778848,325.6244085983437,119.4823237937809,MBA,2026-06-05,0
1036,Ganymed,37.675,9.17,0.30,2461200.5,.5335006672216854,2.664068815977234,26.68765340379128,215.3977394974259,132.5072976556281,142.9653116916981,AMO,2026-07-25,0
1038,Tuckia,58.3,10.64,,2461200.5,.2211716458309483,3.974912624440853,9.187745737748017,57.68329661498991,305.4009517464807,17.42566883452929,OMB,2026-06-05,0
1039,Sonneberga,33.853,11.64,,2461200.5,.06089003986757801,2.681073515051123,4.551191075444492,221.6213100560051,324.9843012471948,282.7226152248198,MBA,2026-06-05,0
1040,Klumpkea,22.340,10.40,,2461200.5,.1875342625817004,3.119497928810917,16.65257263732371,279.9495304205063,157.7157901866866,182.1736525603662,MBA,2026-06-05,0
1041,Asta,60.571,10.30,,2461200.5,.1470717226646489,3.07338959121478,13.92461003901089,59.91911610808835,344.5071184707323,68.83595161278758,MBA,2026-06-05,0
1042,Amazone,63.920,9.95,,2461200.5,.08666628416793706,3.234297374184733,20.71084415447979,52.37067638828125,299.0662314089103,39.99598302845342,OMB,2026-06-05,0
1043,Beate,31.986,9.81,,2461200.5,.03711972643299315,3.092299648587679,8.923465025788698,159.1540665461665,158.6695759360335,110.7818294045852,MBA,2026-06-05,0
1044,Teutonia,17.511,10.98,,2461200.5,.1420922059148561,2.578959670404533,4.243376561128824,59.87779827628762,228.62124667018,190.0538665122535,MBA,2026-06-05,0
1046,Edwin,29.084,10.88,,2461200.5,.05970029997381785,2.985447626212092,7.906836854255436,10.46192118377557,50.03131036826868,265.2026645579269,MBA,2026-06-05,0
1048,Feodosia,62.218,9.67,,2461200.5,.1831792093423996,2.730284520055233,15.83068779026303,52.62460841262676,185.3062524600207,12.14751556568946,MBA,2026-06-05,0
1049,Gotho,56.296,10.58,,2461200.5,.1390407825450272,3.089917987019464,15.11495255148166,342.6802885637262,40.29870135126104,155.9403586673057,MBA,2026-06-05,0
1051,Merope,60.439,10.16,,2461200.5,.1033544750219217,3.21327586395802,23.51171044831611,180.4157913286707,154.2688483618118,177.4395884129204,OMB,2026-06-05,0
1054,Forsytia,47.780,10.54,,2461200.5,.135087306755775,2.924164272864378,10.86762074227456,85.73863716921959,296.4606531366422,73.75023278146261,MBA,2026-06-05,0
1057,Wanda,44.657,10.98,,2461200.5,.249223344328711,2.890345965918741,3.541652275139163,257.8015319389779,114.6470008062199,144.3456841246304,MBA,2026-06-05,0
1059,Mussorgskia,25.227,10.92,,2461200.5,.1856857024082577,2.645315166449434,10.08481193124903,200.1833155542448,88.416423833355,185.0767782129864,MBA,2026-06-05,0
1061,Paeonia,23.092,11.89,,2461200.5,.2187523970072841,3.125114802535274,2.498746656337882,90.89443434162288,306.708490020255,64.6080389738926,MBA,2026-06-05,0
1062,Ljuba,58.031,9.83,,2461200.5,.07222752816097132,3.005558705563705,5.600310660204991,341.2125748702708,98.78225218391945,68.99101154234984,MBA,2026-06-05,0
1064,Aethusa,20.007,10.78,,2461200.5,.1773848924896004,2.543654248174818,9.50483155149637,280.4957308703248,21.28299758024595,222.2394196196747,MBA,2026-06-05,0
1067,Lunaria,20.011,10.83,,2461200.5,.1935600291805225,2.868151167540737,10.55909725896295,289.512020892243,114.5822904498645,152.1867541354904,MBA,2026-06-05,0
1068,Nofretete,21.346,10.78,,2461200.5,.09769488407894794,2.906063486357927,5.489681890561458,318.5854868156514,265.4981655349715,168.5637615401294,MBA,2026-08-08,0
1069,Planckia,35.657,9.57,,2461200.5,.1097465363010857,3.127898966280343,13.56489170901786,142.3347243625674,30.38089201514445,288.2198279915903,MBA,2026-06-05,0
1070,Tunica,39.131,10.86,,2461200.5,.07977607926509421,3.231507917429548,16.96550906760022,165.2465335516543,191.9827092729066,80.22240478170266,OMB,2026-06-05,0
1071,Brita,60.862,10.64,,2461200.5,.1118222492807368,2.800608639332567,5.360230062544798,52.45814446291092,29.47472790775248,10.58327107193315,MBA,2026-06-05,0
1072,Malva,53.675,10.79,,2461200.5,.2368437072452064,3.171972005564454,8.018456774470328,36.92320912270819,25.46368286552209,195.2887692241997,MBA,2026-06-05,0
1073,Gellivara,25.992,11.76,,2461200.5,.186451463428275,3.184118914079697,1.597726880713612,39.52381679344818,289.9132860145639,81.82565948347464,MBA,2026-06-05,0
1074,Beljawskya,49.189,10.25,,2461200.5,.18215698093169,3.148675923815091,.7989000009917961,37.99833757843562,22.25981756849494,76.13617449656176,MBA,2026-06-05,0
1075,Helina,26.198,10.37,,2461200.5,.1084944260803995,3.013695772873945,11.53218616389894,100.6961548803785,251.0564384719138,38.67751110822159,MBA,2026-06-05,0
1076,Viola,22.298,12.18,,2461200.5,.1462352396151927,2.473682295343177,3.320963280001966,143.5548816120623,304.1190362226962,161.2775356484003,MBA,2026-06-05,0
1079,Mimosa,20.7,11.11,,2461200.5,.04542410364123798,2.874149604714615,1.170476079524356,328.9839464689955,102.5762561155848,184.7181034005597,MBA,2026-06-05,0
1080,Orchis,22.918,12.31,,2461200.5,.2574838648598523,2.420616396322533,4.586977942636572,1.928299172097878,57.13907599026034,36.26957206820229,MBA,2026-08-08,0
1081,Reseda,37.810,11.16,,2461200.5,.148653996389785,3.093995140304528,4.188723222073128,30.27668963002735,9.762300018027554,23.80238037403491,MBA,2026-06-05,0
1082,Pirola,42.607,10.56,,2461200.5,.1786868918992189,3.125213257733261,1.85463971708025,147.9204488372447,186.36538042,343.2576609128031,MBA,2026-06-05,0
1084,Tamariwa,26.476,10.92,,2461200.5,.1313981144980463,2.688116849481796,3.897099592928931,186.78361955,109.1894523263208,118.7471907255414,MBA,2026-06-05,0
1085,Amaryllis,69.281,9.81,,2461200.5,.03945760194614995,3.190951443413366,6.661465357726268,139.6805352221182,137.279141796456,225.0686058039973,MBA,2026-06-05,0
1086,Nata,66.27,9.66,,2461200.5,.05002349626755136,3.163148948942546,8.364584734094976,312.8561811715207,153.4927221660117,82.40562976459279,MBA,2026-06-05,0
1087,Arabis,37.498,9.85,,2461200.5,.08856658057129665,3.017008391795049,10.06160813533338,30.12015653342952,26.33483142779258,254.8380706279142,MBA,2026-06-05,0
1088,Mitaka,15.137,11.33,,2461200.5,.1955716957247161,2.202255604762601,7.65058238562778,54.4383687871557,319.7501592711943,86.14171663964231,MBA,2026-06-05,0
1091,Spiraea,35.178,10.97,,2461200.5,.07097993375253114,3.417808438151076,1.152056269333681,80.8318153691841,13.34504679163537,247.9339613285046,OMB,2025-11-19,0
1092,Lilium,40.276,10.95,,2461200.5,.08419081468166122,2.899438014118668,5.392020841451775,307.4146622286663,314.145742837793,121.616488737115,MBA,2026-06-05,0
1093,Freda,116.73,9.04,,2461200.5,.2696996341673735,3.133780406111096,25.19101632145622,55.58412112812026,251.0814901686992,25.34762123073492,MBA,2026-06-05,0
1094,Siberia,17.869,11.66,,2461200.5,.1308148744193014,2.545840066523808,14.02552281739968,149.0749116981204,310.8274054300164,276.9795981138213,MBA,2026-03-11,0
1095,Tulipa,27.875,10.43,,2461200.5,.01642588337479962,3.025373448651626,10.01116522454705,178.3346340162593,354.1044849778252,49.51424630755028,MBA,2026-06-05,0
1096,Reunerta,42.333,10.87,,2461200.5,.1929097518828663,2.601827617537602,9.465988272382846,81.30708220821927,247.8469169353418,97.14744851199237,MBA,2026-06-05,0
1097,Vicia,23.110,11.97,,2461200.5,.2950040645817958,2.639941315432826,1.534941135312412,133.800080067944,176.5434865305745,288.0194542545141,MBA,2026-06-05,0
1098,Hakone,26.684,10.54,,2461200.5,.1161543902347013,2.68829532644011,13.39202833937987,328.871215939789,81.78828160806052,8.064534499302512,MBA,2026-06-05,0
1099,Figneria,23.309,10.32,,2461200.5,.280669461988798,3.178630963883899,11.83969521277613,21.98235247769276,348.4347078750237,96.55893689733152,MBA,2026-06-05,0
1100,Arnica,16.894,10.90,,2461200.5,.07005776673872595,2.898283709194402,1.030730410514432,303.8014903912016,21.25277044003375,329.6926995672389,MBA,2026-06-05,0
1101,Clematis,33.765,10.58,,2461200.5,.07804490074851261,3.231142641485404,21.43587532823513,201.8046371185852,104.4540305572234,337.6926886763583,OMB,2026-06-05,0
1102,Pepita,36.632,9.34,,2461200.5,.1106109548179657,3.073361314450247,15.80729273573291,216.4302576664014,119.0752178073593,131.7848920175172,MBA,2026-06-05,0
1104,Syringa,23.244,12.33,,2461200.5,.3423955659619797,2.631818355036387,6.439985755006111,128.6094353601421,277.3756953050873,324.9774671405847,MBA,2026-08-08,0
1105,Fragaria,38.206,10.17,,2461200.5,.1047799723528406,3.01161982494146,10.95879225618284,116.8327767591138,222.9817695215598,318.8186911370005,MBA,2026-06-05,0
1107,Lictoria,79.079,9.53,,2461200.5,.1186827322920796,3.188239414499375,7.07322746517537,110.553195280153,349.7977700342335,114.0166244186226,MBA,2026-06-05,0
1108,Demeter,25.285,11.96,,2461200.5,.2572115659328917,2.428656689143969,24.87574390001107,234.1152959542588,78.44005232020407,200.8396055312302,MBA,2026-06-05,0
1109,Tata,61.817,10.02,,2461200.5,.09770564720826415,3.232174774854433,4.125121052677801,267.7851223159661,6.027206073108235,239.6872993915547,OMB,2026-06-05,0
1112,Polonia,39.661,10.05,,2461200.5,.1092891899890328,3.016837474708665,9.001619193076612,302.6738562029981,85.68320981875291,172.229934810074,MBA,2026-06-05,0
1113,Katja,44.792,9.26,,2461200.5,.1341625591418038,3.11790771403194,13.25265614537498,324.3647575320088,119.7899151167874,194.9292691028998,MBA,2026-06-05,0
1114,Lorraine,75.631,10.12,,2461200.5,.07154801835654216,3.093111163649508,10.72194494212486,195.2925213596332,208.6668164257714,352.7244879129923,MBA,2026-06-05,0
1115,Sabauda,75.907,9.97,,2461200.5,.1749930494758892,3.0964594603853,15.28768864626557,71.61692832892174,56.74037959176329,277.0832200329268,MBA,2026-06-05,0
1116,Catriona,38.741,9.82,,2461200.5,.2240256329308422,2.928142715689432,16.54723341428173,356.1750405353476,83.51618314944434,257.4593456263017,MBA,2026-06-05,0
1118,Hanskya,70.954,9.98,,2461200.5,.04218535812871033,3.210665836030037,13.95597618331341,318.6822578411153,337.3315025039843,132.1611884049671,OMB,2026-06-05,0
1119,Euboea,29.443,11.45,,2461200.5,.1538941615905157,2.614100076842299,7.835787496003619,57.22363865945964,231.0046117474423,216.8053101629629,MBA,2026-06-05,0
1124,Stroobantia,24.450,10.84,,2461200.5,.03286285367392371,2.926380401118855,7.773781554997959,21.99903156371052,274.1410225042501,249.319418722106,MBA,2026-06-05,0
1125,China,26.084,11.67,,2461200.5,.2171698401686075,3.127430406505411,3.041304341257026,97.13658275803063,9.733019966396048,66.32437978565235,MBA,2026-06-05,0
1127,Mimi,46.006,10.58,,2461200.5,.2656896854363234,2.592612263309869,14.77320269489949,128.3092908354054,282.6525664253797,156.5593754921044,MBA,2026-06-05,0
1128,Astrid,41.851,11.10,,2461200.5,.04352217988809313,2.789702172377586,1.010409119753796,59.36954066881272,238.0139648752282,202.0863677358488,MBA,2026-06-05,0
1129,Neujmina,34.576,10.26,,2461200.5,.08663259833336658,3.022923757046072,8.615485565057034,269.1543611890933,139.3675393231867,85.64056749290025,MBA,2026-06-05,0
1132,Hollandia,27.235,11.21,,2461200.5,.2755080912118951,2.68599428526401,7.223376935516068,29.57256593878926,270.3120250500702,17.02432056258888,MBA,2026-06-05,0
1135,Colchis,50.592,10.78,,2461200.5,.1138150695203968,2.667062299649376,4.540799606861608,350.5774176606039,4.058254987993881,92.14059837092658,MBA,2026-06-05,0
1136,Mercedes,25.296,11.31,,2461200.5,.2546517216670444,2.56499094685232,8.977069591218712,209.4340202962343,148.6209464143557,218.5079036806594,MBA,2026-06-05,0
1137,Raissa,19.421,10.69,,2461200.5,.09782087673347294,2.423365989347479,4.316535819039334,78.41876652672492,277.1042910117948,248.3676583137582,MBA,2026-06-05,0
1138,Attica,23.681,11.57,,2461200.5,.07953998738881922,3.14380907184115,13.99149952108157,283.3798085957661,104.8114469170651,132.4210859438956,MBA,2026-06-05,0
1140,Crimea,29.179,9.94,,2461200.5,.1097242548014752,2.772203053803838,14.11719738928139,72.05559640726865,310.6894768925404,26.85823666331067,MBA,2026-06-05,0
1142,Aetolia,22.135,10.27,,2461200.5,.07504147649741147,3.190843789048155,2.119229902020695,138.9033752193611,102.6640624071225,278.3340803286317,MBA,2026-06-05,0
1143,Odysseus,114.624,8.38,,2461200.5,.08985317313477587,5.227273342881048,3.142385651768234,221.2159428773922,238.6577153744346,68.97560690978437,TJN,2026-06-05,0
1144,Oda,56.337,9.98,,2461200.5,.07970026060547737,3.754827733581081,9.803203595710052,156.1119209520665,216.5895265934747,208.6055583287328,OMB,2026-06-05,0
1145,Robelmonte,24.029,11.44,,2461200.5,.1192990643040913,2.423344166827457,6.208434899668463,346.7673292836348,267.0206059992483,184.4612811258055,MBA,2026-06-05,0
1146,Biarmia,32.925,9.88,,2461200.5,.254745978747973,3.045734003432113,17.06204088356262,213.8199539597433,63.39116135769702,58.6684715470251,MBA,2026-03-11,0
1148,Rarahu,27.512,10.24,,2461200.5,.1082249193914717,3.023227580722534,10.84922409953601,145.2127290947561,177.8756020161037,156.771602328239,MBA,2026-06-05,0
1149,Volga,52.377,10.52,,2461200.5,.09840510926360083,2.896131779020913,11.76199222603357,261.3619020759103,115.2709192220201,179.0121178032568,MBA,2026-06-05,0
1152,Pawona,17.130,11.16,,2461200.5,.04070203530348027,2.427321832075309,5.072837386290137,331.694194738807,220.1405821665033,108.7287752488475,MBA,2026-06-05,0
1154,Astronomia,55.715,10.53,,2461200.5,.06832270905017548,3.395242572778765,4.529612795991801,82.480910660147,206.3637510924588,164.8336900959692,OMB,2026-06-05,0
1157,Arabia,29.113,10.04,,2461200.5,.1432283532967536,3.184830961375881,9.549127611070794,336.0686852929053,311.9594130721078,32.88531468281145,MBA,2026-06-05,0
1158,Luda,18.636,10.92,,2461200.5,.1137796517875719,2.563059964721409,14.82851663048744,344.5096315055569,57.05403684366008,151.4581431954685,MBA,2026-06-05,0
1159,Granada,28.641,11.66,,2461200.5,.05763426243644632,2.380657242222773,13.03677924207624,347.7989974211432,312.9511531870855,174.7855203834858,MBA,2026-06-05,0
1161,Thessalia,21.498,11.38,,2461200.5,.0887949669710876,3.168830962262023,9.395906981133926,72.52820050076969,311.4113096717499,49.70320793361902,MBA,2026-06-05,0
1162,Larissa,40.379,9.58,,2461200.5,.1060263830551657,3.932408704492515,1.874105063497703,39.67181726329795,205.8746179691252,3.830205636666423,OMB,2026-06-05,0
1163,Saga,32.429,10.88,,2461200.5,.04112520790469288,3.217276653332264,9.024081367634972,127.4876141474982,201.0929201420698,59.98711442149327,OMB,2026-08-08,0
1165,Imprinetta,53.187,10.71,,2461200.5,.2100462218404598,3.128003215979555,12.79811213995547,203.6977125870575,96.53622628732619,72.58917138682638,MBA,2026-06-05,0
1166,Sakuntala,26.011,10.59,,2461200.5,.2098815380283172,2.535214321444146,18.94438679749981,106.6098887703589,190.6589559260265,237.5526661412638,MBA,2026-06-05,0
1167,Dubiago,63.12,9.82,,2461200.5,.06707645312866634,3.412859047140494,5.748153796796768,223.3281923510214,72.38991293765068,92.87517694042936,OMB,2026-06-05,0
1171,Rusthawelia,82.229,10.02,,2461200.5,.1946558730074459,3.173274632421365,3.086353165657739,121.4834030587117,292.6774504370183,335.9173827548462,MBA,2026-03-11,0
1172,Aneas,118.020,8.21,,2461200.5,.1049477967945077,5.239819829244679,16.65110128098933,247.257038913152,52.47706280541382,124.8286315110413,TJN,2026-06-05,0
1173,Anchises,99.549,8.90,,2461200.5,.1373623291697898,5.26804012097456,6.927045300688564,283.8957620304761,41.34775768188858,67.3790343875457,TJN,2026-06-05,0
1174,Marmara,18.142,11.49,,2461200.5,.1102788569926514,3.027238351958049,10.06254070389062,.7913798701220516,354.8012642493537,104.3658928032648,MBA,2026-06-05,0
1175,Margo,24.266,9.91,,2461200.5,.0709476371524199,3.211545167186026,16.34749669746045,236.9810975213815,98.61520540259059,252.8826268606624,OMB,2026-06-05,0
1176,Lucidor,17.489,11.43,,2461200.5,.1419734642047678,2.693146745098149,6.646700710783779,272.0996305364235,155.5434525037106,219.8620342901825,MBA,2026-06-05,0
1177,Gonnessia,91.98,9.36,,2461200.5,.03514934648878879,3.349450412003645,15.01389668925441,251.7306544967063,256.5586193669518,124.3491680607931,OMB,2026-06-05,0
1178,Irmela,19.663,12.05,,2461200.5,.1866007908177992,2.676542833165201,6.968776693941116,169.9294335423763,357.509346113717,253.8864923836127,MBA,2026-08-08,0
1180,Rita,97,9.40,,2461200.5,.1561122973114036,3.981126472033005,7.188925068145156,88.14311534984765,205.084141936842,274.0828075960025,OMB,2026-06-05,0
1181,Lilith,20.492,11.36,,2461200.5,.1932594693436852,2.664329683955941,5.592148573497838,260.5598407152684,156.6598979328811,357.2425263883717,MBA,2026-06-05,0
1183,Jutta,23.751,12.56,,2461200.5,.1285059624305205,2.384032807010892,2.79396222170836,14.95298721361008,206.2085742908776,20.06696576529596,MBA,2026-06-05,0
1186,Turnera,34.290,9.97,,2461200.5,.1013162447432026,3.026480606921714,10.73292280432933,42.83190844001761,298.0520468802192,129.3935876265039,MBA,2026-06-05,0
1187,Afra,32.348,11.60,,2461200.5,.2233302734190974,2.639235399719359,10.696976823259,327.104925445608,74.76447661377659,198.0023590776495,MBA,2026-06-05,0
1189,Terentia,59.246,9.97,,2461200.5,.1109638882586105,2.93198082840686,9.864554928899757,275.1510874729037,95.94351222351752,11.33525886865712,MBA,2026-06-05,0
1190,Pelagia,17.923,12.91,,2461200.5,.1310079577511792,2.432315756683809,3.168152593705995,26.32989187039321,41.80891795104513,36.08455872192644,MBA,2026-06-05,0
1191,Alfaterna,47.397,10.78,,2461200.5,.04885747879657807,2.892966678700012,18.46034385844698,134.5457077055957,59.45820519766036,92.9901883392105,MBA,2026-06-05,0
1194,Aletta,41.358,10.64,,2461200.5,.09015449884723455,2.91475953671412,10.84945333287752,290.7981032092944,247.6238566000913,87.99015723715543,MBA,2026-06-05,0
1196,Sheba,25.274,10.20,,2461200.5,.1802935270775967,2.652242835726266,17.67586178525572,100.6985906896461,262.3230036690753,253.9694367532611,MBA,2026-06-05,0
1197,Rhodesia,47.741,10.19,,2461200.5,.2352608194156135,2.881621903140068,12.9784765880617,255.589873167834,277.0073526085238,207.035409248196,MBA,2026-06-05,0
1199,Geldonia,30.395,10.32,,2461200.5,.0332049640124369,3.017467198360238,8.780521288395519,235.4808967119293,290.498391205451,206.6649489478139,MBA,2026-06-05,0
1200,Imperatrix,42.006,10.90,,2461200.5,.1129982801048446,3.058544821527326,4.614608105024636,204.5842549012905,53.01983400908808,341.5101322890632,MBA,2026-06-05,0
1201,Strenua,35.825,11.54,,2461200.5,.040340240044477,2.699785742370352,6.998304068720016,202.9334652621741,168.2562274728692,125.5117936286125,MBA,2026-06-05,0
1202,Marina,54.93,10.04,,2461200.5,.1667435322993596,3.991314560753308,3.333558673838645,49.80660013357777,307.982785102142,20.03939797623913,OMB,2026-06-05,0
1203,Nanna,35.18,11.65,,2461200.5,.2514927945207279,2.882110341073352,5.995537944330377,224.4335357790869,177.2037673481096,99.99652234645156,MBA,2026-06-05,0
1207,Ostenia,21.925,10.98,,2461200.5,.08878712824145721,3.019981313514105,10.33908592371218,19.9633910795144,46.97129926836948,3.596944775540715,MBA,2026-06-05,0
1208,Troilus,100.477,9.03,,2461200.5,.09235776652757852,5.2549920730203,33.5389636992394,48.54663908531982,296.8143126555565,74.51941199439321,TJN,2026-06-05,0
1209,Pumma,26.889,10.79,,2461200.5,.126628644062419,3.16891981120895,6.937207960588043,89.73590072922346,176.4486922275102,142.1003797294063,MBA,2026-06-05,0
1210,Morosovia,33.663,10.00,,2461200.5,.06221707390551214,3.0104568351674,11.26305763613392,106.5467928855237,165.1560353583539,50.82977444848808,MBA,2026-03-11,0
1211,Bressole,45.809,11.00,,2461200.5,.1585631231371493,2.929643349324529,12.7655116111336,129.7044916377342,211.3107389462115,17.83850188397554,MBA,2026-06-05,0
1212,Francette,76.387,9.62,,2461200.5,.1907256498474491,3.952856931007244,7.593031254822902,149.5344265582584,347.6651946186701,325.5777740413091,OMB,2026-06-05,0
1213,Algeria,29.175,11.17,,2461200.5,.1285911875981388,3.135682753128151,13.10988355861903,271.2495392979898,111.0803456667402,48.85326758359685,MBA,2026-06-05,0
1214,Richilde,36.668,11.28,,2461200.5,.1185174425714802,2.711627586269522,9.844383765255666,285.7777024184019,34.04444501745997,191.9640259715977,MBA,2026-06-05,0
1220,Crocus,17.866,11.61,0.23,2461200.5,.07440693317980206,3.002403067504009,11.37747939600458,113.2354678224314,329.8710736760889,93.63682563956348,MBA,2026-06-05,0
1222,Tina,25.781,11.22,,2461200.5,.2495587294318714,2.794345439025971,19.58732942628793,245.7320998923621,59.62501814719916,29.04898035286562,MBA,2025-11-06,0
1223,Neckar,22.783,10.51,,2461200.5,.06224970043478266,2.867960450601691,2.540195589563919,40.69983999696854,12.72018518498417,126.238147583736,MBA,2026-06-05,0
1227,Geranium,46.269,10.76,,2461200.5,.1972533217715925,3.216419570988723,16.49298604515844,359.9056917251476,304.862538138036,208.0557482071059,OMB,2026-06-05,0
1229,Tilia,27.795,11.38,,2461200.5,.1692912656875041,3.229360941236294,1.040702473660669,196.9477318454789,167.9369174400268,107.3204405184224,OMB,2026-06-05,0
1231,Auricula,18.713,12.22,,2461200.5,.08721257583097108,2.66883423815342,11.45962966512701,341.8236698005636,248.2475608559716,36.33244464562554,MBA,2026-06-05,0
1232,Cortusa,36.367,10.31,,2461200.5,.1422601132196728,3.175033177880222,10.37599768667976,260.6998292092363,340.6626268658875,11.47020001123833,MBA,2026-06-05,0
1233,Kobresia,33.323,11.51,,2461200.5,.05574479481470413,2.55523615675218,5.601279364530615,291.3754359999486,332.9840206079658,171.3400659543439,MBA,2026-06-05,0
1234,Elyna,22.876,10.93,,2461200.5,.08693823206145623,3.012806649787334,8.529214234791453,304.3130620423207,91.08196784664706,27.54150298103164,MBA,2026-06-05,0
1236,Thais,22.34,11.81,,2461200.5,.2412673400496219,2.430389978767196,13.17701034235151,48.56729461003064,306.0718977759567,20.69459022944891,MBA,2025-11-06,0
1237,Genevieve,39.81,11.02,,2461200.5,.07851116166436121,2.61124464493034,9.729957463702078,57.79760782933946,306.8446108220694,195.1265717245138,MBA,2026-06-05,0
1238,Predappia,20.606,12.10,,2461200.5,.1419817624038462,2.665351584614069,12.15465476471107,51.60788699682749,93.96152435117452,228.284226545691,MBA,2026-03-11,0
1239,Queteleta,18.681,12.44,,2461200.5,.2305657193568958,2.661883814572663,1.657095295517472,72.96217746709762,36.85749213067638,276.1106466615724,MBA,2026-08-08,0
1240,Centenaria,63.035,10.17,,2461200.5,.1752994176002403,2.866853468067185,10.16167775504132,323.6521791432954,23.43321099195347,292.1719701970138,MBA,2026-06-05,0
1241,Dysona,79.190,9.70,,2461200.5,.09952809326247386,3.187772109968452,23.51830234098161,322.1542389214132,320.2906840170656,123.7702194815066,MBA,2026-06-05,0
1242,Zambesia,47.594,10.47,,2461200.5,.1916053645619992,2.734185121269744,10.14774234239032,349.6489201039051,53.99383451437217,115.320752287638,MBA,2026-06-05,0
1243,Pamela,69.883,9.66,,2461200.5,.04530653556912485,3.098142229350931,13.26288596395824,245.5156071259659,50.89658617300852,29.96112919350797,MBA,2026-06-05,0
1244,Deira,31.799,11.62,,2461200.5,.09713122044373325,2.343759740278205,8.704138380827921,276.9504016624409,261.8866179024017,134.0412321761991,MBA,2025-11-26,0
1245,Calvinia,29.751,9.95,,2461200.5,.08120467336971059,2.893279232787854,2.895467282683182,151.6819084555121,205.8754890069308,300.6733718610234,MBA,2026-06-05,0
1246,Chaka,17.634,10.93,,2461200.5,.3098837037054757,2.6203809988172,15.99561084744296,290.4836578087503,54.77382877921575,13.41554577436434,MBA,2026-06-05,0
1247,Memoria,38.906,10.67,,2461200.5,.1758234660427539,3.131149693639868,1.781399106711524,161.6769837230975,138.2329973736539,341.1696493095195,MBA,2026-06-05,0
1248,Jugurtha,28.468,9.90,,2461200.5,.01344763394610144,2.722241605194868,9.1396759387352,79.2142244545517,340.91750811706,248.6342469043696,MBA,2026-06-05,0
1250,Galanthus,20.062,12.34,,2461200.5,.2766778035505577,2.546887284817212,15.17455023447252,291.9289570764223,217.5817852633308,304.0008663099482,MBA,2026-06-05,0
1252,Celestia,19.037,10.72,,2461200.5,.2049588219114485,2.695961838891914,33.84393128401562,140.7791928331741,63.64109965451152,356.2076073817553,MBA,2026-06-05,0
1253,Frisia,21.682,12.15,,2461200.5,.2037286869205785,3.172987817069756,1.340153312387544,39.79307690923858,355.2555749403058,277.1584868455388,MBA,2026-06-05,0
1254,Erfordia,51.540,10.68,,2461200.5,.02449590846642732,3.135649480983774,7.091920033632388,287.5150559169834,247.1883986289709,23.78279169596756,MBA,2026-06-05,0
1255,Schilowa,33.669,10.34,,2461200.5,.1736325621528472,3.143163071545751,8.557741971215671,237.5147691540077,132.4724379809288,223.8757968365645,MBA,2026-06-05,0
1256,Normannia,68.245,9.82,,2461200.5,.07829452559034999,3.887197092673007,4.177039798779492,236.8523348378387,102.3585889518938,54.59020571849457,OMB,2026-06-05,0
1257,Mora,21.392,12.13,,2461200.5,.08356313236930982,2.488330180213736,3.927536738098362,213.8729048270895,20.73410183698867,56.67174070686075,MBA,2026-06-05,0
1258,Sicilia,45.669,10.83,,2461200.5,.04934432664748484,3.184607055200444,7.722459636836906,299.3903488005992,75.7115642543845,141.5799112033394,MBA,2026-06-05,0
1259,Ogyalla,36.111,10.59,,2461200.5,.1206496961722912,3.110512627994253,2.371816407542867,74.90825765686053,153.6670166854787,306.1673004153894,MBA,2026-06-05,0
1261,Legia,32.576,11.42,,2461200.5,.1790882158672261,3.135597603768643,2.42689118533512,67.26791803956331,103.8457253478471,265.9663573662584,MBA,2026-06-05,0
1262,Sniadeckia,71.011,10.28,,2461200.5,.004777885784602417,3.004512375471911,13.14912714260982,124.1803542734922,208.5358633884342,170.9728131174614,MBA,2026-06-05,0
1263,Varsavia,49.29,10.20,,2461200.5,.1867908483341687,2.667476488094104,29.2493197448048,158.4241776831971,287.0581485838625,218.793262891527,MBA,2026-06-05,0
1264,Letaba,66.040,9.63,,2461200.5,.1571458222637245,2.864321249308037,24.97158287253584,234.9428685965478,31.12244798432987,43.24960328317824,MBA,2025-10-31,0
1265,Schweikarda,19.335,11.33,,2461200.5,.06895545889001238,3.027572384558759,9.504192323950914,314.188032684527,112.8994645411385,245.7498407306671,MBA,2026-06-05,0
1266,Tone,75.470,9.50,,2461200.5,.05003600754055044,3.361303290929273,17.24845471815869,320.1119246917447,307.7350167895748,245.4488570632081,OMB,2026-06-05,0
1267,Geertruida,23.108,12.29,,2461200.5,.1789894872435994,2.470005657123076,4.775218359516544,24.11488678803018,269.0610965673635,228.7412164348067,MBA,2026-06-05,0
1268,Libya,96.710,9.12,,2461200.5,.1038926898579035,3.984610539266709,4.423545654647784,350.9314248331269,119.149425671178,195.1615652806388,OMB,2026-06-05,0
1269,Rollandia,104.893,8.76,,2461200.5,.09725774804810264,3.929807250783064,2.76286513851155,134.5129786794855,15.55839436193345,329.085236240931,OMB,2026-06-05,0
1271,Isergina,47.524,10.60,,2461200.5,.1207937839178707,3.138642279049217,6.683985384756674,126.8102543265322,272.6128797958639,4.157484038110689,MBA,2026-06-05,0
1275,Cimbria,27.622,10.95,,2461200.5,.1687648857174752,2.679075195459989,12.85906896677498,188.33804418,197.8890387394065,141.5580843163402,MBA,2026-06-05,0
1276,Ucclia,36.499,10.81,,2461200.5,.09099075946483676,3.179047327109398,23.28345657742125,114.2991211262728,338.9387198135158,216.8138476592497,MBA,2026-06-05,0
1277,Dolores,32.587,11.30,,2461200.5,.2409014748205464,2.69622862016764,6.982668442428586,246.936702558537,47.26127040959404,306.090116534255,MBA,2026-06-05,0
1278,Kenya,19.361,10.95,,2461200.5,.2639745842082998,2.403870159800815,10.86048893045752,90.244724670734,238.4916095891546,292.7482772316606,MBA,2026-06-05,0
1280,Baillauda,50.83,10.10,,2461200.5,.04239307984816015,3.415305694071694,6.425870965078805,292.532696325786,90.25800742208305,210.2137138144737,OMB,2026-06-05,0
1281,Jeanne,25.716,11.78,,2461200.5,.2100060728010638,2.555370236371973,7.432633157804106,209.8621625394027,73.79128152211722,282.8613439763976,MBA,2026-06-05,0
1282,Utopia,57.702,10.25,,2461200.5,.1192901642159333,3.121341750573015,18.02229811746415,324.2134486018264,78.12647657746032,237.5926592541604,MBA,2026-06-05,0
1283,Komsomolia,29.569,10.40,,2461200.5,.2214255626403056,3.181055860113384,8.90546062430635,157.6621615486374,234.2051257813736,181.7174084694144,MBA,2026-06-05,0
1284,Latvia,41.128,10.19,,2461200.5,.1727546499794913,2.643491783667179,10.89335882951936,302.6583480082302,115.1159124940374,137.2447124117983,MBA,2026-06-05,0
1285,Julietta,42.430,10.99,,2461200.5,.04815377628390992,2.993931762065625,5.689519076656909,317.7910853983909,69.36720760442792,290.2855515364819,MBA,2026-06-05,0
1286,Banachiewicza,21.474,10.92,,2461200.5,.095102774154758,3.019940753718309,9.74722179730194,200.327169043973,107.4688912955189,269.6357441327843,MBA,2026-06-05,0
1287,Lorcia,21.678,11.10,,2461200.5,.05684109848117853,3.01307357363882,9.84672821931083,202.3099776038606,270.1415995413851,155.1711425543478,MBA,2026-06-05,0
1288,Santa,31.378,11.40,,2461200.5,.06387396541509296,2.885523022534055,7.561831694103489,298.8538218508557,52.21346334345219,327.5731051744981,MBA,2026-06-05,0
1289,Kutaissi,21.531,10.65,,2461200.5,.06093365671426332,2.85936928885153,1.617358648569338,193.0215495381194,115.1604703553857,88.77015054174728,MBA,2026-06-05,0
1291,Phryne,27.418,10.39,,2461200.5,.09725569324722666,3.010657108770984,9.121478966827681,215.2763000087852,116.6637918485575,274.7280026337658,MBA,2026-06-05,0
1294,Antwerpia,37.199,10.66,,2461200.5,.2313990667541212,2.687945662417329,8.716702672475838,81.06133751735364,313.241112311082,11.90509962403098,MBA,2026-06-05,0
1295,Deflotte,47.407,10.85,,2461200.5,.1251222708321184,3.387744484875128,2.887247678852739,185.0016228182301,275.2258043433713,277.5508468630726,OMB,2026-08-08,0
1296,Andree,26.298,11.76,,2461200.5,.142682779390702,2.418046781843511,4.110673685624236,226.9384958746241,236.4247913651774,193.6550570911432,MBA,2026-06-05,0
1297,Quadea,22.420,10.99,,2461200.5,.06672516640682326,3.022758550174057,8.995374751991054,295.8115214727341,126.279033567542,268.2306411308757,MBA,2025-11-06,0
1298,Nocturna,37.802,11.14,,2461200.5,.143817211347794,3.13043165549427,5.496428642446555,299.7153818500432,59.10444281407139,.5723161621317033,MBA,2026-06-05,0
1300,Marcelle,28.194,11.62,,2461200.5,.008280355826499731,2.782962806868597,9.548162620158749,82.89383227229472,354.1331077911126,25.32969381591543,MBA,2026-06-05,0
1301,Yvonne,21.438,11.50,,2461200.5,.2711377596319327,2.765104453563566,34.04864367240102,161.4740675533443,301.9736730482835,62.45552187483478,MBA,2026-06-05,0
1302,Werra,35.041,10.95,,2461200.5,.1745243135876013,3.112890849588614,2.596333203415094,90.10322471515674,353.2570617135549,107.5461756271887,MBA,2026-06-05,0
1303,Luthera,81.685,9.46,,2461200.5,.09550294066313574,3.233133756803063,19.5286744201337,71.78557044555693,102.3508799962204,18.80963310870235,OMB,2026-06-05,0
1304,Arosa,43.613,9.20,,2461200.5,.1230865152993095,3.193817023690034,18.97434612686965,86.35311103141741,147.6254042987707,40.10981597801806,MBA,2026-06-05,0
1305,Pongola,24.110,10.62,,2461200.5,.06724276225718917,3.015505946784358,2.308936067212684,62.87298134560866,150.6460298029941,327.8957976664316,MBA,2026-06-05,0
1306,Scythia,66.780,9.99,,2461200.5,.09663873003638859,3.141832029918958,14.98831682836853,274.0312330415491,142.3290804442728,344.901725230415,MBA,2026-06-05,0
1308,Halleria,46.951,10.94,,2461200.5,.008351005723402846,2.909224452986432,5.559265632289697,353.9466146070551,188.3019673365733,64.51838881265361,MBA,2026-06-05,0
1309,Hyperborea,57.570,10.37,,2461200.5,.1459763723958078,3.210014275310307,10.27774470736438,205.9735389408833,243.2464128759478,122.9696438792584,OMB,2026-06-05,0
1312,Vassar,36.28,10.62,,2461200.5,.2101862013003166,3.099008642809851,21.9351286235782,129.1899855067283,261.9271483702304,322.7446098503571,MBA,2026-06-05,0
1315,Bronislawa,64.863,10.20,,2461200.5,.07390779647296734,3.206404396766644,7.082245899597628,236.432142934859,20.56179272917225,140.3158611386242,OMB,2026-06-05,0
1317,Silvretta,17.919,10.11,,2461200.5,.2350059320784949,3.204444724434306,20.40687149241641,6.120124592257362,34.30245057936757,328.1938485890523,OMB,2026-03-11,0
1319,Disa,25.651,10.68,,2461200.5,.2012831815143797,2.995153478408757,2.795299474769817,255.9887152414347,315.9384561151637,292.0916101412144,MBA,2026-06-05,0
1320,Impala,37.331,10.87,,2461200.5,.2367722319146918,2.981949474990252,19.84977080440759,71.68951876271819,207.0390900548144,279.0801782862111,MBA,2026-06-05,0
1321,Majuba,37.137,10.10,,2461200.5,.1690918979991414,2.940466078921833,9.510196827462664,317.6692737228789,344.7885721474917,39.00134045822317,MBA,2026-03-11,0
1323,Tugela,78.295,9.84,,2461200.5,.1506458347050928,3.220251633694664,18.93721120845908,44.52199594853223,141.4319233634646,53.01445741389315,OMB,2026-06-05,0
1326,Losaka,26.336,10.93,,2461200.5,.224032596255718,2.667262000802295,15.97621110912413,101.6422150692936,278.4547031057235,345.4066663005097,MBA,2026-06-05,0
1327,Namaqua,22.318,12.15,,2461200.5,.1627477169346842,2.779515220027203,5.821864852125541,57.71666379584125,269.4378985855481,284.8649122430243,MBA,2026-06-05,0
1328,Devota,53.697,10.04,,2461200.5,.1367224660752328,3.500873619458267,5.770020371191626,222.5455219836834,171.4794666787224,137.8908463882088,OMB,2026-06-05,0
1329,Eliane,19.467,11.02,,2461200.5,.1747450313948108,2.615519881980587,14.49901348577828,131.8300024454423,165.8673104807462,261.8972898930925,MBA,2026-06-05,0
1330,Spiridonia,68.417,10.22,,2461200.5,.07497058237017994,3.172559369032276,15.95788664819888,158.7502431010527,2.207263189001222,304.975658509264,MBA,2026-06-05,0
1331,Solvejg,36.824,10.66,,2461200.5,.1895018599177746,3.100960508266886,3.101120949692521,121.3143869000961,184.2505959248106,4.951217530726385,MBA,2026-06-05,0
1332,Marconia,46.796,10.61,,2461200.5,.1356403960942294,3.058174531940921,2.451670563760782,13.44668498006208,347.8722736763787,195.5785647998507,MBA,2026-06-05,0
1333,Cevenola,15.262,11.45,,2461200.5,.1314267654688947,2.63422402200784,14.61901312173054,114.9854754707584,336.5092902193845,267.5696258989158,MBA,2026-06-05,0
1334,Lundmarka,27.621,10.55,,2461200.5,.09101258110622179,2.917167043171404,11.45757998909706,133.0889078617984,129.3265529834875,200.3846211748747,MBA,2026-06-05,0
1336,Zeelandia,21.441,10.66,,2461200.5,.06302446354948027,2.850012139103597,3.195715005753332,97.38253684331222,217.2873029546942,55.34038621517398,MBA,2026-06-05,0
1337,Gerarda,40.875,11.22,,2461200.5,.1020694464814271,2.908934859960928,17.99601069933558,160.1030123376263,202.1391693656386,172.6289419125575,MBA,2026-06-05,0
1339,Desagneauxa,24.450,10.91,,2461200.5,.05277094912366975,3.021111433579143,8.690381468269441,290.6469818160207,159.3123312477942,144.3134728831542,MBA,2026-06-05,0
1340,Yvette,29.451,11.21,,2461200.5,.1186476791944277,3.194270395401325,.4097324633379504,343.9259491250997,228.0440020953939,315.1744004172413,MBA,2026-06-05,0
1341,Edmee,23.859,10.73,,2461200.5,.07606429801328322,2.743453837106153,13.09828625171943,107.4210297731586,142.3792586360643,271.606013694209,MBA,2026-06-05,0
1343,Nicole,23.793,11.08,,2461200.5,.1157626818790279,2.567916046022798,6.02824435102323,41.17306675519822,235.417458095215,332.1443078445831,MBA,2026-06-05,0
1345,Potomac,72.976,9.83,,2461200.5,.1834033102895019,3.990401102916433,11.40671474669123,137.3940448098385,332.366188261946,354.7749549433971,OMB,2026-06-05,0
1347,Patria,32.40,11.30,,2461200.5,.06637113904616299,2.571162889808061,11.87020184786464,229.0364596388844,202.4209000869843,316.9524778434654,MBA,2026-06-05,0
1348,Michel,16.290,11.14,,2461200.5,.1386138593314271,2.791592976182816,6.587737206341438,87.51302654524463,17.27088510278281,46.75313462840369,MBA,2026-06-05,0
1349,Bechuana,24.249,10.63,,2461200.5,.1520659284083338,3.019380780169125,10.0538009016489,307.0139682872658,305.5661701662781,219.3347786441102,MBA,2026-06-05,0
1350,Rosselia,20.822,10.70,,2461200.5,.08561936076133346,2.858082997811487,2.943802776523852,139.4518545495451,237.7037078511036,358.0313336609769,MBA,2026-06-05,0
1351,Uzbekistania,60.010,10.17,,2461200.5,.06909959307384607,3.194214660734327,9.644308060057984,9.292762400298892,65.13223514655223,324.7606907375501,MBA,2026-06-05,0
1352,Wawel,19.979,11.19,,2461200.5,.06308253983423309,2.777626655479101,3.761292061220511,185.9300539525348,213.4604692663676,353.9066608299356,MBA,2026-08-08,0
1353,Maartje,39.013,10.04,,2461200.5,.0950741510924714,3.011067584835322,9.202417898226914,211.6101324607876,96.43248308948669,20.29014633745662,MBA,2026-03-11,0
1354,Botha,41.732,10.99,,2461200.5,.2146923269712914,3.126503427805103,5.950758762109824,28.65113422973735,249.9543573238448,106.5573177530963,MBA,2026-06-05,0
1356,Nyanza,60.895,10.27,,2461200.5,.05532737837399213,3.080630597612197,7.944918570569403,69.53463058418392,299.016557353232,173.7609518651664,MBA,2026-06-05,0
1357,Khama,38.321,10.95,,2461200.5,.1534975578456598,3.189223991764119,13.95503971417519,83.62369797433627,283.0418286558341,296.4496531088072,MBA,2026-06-05,0
1358,Gaika,22.183,12.62,,2461200.5,.1650578661033316,2.477036706198548,2.171900589742521,21.72074437352783,286.943333093106,115.1810388884618,MBA,2026-06-05,0
1359,Prieska,46.096,10.41,,2461200.5,.07263071562643496,3.120594110359338,11.08649320204859,63.91604323881677,342.3410446737712,85.94142533395801,MBA,2026-06-05,0
1360,Tarka,33.316,11.48,,2461200.5,.2145656826597015,2.633370730677682,22.83256302986318,331.3841353126582,287.5864517266754,123.3064455270921,MBA,2026-06-05,0
1361,Leuschneria,29.637,10.95,,2461200.5,.1304740974520988,3.080410683351055,21.58882923543423,164.6617236188906,171.6396094775047,278.358096660563,MBA,2026-06-05,0
1362,Griqua,26.936,11.23,,2461200.5,.3727093995095518,3.211446420398755,24.23744301430972,121.2987318158196,261.625369602231,170.294193692351,OMB,2026-06-05,0
1364,Safara,21.197,10.77,,2461200.5,.06926871013792323,3.012770686459961,11.46808900224006,63.84593221811075,225.9359011712084,245.7447219605514,MBA,2026-06-05,0
1366,Piccolo,27.55,10.46,,2461200.5,.1380694568518343,2.879889398463399,9.45246758427005,23.87047941709748,284.2927217475631,170.5427067277711,MBA,2026-06-05,0
1368,Numidia,19.591,10.93,,2461200.5,.06061110011606836,2.525755416607856,14.81342966605228,17.95855995424027,264.2995779475617,212.5947692308817,MBA,2026-06-05,0
1369,Ostanina,42.401,10.70,,2461200.5,.2168084454681453,3.113791358370007,14.37547466370886,179.8107500221028,129.1409809279726,214.3467274228395,MBA,2026-06-05,0
1371,Resi,27.155,11.77,,2461200.5,.1223730241692149,3.19823034076554,16.45660626661317,185.0449730229703,101.3673864010843,326.7397484740908,MBA,2026-06-05,0
1372,Haremari,26.491,11.13,,2461200.5,.1478070485625174,2.767453940396627,16.43644284216035,327.3596957989413,87.65590202804434,210.2359786557937,MBA,2026-06-05,0
1373,Cincinnati,19.448,11.45,,2461200.5,.3150913518845092,3.41730225292975,38.95235185328961,297.4385831786451,98.86779510250228,143.8969005393383,OMB,2026-06-05,0
1378,Leonce,21.228,12.38,,2461200.5,.1509857089033185,2.373686011267269,3.591815010086722,43.49854256203179,201.9512845667919,180.9904014410276,MBA,2026-06-05,0
1379,Lomonosowa,18.690,10.86,,2461200.5,.0932344949885416,2.523540662978351,15.61073728663395,169.8156536288278,32.92711505489496,153.5727437532879,MBA,2026-03-11,0
1380,Volodia,21.188,11.78,,2461200.5,.1108779284906843,3.145465495039705,10.40831947613078,358.8712066100929,247.8372053374604,2.778911123917034,MBA,2026-06-05,0
1381,Danubia,19.825,12.69,,2461200.5,.1813111908217271,2.488889558719751,4.698924682895476,351.709818947825,29.44603637160605,112.78067118495,MBA,2026-06-05,0
1383,Limburgia,23.399,12.25,,2461200.5,.1864985274812805,3.082803839849896,.05439385074626901,192.7569770055684,165.3761535468201,341.6651091656437,MBA,2026-06-05,0
1384,Kniertje,26.517,11.62,,2461200.5,.1795409397751783,2.678291075911303,11.85938619988243,152.78705161,276.0997192503374,288.1233656734522,MBA,2026-06-05,0
1385,Gelria,19.526,10.84,,2461200.5,.1073062694063533,2.741023593274708,6.920520731526828,114.8420183882497,259.449172570033,266.7699515120185,MBA,2026-06-05,0
1388,Aphrodite,21.355,11.14,,2461200.5,.08834762489664051,3.025352397715311,11.16693810124944,54.22793155989743,259.7198666622048,160.5746704701823,MBA,2026-06-05,0
1390,Abastumani,95.849,9.16,,2461200.5,.03699918333344684,3.438544255796093,19.91724166906067,28.82294446401767,336.7728019526933,92.78467057672908,OMB,2026-06-05,0
1392,Pierre,26.44,12.05,,2461200.5,.2022773480368656,2.608515108799254,12.25823816121403,358.2034473146263,43.90036575583042,273.855607895908,MBA,2026-06-05,0
1395,Aribeda,19.919,11.49,,2461200.5,.06801095419755401,3.198254574885633,8.66043821971628,244.7191099777499,107.0950811834348,193.93979868791,MBA,2026-06-05,0
1397,Umtata,20.798,11.41,,2461200.5,.2528769573344565,2.684770804521156,3.506449287087182,77.41658360291829,206.5956300764575,171.6744911870312,MBA,2026-06-05,0
1398,Donnera,24.553,10.23,,2461200.5,.0989730371841199,3.161646827260255,11.84818521744841,296.8613136008792,72.92850847279897,342.5799614628116,MBA,2026-03-11,0
1400,Tirela,15.697,11.43,,2461200.5,.2352183189188191,3.129137274462604,15.5883947515658,209.5155596126762,113.2310644512712,165.9798886896948,MBA,2026-06-05,0
1403,Idelsonia,26.531,11.56,,2461200.5,.2938051934992894,2.717605802724266,10.17918311906522,156.9552655232065,192.2895039002481,.6683503499519078,MBA,2026-03-11,0
1404,Ajax,83.990,9.29,,2461200.5,.112234599668095,5.282250039674843,18.03249366238109,332.8779072580851,61.57499448921174,129.0108929449682,TJN,2026-06-05,0
1406,Komppa,24.243,11.51,,2461200.5,.09797649704727332,2.69721438455799,12.43096921031437,332.9928009757717,86.71452765236958,53.69589295236133,MBA,2026-06-05,0
1407,Lindelof,20.310,11.01,,2461200.5,.2839124121886105,2.760962378033679,5.825064341172681,268.3123598162301,111.132135411764,198.3296851861491,MBA,2026-06-05,0
1408,Trusanda,35.423,11.26,,2461200.5,.09751490771792511,3.105694100209774,8.349705749906015,201.3581448859696,185.4062093642812,158.8488037084919,MBA,2026-06-05,0
1409,Isko,35.54,11.09,,2461200.5,.05669344609234763,2.676548850194828,6.706712232835184,177.4919091107596,205.0175706155232,253.9881613010577,MBA,2026-06-05,0
1410,Margret,21.083,11.11,,2461200.5,.1090107104426559,3.019739072153312,10.36272675760153,170.7416350327618,233.3729259665865,90.1625651749186,MBA,2026-06-05,0
1411,Brauna,28.272,11.00,,2461200.5,.0608707114410206,3.001033214020744,8.055467044871053,284.4136150743053,91.74719038245632,174.9395968099645,MBA,2026-06-05,0
1413,Roucarie,19.838,11.38,,2461200.5,.06632667790884157,3.022157967050972,10.23743550932361,178.5729200807691,296.9967903289049,23.28692573693197,MBA,2026-06-05,0
1414,Jerome,15.105,13.09,,2461200.5,.1579594195561224,2.786412207336455,8.852532121191043,143.5909881644735,1.982386515244101,69.44193519067009,MBA,2026-06-05,0
1416,Renauxa,27.552,10.66,,2461200.5,.1103220315400313,3.017473021056333,10.03939684510207,352.4243451118669,65.69960457535041,76.47470779479258,MBA,2026-06-05,0
1417,Walinskia,16.874,11.23,,2461200.5,.07815952944144183,2.972244723641583,8.269455335013667,95.9667283828728,163.504249941186,97.53562865788801,MBA,2026-03-11,0
1420,Radcliffe,20.524,12.00,,2461200.5,.07804158007479266,2.748603234118208,3.489681387955264,260.710621847907,72.50798854036202,309.3097989301647,MBA,2026-06-05,0
1421,Esperanto,43.31,10.60,,2461200.5,.08470836740999339,3.087986591400206,9.802110226687313,42.54472955317099,161.5219080345146,191.3979074043374,MBA,2026-06-05,0
1423,Jose,19.580,10.93,,2461200.5,.08278648841805927,2.858298843967273,2.90447754434392,58.4187933345511,320.1115560747571,184.9292532685398,MBA,2026-06-05,0
1424,Sundmania,64.691,9.98,,2461200.5,.05534082955110141,3.189656528189269,9.160371747294347,42.87530554815631,304.1321582509734,26.90761652678158,MBA,2026-06-05,0
1426,Riviera,17.613,11.00,,2461200.5,.1611222994991027,2.579752032090177,9.067093108930454,334.9876622850665,274.4883879920883,153.0668046724082,MBA,2026-06-05,0
1427,Ruvuma,35.406,11.43,,2461200.5,.2098230589960888,2.75437863073188,9.332878876786522,78.38913094340559,242.195774442726,136.6887440709704,MBA,2026-06-05,0
1428,Mombasa,52.464,10.27,,2461200.5,.141302808869522,2.809793277251091,17.30502697617274,115.6227282339045,251.7807740686019,256.2928449968888,MBA,2026-06-05,0
1434,Margot,27.178,10.38,,2461200.5,.06938596674599545,3.016541675783292,10.82835237083474,152.3087365660979,144.8124808834868,331.3542181892924,MBA,2026-06-05,0
1436,Salonta,53.769,10.28,,2461200.5,.05955274594365217,3.15110788292512,13.87717198039099,260.3743294041192,32.89200598798577,170.1352583493957,MBA,2026-06-05,0
1437,Diomedes,117.786,8.14,,2461200.5,.04587842622153006,5.228651365544077,20.45319407877838,315.7727376430237,131.5010067170855,122.4155528777388,TJN,2026-06-05,0
1438,Wendeline,37.511,11.56,,2461200.5,.2367356760917635,3.159679505097537,2.043189098991235,238.2043668037306,128.9908731081591,242.6078556332642,MBA,2026-06-05,0
1439,Vogtia,50.561,10.65,,2461200.5,.1174774863242248,3.994490341862971,4.203617558654742,35.53498289502737,100.7873847346046,311.4820430985209,OMB,2026-06-05,0
1440,Rostia,15.299,12.57,,2461200.5,.1857369404375781,3.161979229936278,2.266514020581766,46.52045912817798,350.8418387397238,295.9140930783381,MBA,2026-08-08,0
1442,Corvina,16.947,11.50,,2461200.5,.07950783787653745,2.875248958828697,1.260797661249317,220.49944454368,129.5526613973853,163.0240340780235,MBA,2026-06-05,0
1443,Ruppina,16.467,11.06,,2461200.5,.06366728990860895,2.938160924146535,1.935316804717221,174.7782250964018,159.2932988423816,331.5012264028223,MBA,2026-06-05,0
1444,Pannonia,26.363,11.76,,2461200.5,.1370286983692864,3.152717423928274,17.76045267555879,303.199511611698,310.0166704799078,147.9817320099658,MBA,2026-06-05,0
1445,Konkolya,20.332,11.82,,2461200.5,.1867251968236776,3.118001823579288,2.27824928287837,88.86483370002591,274.6493799661015,125.694248083355,MBA,2026-06-05,0
1448,Lindbladia,20.65,13.05,,2461200.5,.185899397875607,2.371965895626284,5.810838292636643,44.74585112948799,75.05748283406528,69.96789492911655,MBA,2026-06-05,0
1450,Raimonda,18.481,12.51,,2461200.5,.1720981935361875,2.611598431811346,4.854123155273659,74.83130841673226,14.88270969545857,17.06941296160399,MBA,2026-06-05,0
1452,Hunnia,20.910,12.22,,2461200.5,.2017882191683552,3.11064307439232,14.19975896134128,21.26601894027836,93.50939306660912,50.77193736058878,MBA,2026-06-05,0
1456,Saldanha,37.815,11.14,,2461200.5,.2260348675958003,3.202928505441972,10.44339754748994,282.3366375203545,65.63253283820897,141.4916232992472,OMB,2026-06-05,0
1457,Ankara,17.834,10.81,,2461200.5,.1582876249891983,2.69476642731784,6.084158693040531,296.073261579809,296.669443972084,99.83296905825866,MBA,2026-06-05,0
1458,Mineura,17.19,11.33,,2461200.5,.182690559490558,2.625255242750125,12.53506469267834,181.5622328662803,100.0577109170544,359.6086445199225,MBA,2026-06-05,0
1459,Magnya,29.188,10.46,,2461200.5,.2280616569895671,3.152711747824378,16.89008555108648,41.37212523240624,328.7679892482935,325.758643392556,MBA,2026-06-05,0
1461,Jean-Jacques,35.145,10.13,,2461200.5,.05181860476505384,3.12902574361623,15.31464737551854,104.6068758801558,333.7757668876824,35.93210404655879,MBA,2026-06-05,0
1462,Zamenhof,27.366,11.38,,2461200.5,.108196733936169,3.146242284953453,.9640105257873848,24.73269363607807,186.215243285144,213.2003416791255,MBA,2026-06-05,0
1463,Nordenmarkia,36.547,10.71,,2461200.5,.1946056059747708,3.149065277711909,7.260488741748902,329.0838947796436,80.3220781885897,12.16526293486745,MBA,2026-06-05,0
1464,Armisticia,23.313,10.98,,2461200.5,.04536707362325047,3.004955423442861,11.54398501711725,86.54971439037278,61.31846310905994,142.5530853509607,MBA,2026-06-05,0
1465,Autonoma,18.111,11.74,,2461200.5,.1778546472439129,3.026540046824729,9.922278024266808,166.9115828584879,50.15496373056725,230.6146737789692,MBA,2026-06-05,0
1466,Mundleria,22.131,12.43,,2461200.5,.1558266061294589,2.377861020048572,13.1422355704882,154.7894415098698,75.56539215745237,27.23367371421628,MBA,2026-06-05,0
1467,Mashona,89.160,8.77,,2461200.5,.1265655582053494,3.387275935867543,21.89879866344198,326.2892047835597,350.325693629931,40.60661586775063,OMB,2026-06-05,0
1469,Linzia,74.780,9.94,,2461200.5,.06079046435186275,3.125519448091681,13.41927131162265,188.6765500731696,206.9482345823093,264.1096955051914,MBA,2026-06-05,0
1470,Carla,36.97,11.13,,2461200.5,.0739854018336043,3.155563581758644,3.200599313630392,358.1790206991985,338.1639509825901,242.0057651292367,MBA,2026-06-05,0
1471,Tornio,28.719,11.13,,2461200.5,.1191922291471714,2.715843548657646,13.60702290527074,321.8415377105313,93.22761344117954,173.3235013628841,MBA,2026-06-05,0
1473,Ounas,18.164,11.88,,2461200.5,.2369418674867681,2.576695289352867,13.63795667083557,216.3925407984263,129.608829179409,110.9301325007508,MBA,2026-06-05,0
1477,Bonsdorffia,25.851,11.60,,2461200.5,.2657305269199799,3.209997732477738,15.8098630925596,319.8023252449622,105.4270012407415,256.7888515390246,OMB,2026-06-05,0
1479,Inkeri,15.206,11.90,,2461200.5,.1947737012209795,2.673849760278442,7.293963265197712,17.97735733086654,79.56628433303155,92.59909192403885,MBA,2026-06-05,0
1481,Tubingia,33.770,10.45,,2461200.5,.04050701146927604,3.021689353420789,3.508162631884797,353.5289964180507,318.2734042622351,159.5839375377048,MBA,2026-06-05,0
1482,Sebastiana,17.186,11.04,,2461200.5,.03947085217625836,2.87121459869335,2.97158979654965,70.96516699552863,219.3813079156102,283.8629725298651,MBA,2026-06-05,0
1484,Postrema,40.871,10.83,,2461200.5,.2073133957119002,2.735528652883668,17.29636219034786,72.58776923086998,126.8594614063555,170.5956189906677,MBA,2026-03-11,0
1485,Isa,17.336,11.84,,2461200.5,.1189541147289217,3.022337948996251,8.93427945177703,297.3005703711493,46.07649709371074,232.047504980073,MBA,2026-06-05,0
1487,Boda,25.671,11.29,,2461200.5,.124572906593867,3.135181067816541,2.467262010465526,97.03080778936959,106.6858973807527,141.5561159637173,MBA,2026-06-05,0
1488,Aura,24.665,10.25,,2461200.5,.1136007408888795,3.04241720772583,10.55377808782242,354.2243388906144,115.2593073257426,185.8935035807229,MBA,2026-06-05,0
1489,Attila,26.789,11.74,,2461200.5,.153606136474853,3.186075230815648,2.472704820927636,154.557919844228,26.8443003364102,111.8553162324845,MBA,2026-07-15,0
1491,Balduinus,21.941,11.39,,2461200.5,.127651546285033,3.241367197943435,3.640167403580126,312.9905584873019,160.7161933954652,157.1149830229566,OMB,2026-06-05,0
1493,Sigrid,28.905,12.11,,2461200.5,.2007565031836237,2.429590297551317,2.575938514878385,330.5350232444039,1.539720738105628,71.09941670701519,MBA,2026-06-05,0
1497,Tampere,15.519,11.48,,2461200.5,.08287653055420144,2.894943564828891,1.057386094271099,299.8946563227627,27.75049574720238,325.0101865607237,MBA,2026-06-05,0
1498,Lahti,31.605,11.86,,2461200.5,.2345384592162509,3.103925854974788,12.66057213314008,265.0474375558791,96.97162617956585,24.04571789555548,MBA,2026-06-05,0
1502,Arenda,35.518,11.48,,2461200.5,.08705502883648825,2.731940768469723,4.093156551846224,204.2762006077097,272.6248536409933,98.54247017145657,MBA,2026-06-05,0
1503,Kuopio,22.985,10.63,,2461200.5,.1015037032126365,2.627222943595092,12.34360669468351,316.8027895460291,178.8298678941013,175.1288110147458,MBA,2026-06-05,0
1505,Koranna,22.277,11.43,,2461200.5,.1338032993748238,2.659066403649643,14.5052016991043,248.1250568164975,344.5614230519629,20.77523624910817,MBA,2026-06-05,0
1510,Charlois,24.507,11.72,,2461200.5,.1492796261811366,2.671221920043692,11.83035824073878,331.3096743021528,164.4629373291442,19.85960461939029,MBA,2026-06-05,0
1512,Oulu,79.872,9.54,,2461200.5,.1428256554649311,3.969612926085931,6.4651299720514,10.0479246879836,237.146010772702,14.85224844268972,OMB,2026-06-05,0
1516,Henry,26.442,12.08,,2461200.5,.1854192544481498,2.622398374883596,8.74962260578576,125.8082216979619,93.77969728127202,240.5350726362415,MBA,2026-06-05,0
1517,Beograd,39.524,11.40,,2461200.5,.04307736472833781,2.716820455525028,5.271771768663048,63.82845005323025,229.49147892924,145.8406505629165,MBA,2026-06-05,0
1519,Kajaani,31.166,11.54,,2461200.5,.2391284845862641,3.128463688733954,12.60059597336848,15.77681559775016,338.9515894906692,305.1225267896965,MBA,2026-06-05,0
1520,Imatra,53.435,10.56,,2461200.5,.09430319154084721,3.108759214121611,15.27640087112589,253.2631709333777,119.7275893807598,31.53141027867433,MBA,2026-06-05,0
1524,Joensuu,45.056,10.80,,2461200.5,.1196199818912848,3.111346683854484,12.69305565956095,347.6171608459904,1.007935236159918,305.7358966224023,MBA,2026-06-05,0
1529,Oterma,56.319,9.94,,2461200.5,.207350836776352,3.988941364096273,9.069040295824202,100.485993156823,293.1805856904017,87.92347838022077,OMB,2026-06-05,0
1532,Inari,24.439,10.82,,2461200.5,.04707696763799487,3.006187681211285,8.775636053523858,330.4957327003037,128.1243147308903,205.6961972704625,MBA,2026-06-05,0
1533,Saimaa,24.298,10.80,,2461200.5,.0414990320021704,3.009661712963792,10.71638682027197,156.5292943992793,7.854054661563343,233.2186164221603,MBA,2026-08-08,0
1534,Nasi,22.12,11.87,,2461200.5,.2503437917829853,2.731084871671274,9.793191596866393,62.08541492064009,42.37643657106685,154.0835346936716,MBA,2026-06-05,0
1535,Paijanne,23.836,11.57,,2461200.5,.2015669955671376,3.155767463686891,6.082701446523973,264.5039453271548,41.21594522563824,221.6584787139396,MBA,2026-06-05,0
1537,Transylvania,20.288,12.32,,2461200.5,.2931289957426544,3.059006464731683,3.855875858213617,229.8621602730872,148.7383749934478,12.55706657649849,MBA,2026-08-08,0
1539,Borrelly,26.791,11.22,,2461200.5,.193609936257792,3.140465915097991,1.73538950494206,142.8926428266208,249.9759802175487,114.7046481294354,MBA,2026-06-05,0
1540,Kevola,43.875,10.95,,2461200.5,.084713415813192,2.850469031403872,11.95709435594001,52.38829126576447,110.8254479016875,336.1755966326901,MBA,2026-06-05,0
1541,Estonia,22.000,11.55,,2461200.5,.0673845406107772,2.770253682181615,4.869559586539236,1.218569808009158,190.0908630442808,313.797770244225,MBA,2026-06-05,0
1542,Schalen,42.374,10.56,,2461200.5,.1193326743917923,3.089925878876226,2.76919179436923,211.5720952537398,162.2175738658754,182.9578592855349,MBA,2026-06-05,0
1544,Vinterhansenia,24.561,11.94,,2461200.5,.1042474712919427,2.373831873336122,3.332236704283849,59.89193971128078,356.651802317858,33.76342562794931,MBA,2026-06-05,0
1545,Thernoe,18.656,11.80,,2461200.5,.2370605896474983,2.77080251454128,2.951143295763738,51.77469990723636,89.81143690726446,49.85884371408655,MBA,2026-06-05,0
1546,Izsak,26.438,10.70,,2461200.5,.1280824727250812,3.171214833716266,16.1240649379459,190.2696449199825,281.0386717783513,275.2832715358098,MBA,2026-06-05,0
1547,Nele,20.877,10.59,,2461200.5,.2512825209099002,2.646946918211242,11.72115442369132,291.2080760188041,154.9129061227911,258.8060831426922,MBA,2026-06-05,0
1548,Palomaa,30.761,11.69,,2461200.5,.08199864514168548,2.786186092783696,16.55456727044582,116.8903699151111,87.19628074419374,197.4285321354562,MBA,2026-06-05,0
1552,Bessel,18.514,11.50,,2461200.5,.1020578012380053,3.011515468568347,9.833707275189793,9.804652698323494,40.36832970351439,68.63382302845307,MBA,2026-06-05,0
1554,Yugoslavia,16.185,11.41,,2461200.5,.2010553694923985,2.620346238867174,12.14293798117398,217.0251375754556,131.6358578679742,86.30283747314262,MBA,2026-06-05,0
1555,Dejan,23.199,11.78,,2461200.5,.275197159499691,2.691900782977433,6.019867627796082,317.9842184015699,47.91888596816667,66.47484730795753,MBA,2026-06-05,0
1556,Wingolfia,28.65,10.49,,2461200.5,.1058203530971704,3.428343361169069,15.72109483532702,91.35609376172329,266.1590035465903,239.896883526139,OMB,2026-06-05,0
1557,Roehla,18.766,11.46,,2461200.5,.1088005018345997,3.00808969982809,10.30216840626233,354.9370114654399,3.569084639341827,171.2948892341596,MBA,2026-06-05,0
1558,Jarnefelt,54.977,10.46,,2461200.5,.02776995856971996,3.22449435397409,10.51091872909042,110.7554917494477,303.9273226995468,277.1839378727867,OMB,2025-11-19,0
1560,Strattonia,23.825,11.67,,2461200.5,.2115624930678657,2.685117295171653,6.282028450403593,289.0601759324038,94.6414063441872,22.19586959450474,MBA,2026-06-05,0
1561,Fricke,25.352,11.45,,2461200.5,.1330919065961626,3.195337431508686,4.315283807273781,230.2490128910369,46.39647663182427,256.9755092510443,MBA,2026-06-05,0
1564,Srbija,41.681,10.99,,2461200.5,.1982042933158066,3.168612051540122,10.95947295419553,176.9336996482849,233.0600123971181,337.2822974545088,MBA,2026-06-05,0
1567,Alikoski,69.242,9.75,,2461200.5,.08189817829248715,3.21584893523924,17.25219026539399,51.36590176545872,108.3150403690188,325.698459850837,OMB,2026-06-05,0
1569,Evita,36.346,11.20,,2461200.5,.1311586947720141,3.15001926732328,12.25123762290012,99.4195093939682,248.0854135365647,302.058836916607,MBA,2026-06-05,0
1571,Cesco,18.464,11.66,,2461200.5,.115317505521715,3.139152567731888,14.59861725536386,292.3169310340966,141.6250477013989,336.560043191242,MBA,2026-06-05,0
1572,Posnania,31.500,10.33,,2461200.5,.2030148595756874,3.111819479639982,13.26781320219894,5.858392029523837,354.3904472281208,353.0996151354166,MBA,2025-11-19,0
1574,Meyer,57.785,10.01,,2461200.5,.03551429011162044,3.53579930630404,14.48039250771692,245.5853586902527,259.3620533287499,253.5306840559743,OMB,2026-06-05,0
1576,Fabiola,27.357,11.33,,2461200.5,.1676623521565287,3.142984717885333,.9552238948787558,166.5850186914907,247.21287956,331.9487264231965,MBA,2026-06-05,0
1578,Kirkwood,47.077,10.16,,2461200.5,.2412086313340558,3.929909413488797,.8072794672478379,74.02023044853382,1.929796414488991,240.3020654827697,OMB,2026-06-05,0
1579,Herrick,46.925,10.66,,2461200.5,.1282251609499524,3.441000044403545,8.763484097921706,183.9609634273626,278.5721500629925,20.62051588524982,OMB,2026-06-05,0
1581,Abanderada,29.508,11.12,,2461200.5,.1230266585323997,3.155805753229874,2.539236273189601,104.8033161338113,89.09812147658486,243.6546546541673,MBA,2026-06-05,0
1582,Martir,37.252,11.52,,2461200.5,.1248452511864742,3.156835623389121,11.60609450969375,93.89101766253377,127.536378803688,232.8653700422626,MBA,2026-06-05,0
1583,Antilochus,108.842,8.54,,2461200.5,.05292730779889446,5.15386729375085,28.48155199579634,221.3894349726494,189.272533469459,148.8100590295429,TJN,2026-06-05,0
1584,Fuji,19.180,10.81,,2461200.5,.1957043407475217,2.375200622330174,26.64763741792698,305.3329079889912,188.8519445275113,40.00148041604108,MBA,2026-06-05,0
1585,Union,55.271,10.30,,2461200.5,.3081416388679274,2.930553428582416,26.17067595245433,150.0520257227031,264.2419914796376,214.1713730103112,MBA,2026-06-05,0
1587,Kahrstedt,15.444,11.55,,2461200.5,.1557169924603112,2.543550553219709,7.835596581879629,357.2989780260734,98.21304207762708,53.0537799266185,MBA,2026-06-05,0
1588,Descamisada,17.541,11.44,,2461200.5,.06977071204873013,3.02953892213845,11.26161744483545,98.53168770859878,222.2637740027453,22.63671796424895,MBA,2026-06-05,0
1595,Tanga,26.572,12.03,,2461200.5,.1105741568662963,2.644451409846978,4.163233475480943,112.1608721723695,189.3471254343536,89.9851138479233,MBA,2026-08-08,0
1596,Itzigsohn,45.534,10.74,,2461200.5,.1285675686820209,2.891083978551168,13.28774040218753,248.9558819534783,159.6635176845703,226.1246159944566,MBA,2026-06-05,0
1599,Giomus,41.295,11.11,,2461200.5,.1401818334467715,3.132170457830324,6.091019450105096,43.28581769554658,355.0589841156773,221.1915025227595,MBA,2026-06-05,0
1603,Neva,39.564,10.96,,2461200.5,.09363320340861388,2.755871034333643,8.551864578535511,129.9350144581647,255.9342618693412,291.1462629207334,MBA,2026-06-05,0
1604,Tombaugh,32.33,10.63,,2461200.5,.1048309160391844,3.02064400557982,9.394862652617975,308.8550038936374,36.63169779836358,241.3127421872247,MBA,2026-06-05,0
1605,Milankovitch,29.598,10.27,,2461200.5,.07101866227016299,3.015379829223052,10.57833184793789,173.5882345023437,277.3530470040348,192.194131511796,MBA,2026-06-05,0
1606,Jekhovsky,18.981,12.22,,2461200.5,.3176280748207822,2.688978527013367,7.71942807176959,190.2923423263804,142.8911183611924,59.47794529495902,MBA,2026-06-05,0
1609,Brenda,29.64,10.55,,2461200.5,.2485945023197204,2.584353540913738,18.62858319242229,105.1798088723741,229.0002657926656,348.5844378153601,MBA,2026-06-05,0
1611,Beyer,24.444,11.87,,2461200.5,.1595328612877326,3.176816190307064,4.276895580172229,237.3905137646752,74.48423627422402,349.7047567374304,MBA,2026-06-05,0
1612,Hirose,18.956,10.83,,2461200.5,.08912826617078982,3.106566950375124,16.85823432840388,319.3145771674332,243.3338049737447,300.6588096892248,MBA,2026-06-05,0
1613,Smiley,18.224,11.74,,2461200.5,.2596870212598281,2.737426642197765,7.974266530987025,320.6903246712465,126.78574185,205.6739696795092,MBA,2026-06-05,0
1614,Goldschmidt,48.007,10.84,,2461200.5,.07087725368761749,2.996825218695464,14.10752372635833,162.220497570793,348.8946133074982,152.0816867503278,MBA,2026-06-05,0
1615,Bardwell,29.139,11.51,,2461200.5,.1834420618202786,3.116413903385251,1.691707645264154,152.4264453359555,254.4401781739483,20.87188251470588,MBA,2026-06-05,0
1616,Filipoff,23.715,11.25,,2461200.5,.01523211961125146,2.911155414363666,8.482526391153193,48.02415140539264,16.40914396997694,253.0912906956698,MBA,2026-06-05,0
1617,Alschmitt,21.283,10.90,,2461200.5,.119627021644792,3.206657525557261,13.25272474930021,154.4927927634236,24.79746579974782,357.7645699372113,OMB,2026-06-05,0
1618,Dawn,17.495,11.18,,2461200.5,.03103084905246825,2.868931095745401,3.222524329885929,102.8004611950924,177.6893100784064,19.82843919303018,MBA,2026-06-05,0
1623,Vivian,27.851,11.46,,2461200.5,.1545156991647622,3.143056053326525,2.503190798678991,115.3339304228146,321.2466593701016,272.9408777094294,MBA,2025-11-19,0
1624,Rabe,26.270,11.43,,2461200.5,.09452549211608637,3.1898870206814,1.996967387231993,133.3529488430389,28.71211863051605,111.9045303266933,MBA,2026-06-05,0
1625,The NORC,53.317,10.41,,2461200.5,.2378492838264274,3.177028956723838,15.53630265154358,320.1862490074698,287.0139926828145,341.6272015860624,MBA,2026-06-05,0
1626,Sadeya,15.140,11.06,,2461200.5,.2735857611257823,2.363403831401783,25.32098349140514,279.4572639412249,149.263616776853,158.3719264754748,MBA,2026-06-05,0
1628,Strobel,59.345,10.21,,2461200.5,.06190280254824258,3.01425110269811,19.36148883652459,181.0715340535332,287.9165771050719,128.5947267946248,MBA,2026-06-05,0
1630,Milet,19.168,11.56,,2461200.5,.1658176174597292,3.031348988596863,4.530106491819212,54.39054513179124,94.30464229994452,22.48818324441208,MBA,2026-06-05,0
1632,Siebohme,29.351,11.78,,2461200.5,.1359854679504592,2.655290116177409,5.718904059720515,199.7017292705276,126.6588886452344,78.25153607859177,MBA,2026-08-08,0
1633,Chimay,37.428,10.64,,2461200.5,.129202379305553,3.187216025334141,2.668183618177756,113.4955681782732,72.61591855248507,62.69830512474803,MBA,2026-06-05,0
1635,Bohrmann,17.127,10.99,,2461200.5,.06164619023258194,2.852541689320793,1.825693657355153,184.3092722905533,134.4197579872537,293.0554762346031,MBA,2026-06-05,0
1637,Swings,52.994,10.44,,2461200.5,.05153179840215859,3.068577330104673,14.07981677096361,21.14223716786296,238.3107667399319,347.3228383161259,MBA,2026-06-05,0
1638,Ruanda,19.094,11.63,,2461200.5,.1917381353780404,2.746382909434977,.2980173866822999,200.8413300480973,86.19476847717894,319.6032468946393,MBA,2026-06-05,0
1639,Bower,35.676,11.17,,2461200.5,.1481178725960601,2.572673837230096,8.442580211559443,324.1119998137271,106.9730947399917,350.4289055705256,MBA,2026-08-08,0
1641,Tana,25.66,10.54,,2461200.5,.0973948674485785,3.020015860276895,9.321402193393391,331.3585744770284,1.155946039515402,100.1597519730575,MBA,2026-06-05,0
1642,Hill,16.240,10.91,,2461200.5,.06807375376066856,2.752809606665465,10.8078065849961,338.9675721818763,148.152454002452,3.483549894329792,MBA,2026-06-05,0
1645,Waterfield,28.146,11.17,,2461200.5,.1108824326957865,3.063763442005948,1.025727616141799,265.3108325014371,107.6357204412308,83.32710743657321,MBA,2026-06-05,0
1647,Menelaus,42.716,10.47,,2461200.5,.02293264278020753,5.198098278460315,5.65289549783778,240.2759319154898,300.1683483145535,349.3186183458291,TJN,2026-06-05,0
1650,Heckmann,30.202,11.69,,2461200.5,.1613634486930831,2.43731992811735,2.749180227406061,199.6018883671921,56.80032219088779,227.6854555730247,MBA,2026-06-05,0
1654,Bojeva,25.115,10.88,,2461200.5,.08558897030356104,3.016395590079071,10.4247819818237,25.13865746483952,333.577570961688,40.71503356296333,MBA,2026-06-05,0
1655,Comas Sola,35.943,11.10,,2461200.5,.2309488555706114,2.784515224406156,9.58495012722757,111.032068494402,323.8363694411302,282.7244032412968,MBA,2025-11-19,0
1659,Punkaharju,28.010,9.98,,2461200.5,.2605004655168745,2.782106529831289,16.42975519252822,338.1561487424922,36.28875813319157,202.866813225596,MBA,2026-06-05,0
1668,Hanna,24.813,12.17,,2461200.5,.216044543986498,2.805207284635861,4.740364550261082,160.9047620423633,190.8263116440288,246.3594006593016,MBA,2026-06-05,0
1669,Dagmar,42.377,10.81,,2461200.5,.1019584550943496,3.146609321818106,.9304299408107175,18.42520684489697,179.7304043301619,331.4295023777339,MBA,2026-06-05,0
1670,Minnaert,21.333,11.23,,2461200.5,.1039517516440934,2.900153904977372,10.50912939759334,59.07711553716015,18.24007125964235,137.6171650011939,MBA,2026-06-05,0
1672,Gezelle,26.205,11.49,,2461200.5,.2793883621753144,3.170146648932537,1.068373423989438,181.2797669062862,255.0813500593992,22.5625187182632,MBA,2026-06-05,0
1673,van Houten,20.733,12.18,,2461200.5,.1843695763731036,3.100126383874695,3.591066715332012,207.9011395295267,209.2600633674877,59.69602512384576,MBA,2026-06-05,0
1674,Groeneveld,32.386,11.29,,2461200.5,.1273525780903079,3.19348467168339,2.664187221221315,95.54517359279446,4.771096106891096,238.1169945770076,MBA,2025-11-19,0
1678,Hveen,42.665,11.01,,2461200.5,.1081926323266458,3.158880663094775,10.18614558280589,351.3629898770872,119.2599901987091,65.84161645474184,MBA,2026-06-05,0
1679,Nevanlinna,52.686,10.63,,2461200.5,.1524097943724126,3.117709625224297,17.97292379625528,177.3933533271371,89.33632090733384,90.4327163497509,MBA,2026-06-05,0
1681,Steinmetz,16.159,11.39,,2461200.5,.2037064950455986,2.698441448670944,7.20756735629121,94.30421049801713,1.09058253022682,161.9081862439865,MBA,2026-06-05,0
1683,Castafiore,21.159,11.71,,2461200.5,.1781459719649564,2.734525215604422,12.47351755354699,326.5153263549793,346.7208768880975,308.4322078218026,MBA,2026-06-05,0
1684,Iguassu,30.210,10.99,,2461200.5,.1337730126120077,3.089112566455149,3.672431331637139,104.9901251912942,155.6729851557359,331.0977239901709,MBA,2026-06-05,0
1686,De Sitter,29.661,11.16,,2461200.5,.1582199022864261,3.163504684017963,.6159180511061498,6.317854752291995,294.5266387814207,98.47509302940745,MBA,2026-06-05,0
1687,Glarona,37.850,10.75,,2461200.5,.1678093325288407,3.167463848799546,2.630379274531713,93.46124147554576,317.328010837653,262.040405804784,MBA,2026-06-05,0
1688,Wilkens,16.239,12.74,,2461200.5,.2399288314000634,2.622032367293402,11.73619532454225,245.6802673026286,42.69006121142038,183.3342450497838,MBA,2026-06-05,0
1690,Mayrhofer,33.810,11.05,,2461200.5,.09516154245998934,3.040248478315272,13.05235274486682,230.239718143954,154.8090941009079,261.4432835948787,MBA,2026-06-05,0
1691,Oort,33.644,10.95,,2461200.5,.1787630074380749,3.161271064033618,1.088424333776178,174.4056233581534,232.4124391873735,81.49602002351801,MBA,2026-06-05,0
1692,Subbotina,36.075,11.40,,2461200.5,.1359521070357486,2.7878225459306,2.426593356569693,199.5398321251074,111.9819674516137,120.4349563683311,MBA,2026-06-05,0
1693,Hertzsprung,37.772,11.25,,2461200.5,.2719181540266919,2.798513283707332,11.93064907945497,69.9524389683579,234.9111911962599,118.5711042143369,MBA,2026-06-05,0
1694,Kaiser,15.678,12.60,,2461200.5,.2573416820053075,2.395429874596608,11.0836490086926,13.31458185341253,356.2959991255603,255.6776248042218,MBA,2026-06-05,0
1695,Walbeck,18.953,12.57,,2461200.5,.2895187546235153,2.78656210925761,16.67466279057632,218.2845157583385,139.7682131898512,100.045043785031,MBA,2026-06-05,0
1698,Christophe,26.234,11.50,,2461200.5,.109292223278359,3.161342419858542,1.494093223356117,26.66934476574891,133.3952935387814,140.4291408855034,MBA,2026-06-05,0
1700,Zvezdara,20.176,12.45,,2461200.5,.2255799590545463,2.360298811067802,4.51259057722832,356.8048008594225,15.37494253455908,210.003154085047,MBA,2026-06-05,0
1701,Okavango,19.461,10.61,,2461200.5,.1924917015677615,3.161810969785174,16.281990558356,61.16303696889692,259.1646255372799,299.7213056607886,MBA,2026-06-05,0
1702,Kalahari,34.645,11.09,,2461200.5,.1420668792000481,2.857884019040638,9.957728989591368,103.8237211036,241.3226568228573,1.944083001272021,MBA,2026-03-11,0
1708,Polit,28.706,11.72,,2461200.5,.307877429226469,2.911372766418308,6.043546826894729,192.1866893428002,248.5855599588572,128.8749194313831,MBA,2026-06-05,0
1711,Sandrine,22.929,10.88,,2461200.5,.1127223057549598,3.014446375019054,11.0857387897563,134.6860597995546,249.4157439072808,250.614539333922,MBA,2026-06-05,0
1712,Angola,66.892,10.05,,2461200.5,.1554365979853389,3.164025993850448,19.39356854518507,237.4518790341426,17.30619087367258,31.82174607553155,MBA,2026-06-05,0
1715,Salli,24.165,12.31,,2461200.5,.2399889053324904,2.399722526743786,11.46270573577514,38.86156378854021,209.0556781413494,228.3802712604097,MBA,2026-06-05,0
1716,Peter,26.656,12.03,,2461200.5,.09316909615689661,2.733235912166395,5.7433586909906,243.2761536694892,318.1036787431019,120.6493770249224,MBA,2026-08-08,0
1719,Jens,19.914,11.67,,2461200.5,.2217010123255534,2.657440511971418,14.27497819541593,323.3927421663826,57.7824174626632,330.3995103641497,MBA,2026-06-05,0
1721,Wells,43.576,11.17,,2461200.5,.05034631528556333,3.14548597911783,16.12393069970046,317.0644185640983,138.83086953335,305.2336219898195,MBA,2026-08-08,0
1723,Klemola,33.449,10.11,,2461200.5,.03708829296969384,3.014804269999603,10.9091695029195,149.5662443329885,8.545038537343965,86.55796509258647,MBA,2026-06-05,0
1724,Vladimir,38.476,11.50,,2461200.5,.05730058195890291,2.710927709206152,12.22939638333136,163.8734083053772,295.4240421727685,109.4129880284776,MBA,2026-06-05,0
1725,CrAO,16.089,11.44,,2461200.5,.0896574456888411,2.907176485376368,3.173585305625592,119.0421272471171,231.463059019378,133.4380237327289,MBA,2026-06-05,0
1726,Hoffmeister,25.250,12.27,,2461200.5,.04532951382994772,2.787354776539573,3.490951956395899,230.7498493955871,66.34240564738171,2.575726144135446,MBA,2026-06-05,0
1730,Marceline,15.203,12.11,,2461200.5,.2242313777103829,2.783772634695975,9.496650595855701,171.0625893061874,226.6313987492232,103.9290630983807,MBA,2026-06-05,0
1731,Smuts,54.784,10.51,,2461200.5,.128137227924076,3.165712324215844,5.93133343421877,152.3890519356787,201.5278884601962,243.0474693726625,MBA,2026-06-05,0
1732,Heike,22.378,11.00,,2461200.5,.115133510609488,3.013004603464714,10.79839880947987,155.4210986791036,212.3930326657816,131.1869168584223,MBA,2026-06-05,0
1734,Zhongolovich,26.425,11.87,,2461200.5,.2286554354408399,2.778972857135556,8.343243861365046,182.0004849682276,186.5560686985963,44.33933079314091,MBA,2026-08-08,0
1735,ITA,61.865,10.19,,2461200.5,.1294740306127364,3.140106927812473,15.60401197573994,9.198555092575157,274.6406668106095,47.05149977185197,MBA,2026-06-05,0
1737,Severny,21.334,11.22,,2461200.5,.04266882553199312,3.012751291639575,9.380500623815244,327.0564036783102,224.3834910308478,353.1446215509912,MBA,2026-06-05,0
1742,Schaifers,16.707,11.22,,2461200.5,.09769912848484534,2.887824635003212,2.498422297611514,152.1234144500649,212.1513955320271,240.4407796579386,MBA,2026-06-05,0
1743,Schmidt,19.338,12.49,,2461200.5,.1343626157119713,2.473826865771649,6.361819001025014,189.5624708616367,.9774855426640762,139.2477324100051,MBA,2026-03-11,0
1746,Brouwer,62.524,9.96,,2461200.5,.2082152356266891,3.952676070655631,8.363769873326206,321.8640471483887,48.0436663864584,332.8427565525491,OMB,2025-11-19,0
1748,Mauderli,44.908,10.69,,2461200.5,.2149079770810453,3.95465136716154,3.300285203141311,125.5953388880063,198.3998926106894,267.1206378570577,OMB,2026-06-05,0
1749,Telamon,64.898,9.46,,2461200.5,.1083851745435226,5.140502605565383,6.098074301210262,340.8339812137879,114.5462961646409,82.15850819844175,TJN,2026-06-05,0
1753,Mieke,19.445,11.22,,2461200.5,.0770699116409337,3.018518279673751,11.35709414449973,58.37495759911636,231.1878241985458,170.1768572530609,MBA,2026-06-05,0
1754,Cunningham,79.52,9.90,,2461200.5,.1681505712865975,3.933398499153115,12.15932647683057,162.8250184242831,109.8874092774506,124.6586967665003,OMB,2026-06-05,0
1755,Lorbach,24.878,10.74,,2461200.5,.04091627124458852,3.093037602414571,10.68484629401986,156.8289153496167,320.2407900318531,102.9795315892161,MBA,2026-06-05,0
1760,Sandra,34.765,11.18,,2461200.5,.1281653883408899,3.145505515481595,8.442517694219415,232.5714406101545,331.6066288391007,212.5063844032373,MBA,2026-06-05,0
1762,Russell,17.033,11.39,,2461200.5,.07361637483184326,2.876850393910698,2.285007382692619,160.5050138945839,233.0938423685044,308.8259688091536,MBA,2026-03-11,0
1764,Cogshall,26.970,11.43,,2461200.5,.1152271964260168,3.099186859769208,2.241563325714963,151.5889451944169,84.71322729348435,298.8428193646607,MBA,2026-06-05,0
1765,Wrubel,38.299,10.04,,2461200.5,.1810772469182665,3.17768408146899,19.87768756481874,69.98016609835622,266.6306647984275,150.3768112769873,MBA,2026-06-05,0
1766,Slipher,19.099,12.45,,2461200.5,.08633188699389366,2.749429146699236,5.234087854650412,188.5397741655317,170.3441757896019,357.1448304399956,MBA,2026-06-05,0
1767,Lampland,15.448,11.79,,2461200.5,.09590074053227182,3.019609737797859,9.82804842233795,192.0643193240668,135.7673842051787,81.62342218062992,MBA,2026-06-05,0
1768,Appenzella,20.221,12.68,,2461200.5,.179306705696261,2.450404352071463,3.252616843524194,12.32407687868669,19.86231640471913,277.9850607935691,MBA,2026-06-05,0
1771,Makover,46.886,10.39,,2461200.5,.1685545666577165,3.13048863939972,11.21441648513993,86.1651938137036,316.8188392262242,269.0649197816468,MBA,2026-06-05,0
1776,Kuiper,39.952,11.24,,2461200.5,.01853339909602413,3.102629013538605,9.486785990014877,176.4143037191929,313.1874802656847,246.9043859505643,MBA,2026-09-01,0
1778,Alfven,20.623,11.89,,2461200.5,.1350916066390125,3.140606372259764,2.472999537118469,106.1051877180333,135.3896240004385,28.96617647031779,MBA,2026-06-05,0
1780,Kippes,28.164,10.75,,2461200.5,.05772325944929554,3.015493283721403,8.988950376864556,290.8262175122666,336.7615830508545,33.77100707804433,MBA,2026-06-05,0
1782,Schneller,21.872,11.86,,2461200.5,.151658836496476,3.116421562688918,1.545388318693872,157.3677489305216,106.4281166354886,156.3382721868156,MBA,2026-06-05,0
1783,Albitskij,24.268,12.15,,2461200.5,.1323246186828696,2.662108098853741,11.49734663010623,189.3656139591397,314.6868757448485,30.82597967966564,MBA,2026-06-05,0
1786,Raahe,25.532,10.97,,2461200.5,.1093411933738405,3.020559123500588,10.44099107209205,16.18520075533871,346.7373374079598,294.2772718543551,MBA,2026-06-05,0
1787,Chiny,19.900,11.34,,2461200.5,.04826675159980507,3.002568668232568,8.921622374027729,306.6740914325051,278.8569807197779,347.4809036303583,MBA,2026-06-05,0
1788,Kiess,20.993,11.92,,2461200.5,.1526054894397258,3.128395893799701,.6863066486303161,161.3759688364234,146.7535980929822,173.0437799651924,MBA,2026-06-05,0
1791,Patsayev,29.394,11.86,,2461200.5,.1446492328554035,2.745864639830283,5.377681429975961,198.8099576008815,74.24094383833445,21.87045597056083,MBA,2026-06-05,0
1792,Reni,23.625,12.01,,2461200.5,.2778444992200814,2.778937480092147,9.007324726375016,72.67067289498681,324.0697646189155,276.1043709736873,MBA,2026-06-05,0
1794,Finsen,38.050,10.93,,2461200.5,.1584035240321919,3.12198549951599,14.66244823954748,220.540889629863,342.9385963400899,65.1946837178041,MBA,2026-06-05,0
1795,Woltjer,23.894,12.19,,2461200.5,.1904157132952701,2.785261952670302,7.530628362624461,192.0717182153718,79.26987703231222,119.5883663830045,MBA,2026-06-05,0
1796,Riga,68.167,9.86,,2461200.5,.05139554467583295,3.363307783307317,22.54975638285984,186.3878696686586,27.78923775094278,292.7447302130559,OMB,2026-06-05,0
1799,Koussevitzky,18.196,11.49,,2461200.5,.1198181197187199,3.031554356434005,11.50548518841352,156.4386917884927,194.8776446880349,123.5650883556449,MBA,2026-06-05,0
1801,Titicaca,21.957,11.31,,2461200.5,.07104427931440267,3.018016906045329,10.96824748076047,77.50287296892958,14.41725150896675,291.8166622240801,MBA,2026-03-11,0
1805,Dirikis,28.098,11.39,,2461200.5,.1082268909469368,3.141878795507473,2.516316591915394,78.34218687850809,93.52774167329214,74.13219830416374,MBA,2026-06-05,0
1808,Bellerophon,15.210,12.11,,2461200.5,.1811588040524939,2.745681471936166,2.024162057867012,12.89674757847841,47.88927146657707,113.5604999049731,MBA,2026-06-05,0
1811,Bruwer,28.072,11.06,,2461200.5,.1095888579629404,3.136286847496866,8.529839587302634,167.7639668949265,135.1739867377868,336.4757013024358,MBA,2026-06-05,0
1812,Gilgamesh,15.317,11.57,,2461200.5,.08092553851998383,3.006868673520177,10.26140241098337,178.4608660064099,259.9922460897795,148.3697420077847,MBA,2026-06-05,0
1813,Imhotep,19.099,11.96,,2461200.5,.08234697953548058,2.682660873059917,8.098319885718615,34.95181956204932,167.6901411480004,137.13739190609,MBA,2026-06-05,0
1815,Beethoven,30.598,11.39,,2461200.5,.1931710852441491,3.149284271160303,2.741482959316178,110.7952657275165,358.513779594098,304.4862782302573,MBA,2026-08-08,0
1817,Katanga,15.90,11.30,,2461200.5,.1897140377825979,2.372119125231111,25.70127758690953,88.68894669352709,140.277213401586,316.7921369899931,MBA,2026-06-05,0
1819,Laputa,54.165,10.32,,2461200.5,.2286122086488508,3.135684104541812,23.89837061263531,122.0859528193532,165.6607413174588,.2371857829593267,MBA,2026-06-05,0
1826,Miller,23.099,11.15,,2461200.5,.08156874167987554,2.996731586568756,9.235299186568021,273.9809834200623,160.9613582365411,162.9017830540013,MBA,2026-06-05,0
1828,Kashirina,27.016,11.34,,2461200.5,.1075288358009384,3.060943446574409,14.28136860512846,184.3428834446802,223.6379252450749,3.636251853636892,MBA,2026-08-08,0
1832,Mrkos,29.351,11.26,,2461200.5,.09743734396870528,3.219028352311935,14.94294337853295,303.2895425142902,81.12405232960927,273.9120477358547,OMB,2026-06-05,0
1833,Shmakova,16.706,11.80,,2461200.5,.1131349313465538,2.634396682960646,10.0099768075537,158.0343291725336,153.392530854539,117.9676827952409,MBA,2026-06-05,0
1834,Palach,17.156,11.31,,2461200.5,.07610937032501278,3.021905213918262,9.455097844108066,267.7575553634977,359.4173936681619,341.2002633774955,MBA,2026-06-05,0
1836,Komarov,22.240,12.12,,2461200.5,.1958266422984469,2.780351307223036,7.046127341819152,272.4962900709234,13.10439414889987,309.3586962040403,MBA,2026-06-05,0
1838,Ursa,40.054,10.85,,2461200.5,.008954871031078001,3.214401235778352,21.99397714233454,44.04016702014749,29.67341021273631,138.6462645177764,OMB,2026-06-05,0
1841,Masaryk,40.240,10.99,,2461200.5,.113589605775188,3.405926211052382,2.612780844977099,44.23394603934384,125.8906106414197,87.69618455407198,OMB,2026-06-05,0
1843,Jarmila,28.965,11.87,,2461200.5,.1701849208725397,2.652679716414207,8.416594475429774,266.7952109056225,31.92031530894461,31.56404053528309,MBA,2026-03-11,0
1844,Susilva,26.800,11.11,,2461200.5,.05012429851730344,3.019034361446724,11.78625059213869,99.33078073901018,68.98347953608553,317.6939844067505,MBA,2026-06-05,0
1845,Helewalda,19.930,11.27,,2461200.5,.05318166524839164,2.969732387547482,10.71518740565078,142.3730132553375,321.3880585163126,110.2809773221159,MBA,2026-06-05,0
1847,Stobbe,17.427,11.17,,2461200.5,.01905582292772621,2.609972414978992,11.15338490633745,106.8035422115703,144.3334366996293,304.4013649505465,MBA,2026-06-05,0
1848,Delvaux,17.030,11.17,,2461200.5,.04594156820545377,2.870712103765795,1.440001010225022,331.5582837886444,311.7913306475868,71.5635797142486,MBA,2026-03-11,0
1849,Kresak,21.776,11.56,,2461200.5,.01900827538543807,3.051072506102142,10.76199039322074,50.30333988370255,130.082355048816,237.5057675343401,MBA,2026-06-05,0
1851,Lacroute,17.024,12.85,,2461200.5,.1891212376040935,3.108164923777831,1.663374094186633,24.64947919711444,342.5245394304397,302.8439248404566,MBA,2026-06-05,0
1852,Carpenter,21.378,11.56,,2461200.5,.06341830626825913,3.012979916503439,11.19883941364839,95.31250114109623,354.608129668438,322.3405634307182,MBA,2026-06-05,0
1853,McElroy,23.807,10.87,,2461200.5,.04542119346907923,3.064378810757267,15.78471611653237,298.6050102435918,94.42880567405258,330.1792534976631,MBA,2026-03-11,0
1859,Kovalevskaya,44.634,10.90,,2461200.5,.09611499353332464,3.211983277784917,7.698461970823744,343.216367209572,244.5397668446764,227.5465557495643,OMB,2026-06-05,0
1860,Barbarossa,16.800,11.68,,2461200.5,.2031061509254445,2.566283508959207,9.920613713856193,132.7541659013646,161.9925307842063,358.0902092557041,MBA,2026-06-05,0
1867,Deiphobus,118.220,8.32,,2461200.5,.04440934784246945,5.135709548245586,26.89778062945339,283.6871099968889,.8944953598295623,140.1312334063778,TJN,2026-06-05,0
1868,Thersites,68.163,9.47,,2461200.5,.1085790414317591,5.312703437080426,16.75448447171109,197.7859543202734,170.995230428707,158.2682550480924,TJN,2026-06-05,0
1869,Philoctetes,22.655,11.12,,2461200.5,.06555875423578413,5.169328567876035,3.974328766271642,43.7759481758874,324.2595213232192,152.2265595540733,TJN,2026-06-05,0
1870,Glaukos,47.649,10.65,,2461200.5,.0324524386487527,5.235200396459126,6.582710346059467,176.3054169897623,130.9548240435695,101.6122253756449,TJN,2026-06-05,0
1871,Astyanax,27.828,11.24,,2461200.5,.03293980526349644,5.215773315018548,8.612784704429654,145.7714097874065,165.4737642302304,71.04711751341225,TJN,2026-06-05,0
1872,Helenos,34.046,10.79,,2461200.5,.04837557689215477,5.318727923550794,14.647669421213,188.7741173981037,115.7415226062273,108.8774166857289,TJN,2026-06-05,0
1873,Agenor,50.799,10.15,,2461200.5,.09234472938410196,5.217953540387395,21.9094848429141,197.8935788331175,357.3499686952208,208.1111328074965,TJN,2026-06-05,0
1874,Kacivelia,20.852,11.25,,2461200.5,.2815507138496284,3.167207710635907,4.82525915907501,158.8436145173972,197.0760252584596,82.63385638744721,MBA,2026-06-05,0
1875,Neruda,19.424,12.41,,2461200.5,.162490757322135,3.137180275933538,13.37558246325985,193.6915001815193,140.1931264111377,90.82844622138707,MBA,2026-06-05,0
1877,Marsden,35.642,10.91,,2461200.5,.204687933879133,3.949205996933516,17.53040193841118,352.613988310781,305.6114428894975,288.4840596891082,OMB,2026-06-05,0
1881,Shao,24.083,11.47,,2461200.5,.1027034213821664,3.166665708992117,9.867735954509254,218.0074650022909,66.72077030327759,118.6186570115205,MBA,2026-06-05,0
1882,Rauma,17.766,11.62,,2461200.5,.09159595939005263,3.012210453825238,9.477635981632815,201.0597493122894,128.4141121615847,140.2425000299064,MBA,2026-06-05,0
1887,Virton,20.848,11.14,,2461200.5,.1170882897407312,3.002344087021298,9.615631042699402,348.4090528165099,31.29922748560451,183.1492414555495,MBA,2026-06-05,0
1889,Pakhmutova,35.243,11.31,,2461200.5,.1167935977899351,3.085597087802356,13.18035691176693,55.06801484840183,83.9472401235859,255.0143121636897,MBA,2026-03-11,0
1890,Konoshenkova,25.68,11.75,,2461200.5,.1370899178101809,3.211864954140857,9.885130822692899,70.28777652799545,14.22778458329266,105.1702569562327,OMB,2026-06-05,0
1895,Larink,19.989,12.22,,2461200.5,.1386764814460849,3.199827303573064,1.81280731755474,44.88791075160646,58.03987429495096,176.0900005769508,MBA,2026-06-05,0
1901,Moravia,28.096,11.49,,2461200.5,.07721189830212738,3.236601244968832,24.11263025936796,93.95744465199387,149.2480797624422,351.7559797840031,OMB,2026-06-05,0
1902,Shaposhnikov,83.430,9.32,,2461200.5,.2211845168742391,3.963851364726497,12.48355191417113,59.02507849618061,266.2312353653003,227.3659862331188,OMB,2026-06-05,0
1903,Adzhimushkaj,27.642,10.53,,2461200.5,.04927238591149089,3.000878441528963,10.98976605915372,135.0339192617424,357.0705231132818,235.5579744223833,MBA,2026-06-05,0
1908,Pobeda,18.384,11.38,,2461200.5,.03882859563528191,2.890978788782746,4.765467752613332,14.14645545214715,220.0304012017453,109.8774821875014,MBA,2026-03-11,0
1909,Alekhin,18.681,12.89,,2461200.5,.2276538799590093,2.420870020425908,1.799722698897313,227.2780460313733,5.687615156651486,170.5398154700116,MBA,2026-06-05,0
1910,Mikhailov,37.201,11.63,,2461200.5,.05351471216740767,3.043485083444304,10.36279354579974,200.7837789938459,325.8681045298722,267.8248096874513,MBA,2026-06-05,0
1911,Schubart,67.476,10.03,,2461200.5,.172995145996353,3.981172755707805,1.644332160858387,284.7731119335692,181.9449463959767,174.721329914766,OMB,2026-08-08,0
1918,Aiguillon,19.536,11.96,,2461200.5,.1346957092354059,3.186920564693758,9.197115762901957,195.0398590750148,245.64399722,339.0611310292062,MBA,2026-06-05,0
1922,Zulu,20.561,12.35,,2461200.5,.4819787142931519,3.235902269514593,35.43068355587344,226.5135128695304,31.32548578303561,44.22789358707413,OMB,2025-10-31,0
1926,Demiddelaer,17.752,11.04,,2461200.5,.105668319222599,2.656761873479483,13.73561871736108,93.31918067625558,91.67297112614951,38.40497786334317,MBA,2026-06-05,0
1930,Lucifer,34.437,11.11,,2461200.5,.1456123743185102,2.894845253795025,14.0893107294864,318.1945709168612,342.8705028702259,252.4461892365655,MBA,2026-06-05,0
1936,Lugano,33.905,11.78,,2461200.5,.1392899588997401,2.674295430179357,10.25428406649749,265.1141403215746,254.8838045165203,292.4797596512134,MBA,2026-06-05,0
1939,Loretta,30.365,11.15,,2461200.5,.1221865699488176,3.127001899497706,.903980961887748,40.44477110861963,188.9908169140928,236.728573228899,MBA,2026-06-05,0
1940,Whipple,37.481,11.36,,2461200.5,.06095848515394667,3.062235472416064,6.538836668184422,263.558607244771,186.2013589356721,240.746612674171,MBA,2026-06-05,0
1941,Wild,17.120,11.85,,2461200.5,.2887552740920821,3.957823911499842,3.95630525314168,60.39416644188863,303.0712538621959,328.6269691848619,OMB,2026-06-05,0
1942,Jablunka,16.766,13.02,,2461200.5,.1839622717028106,2.319004945125788,24.34280826210622,346.3176838065115,12.00294860008336,80.5297954918972,MBA,2026-06-05,0
1947,Iso-Heikkila,31.611,11.34,,2461200.5,.04430703339566289,3.152053538337447,11.88954127042938,90.61855959356159,143.3859258197816,42.98750562061367,MBA,2026-06-05,0
1952,Hesburgh,37.501,10.45,,2461200.5,.1453822659010535,3.107797195089598,14.26578922105598,78.11182337361777,339.930452078438,30.78787567306819,MBA,2026-06-05,0
1953,Rupertwildt,21.970,11.88,,2461200.5,.1809777133588499,3.110626040825375,2.458873193689043,74.20987718516189,325.7354521715478,203.5684341362154,MBA,2026-06-05,0
1956,Artek,19.921,12.23,,2461200.5,.1100159574431329,3.199666825065667,1.49778622247706,153.1014544558493,347.5365553734645,201.5711005548352,MBA,2026-08-08,0
1957,Angara,17.907,11.41,,2461200.5,.05354767611165266,3.013487988223533,11.16223671223723,50.54690847125799,211.7100779035348,227.1173429463747,MBA,2026-06-05,0
1958,Chandra,34.278,11.40,,2461200.5,.1637839396431667,3.105235393372427,10.54518957912398,344.8690379622037,318.7263047967842,90.19946385203586,MBA,2026-06-05,0
1960,Guisan,27.004,12.21,,2461200.5,.121898333283544,2.526205770635006,8.474961562303941,22.133104279076,263.3839701321672,140.3360695737723,MBA,2026-06-05,0
1961,Dufour,50.31,10.82,,2461200.5,.1272455374857242,3.193504776088457,6.646336998107146,29.50122135100453,56.43889399497462,20.75318008381568,MBA,2026-06-05,0
1962,Dunant,18.927,12.12,,2461200.5,.2427284006483716,3.177490594763445,1.55269251035251,15.03140219364438,11.36557772937381,96.33929625954411,MBA,2026-06-05,0
1963,Bezovec,35.536,11.11,,2461200.5,.2095797162531741,2.42303661480631,25.03746514725754,106.7931287851771,355.6406968561718,262.3173876903905,MBA,2026-06-05,0
1969,Alain,22.895,12.02,,2461200.5,.1575783383430424,3.087477135802595,3.339058845897743,209.149287318186,346.2402609789494,243.6166934605421,MBA,2026-06-05,0
1970,Sumeria,19.352,12.39,,2461200.5,.1621074712628063,2.777688695100814,7.073454394790321,312.2678026855445,194.6446763037436,229.5491669785907,MBA,2026-08-08,0
1973,Colocolo,26.269,12.46,,2461200.5,.07620776922013914,3.18321658017523,10.57638533928248,183.0147765143925,165.0429904501019,42.79111380163669,MBA,2026-08-08,0
1977,Shura,17.211,11.79,,2461200.5,.07390709954279481,2.780184625270924,7.768620222222618,332.1900388480421,308.1113169801378,83.53327081746626,MBA,2026-03-11,0
1983,Bok,15.701,13.18,,2461200.5,.09924202366234261,2.621830301812059,9.410842185795776,23.51492186749501,345.6840527413997,284.5384992593227,MBA,2026-06-05,0
1984,Fedynskij,36.413,11.28,,2461200.5,.08596663491007726,3.011068735866141,4.790074444496311,185.5445160401798,126.9302435003638,83.26266742231749,MBA,2026-08-08,0
1985,Hopmann,35.51,10.84,,2461200.5,.1574548717434518,3.119217160235821,17.18443667132876,305.0361781440408,233.2760773933213,187.5017775892316,MBA,2026-06-05,0
1986,Plaut,19.563,12.02,,2461200.5,.2033968995557047,3.091569517571027,2.213400660295474,146.5397282853125,229.4111602469477,235.3190353847876,MBA,2026-06-05,0
1994,Shane,25.15,12.30,,2461200.5,.2075923175556063,2.67930751804799,10.22600248105495,244.6656329088904,89.44093178819145,298.0722179465478,MBA,2026-06-05,0
1999,Hirayama,38.277,11.10,,2461200.5,.1190917048084074,3.111422411381683,12.53974126833594,147.8404911992264,356.0935468221158,254.4935991166504,MBA,2026-08-08,0
2002,Euler,19.773,12.51,,2461200.5,.07018461344722744,2.417075372092418,8.502616143028957,178.5912861682794,54.42782931136757,118.239861684404,MBA,2026-06-05,0
2003,Harding,20.173,12.22,,2461200.5,.1283656547910504,3.059488243810826,1.868251185128762,64.45752014941439,69.43582785981231,328.9596015096194,MBA,2026-06-05,0
2007,McCuskey,25.733,12.21,,2461200.5,.1165538693185374,2.383224682454769,3.040868186760519,16.98578092007289,186.1633288610122,183.1620492868459,MBA,2026-07-15,0
2008,Konstitutsiya,52.023,10.44,,2461200.5,.09587236664039253,3.214198313573518,20.66062533382629,15.57337236263764,201.011362252761,223.4450473263692,OMB,2026-06-05,0
2009,Voloshina,26.558,11.26,,2461200.5,.1352558401137338,3.121600803965142,2.860099081800044,107.3215897135083,5.482573103826009,114.8292668719082,MBA,2026-06-05,0
2010,Chebyshev,24.649,11.57,,2461200.5,.191826247132367,3.085779630941312,2.395428392243772,8.394013634273183,32.45918453245342,133.0160021016069,MBA,2026-06-05,0
2016,Heinemann,22.435,11.98,,2461200.5,.1899989776128219,3.131935022354654,.9174558862982536,16.98322403348925,339.9251829109494,283.3501058534179,MBA,2026-06-05,0
2020,Ukko,18.738,11.43,,2461200.5,.06235195719168696,3.024219654396236,11.11764798774348,148.5947832191528,328.9926612249772,116.2093278170548,MBA,2026-06-05,0
2023,Asaph,19.678,11.83,,2461200.5,.2780603952462344,2.878969682568054,22.33615735800911,3.028293070044788,357.5209646511594,24.66345053896022,MBA,2026-03-11,0
2025,Nortia,42.769,10.81,,2461200.5,.1177881343828905,3.159620610442273,7.010500122324559,328.8566866523217,308.527079210935,334.0311495808675,MBA,2026-06-05,0
2027,Shen Guo,16.509,11.51,,2461200.5,.09281436483649792,3.02384614098575,11.0078706145725,54.95594702213472,353.9523816836126,271.9104850206755,MBA,2026-06-05,0
2032,Ethel,36.007,11.47,,2461200.5,.1255079278546453,3.075098001176287,1.505322983863491,29.99382311419407,298.2555889520613,133.8087968189649,MBA,2026-06-05,0
2040,Chalonge,33.901,11.63,,2461200.5,.1914462146001888,3.112345112117607,14.63277728356869,38.38041204301646,91.02428615883264,221.7186918990196,MBA,2026-03-11,0
2041,Lancelot,16.833,12.66,,2461200.5,.1936683003570324,3.162733970783586,2.981650622815056,133.9869812759995,273.5466812684279,231.2765033011926,MBA,2026-06-05,0
2043,Ortutay,48.460,10.87,,2461200.5,.1160424804189828,3.103311763611587,3.080501754714282,320.9530641669422,59.43693771403593,140.048668098451,MBA,2026-06-05,0
2046,Leningrad,23.968,11.55,,2461200.5,.1845996807908296,3.156645625710054,2.728334870551402,73.42575225847948,284.8652624351588,130.3572321248691,MBA,2026-06-05,0
2052,Tamriko,26.799,10.61,,2461200.5,.07971214967066606,3.0096017528258,9.515859657815458,213.6171202906461,203.697216685806,225.9908244896432,MBA,2026-06-05,0
2054,Gawain,18.042,12.76,,2461200.5,.09832095948544572,2.965153578270995,3.776367977711014,292.9997911640013,188.5983880837408,208.0626626754095,MBA,2026-06-05,0
2058,Roka,24.273,11.56,,2461200.5,.1432498494216709,3.134895157517044,2.532026031494585,95.24702290409753,184.261231581738,223.4967139976924,MBA,2026-06-05,0
2060,Chiron,166,5.54,,2461200.5,.3797656311453571,13.68426760850124,6.930574468846328,209.2961258613147,339.2878326589729,216.7198966018106,CEN,2026-06-05,0
2065,Spicer,16.721,12.48,,2461200.5,.232166213424372,2.700097606210074,6.433153698514475,328.0234818074621,66.2146435265134,342.0260707430447,MBA,2025-11-19,0
2066,Palala,17.025,12.91,,2461200.5,.1262171956576881,2.394292935287549,3.757139700382477,117.1545494506814,109.6272042160446,325.8147727978993,MBA,2026-06-05,0
2067,Aksnes,46.003,10.69,,2461200.5,.1835280459168556,3.972249580587218,3.080231179575762,150.1738887350813,297.371063401034,230.0921795142435,OMB,2026-06-05,0
2068,Dangreen,34.322,11.45,,2461200.5,.09918978351584218,2.77307330532292,12.90840021443219,95.89754238550472,321.9327591195797,48.10467163048678,MBA,2026-06-05,0
2069,Hubble,38.471,11.69,,2461200.5,.1906308682458614,3.151443297715504,9.104655150558754,46.32291737993826,69.82424233264898,285.3732338911446,MBA,2026-06-05,0
2081,Sazava,16.669,12.50,,2461200.5,.1635424756751313,2.450842482947069,3.898371564970576,66.27788610452987,224.5856184063857,280.5989623458498,MBA,2026-06-05,0
2082,Galahad,17.120,13.09,,2461200.5,.1669631661983348,2.917759221104641,3.067982725048434,90.03888256604277,144.2819125028703,167.5561847912714,MBA,2026-06-05,0
2084,Okayama,18.079,12.32,,2461200.5,.1022312292967788,2.395409429469897,4.838282493547919,148.9195623798061,248.0810059082584,321.4985575075054,MBA,2026-08-08,0
2089,Cetacea,16.123,11.39,,2461200.5,.1546638424722465,2.534531832489279,15.36801255328274,102.638275910435,287.0023356467697,18.42588421878927,MBA,2026-06-05,0
2090,Mizuho,17.991,10.85,,2461200.5,.1388054400317716,3.070029180022475,11.83936828174671,339.3873430494273,342.7582477442418,201.393072525055,MBA,2026-06-05,0
2091,Sampo,23.024,10.44,,2461200.5,.05557011232505381,3.016189644094935,11.36316170081846,114.4116007932401,322.1737568220115,238.5235303008508,MBA,2026-06-05,0
2097,Galle,26.330,12.06,,2461200.5,.2512046167291228,3.137552383170898,4.365100342465689,318.9098801771078,29.50749973028618,45.01983840665321,MBA,2026-08-08,0
2103,Laverna,23.116,11.07,,2461200.5,.1921458796414194,3.142654718843839,7.694544597435009,292.0211257057048,237.5405752083294,294.9167313749785,MBA,2026-06-05,0
2104,Toronto,35.874,10.02,,2461200.5,.1227401164539762,3.185579327998451,18.39371613139267,252.4171310717945,289.9986298507191,195.6054945830171,MBA,2026-06-05,0
2105,Gudy,19.673,11.46,,2461200.5,.1501033599221744,2.388640887385824,29.34390505086943,273.5400265074572,156.1420921895455,311.1067347042858,MBA,2026-06-05,0
2106,Hugo,16.518,12.61,,2461200.5,.09586892058440462,2.704471158224833,8.039674086416774,151.7615160703328,250.4161810193042,54.47677286838941,MBA,2026-06-05,0
2107,Ilmari,16.660,11.63,,2461200.5,.07658286766621766,2.627240717888963,8.833309453155797,221.0945244068446,177.2667090282307,315.673498340601,MBA,2025-11-19,0
2108,Otto Schmidt,28.999,12.50,,2461200.5,.005884552796549078,2.4357777744226,10.80901142410484,327.8093630384429,71.36788064746514,144.4207543675417,MBA,2026-06-05,0
2109,Dhotel,20.408,12.23,,2461200.5,.2598697050900818,2.692318286152104,8.076441358603454,162.0751443609194,192.384483814744,63.12505031490827,MBA,2026-06-05,0
2111,Tselina,22.773,10.56,,2461200.5,.09435400255893921,3.017002578871609,10.49494426605171,167.0717750516089,229.9104756983766,202.5799309895393,MBA,2026-06-05,0
2114,Wallenquist,22.558,11.91,,2461200.5,.1337602363012725,3.212402023169157,.5517185917467026,1.067807281804994,217.4089884774606,281.7025913203803,OMB,2026-06-05,0
2115,Irakli,21.381,11.13,,2461200.5,.05622796088779934,3.010566992132259,8.983150498381967,241.0347708551075,340.5822823769286,70.65372967525742,MBA,2026-06-05,0
2116,Mtskheta,22.994,12.53,,2461200.5,.05749304699995381,2.588450486288496,9.090194868950313,170.5392820544996,174.9867091813393,83.97180064060166,MBA,2026-06-05,0
2120,Tyumenia,51.485,11.04,,2461200.5,.1268649264298616,3.060784271323349,17.56043262964226,222.3352170512578,74.22472522137605,33.08240600905366,MBA,2025-11-06,0
2127,Tanya,37.736,11.29,,2461200.5,.02959307120143819,3.215291924364147,13.09367568115692,106.3515108158724,191.6993946470522,165.0792653075042,OMB,2026-06-05,0
2132,Zhukov,30.787,11.69,,2461200.5,.07909606947932644,2.781442192093014,5.858769714708808,82.30589536050236,338.2431951036697,300.2864138667925,MBA,2026-06-05,0
2136,Jugta,18.215,11.39,,2461200.5,.0403941727479516,3.021072707841522,10.59157062114647,148.5602197772748,63.31238423418379,348.7350268527169,MBA,2026-06-05,0
2137,Priscilla,34.957,11.25,,2461200.5,.04651581732190927,3.188910681018577,11.64803039250304,319.6039932183146,144.8997810449832,172.5462673056042,MBA,2026-06-05,0
2138,Swissair,15.328,11.61,,2461200.5,.06886459217827146,2.685901033075711,5.928047247870133,105.4624930661343,169.9315634680467,3.321738263862945,MBA,2026-06-05,0
2139,Makharadze,17.240,12.98,,2461200.5,.1871706649981356,2.464120299878632,2.176804378364141,256.0644727274861,67.85329092799338,151.0137523152931,MBA,2026-06-05,0
2140,Kemerovo,34.539,11.44,,2461200.5,.05632073443621591,2.987869088403896,6.985437589883035,274.4570228896335,115.4402378791566,229.9660387158766,MBA,2026-06-05,0
2142,Landau,20.134,12.17,,2461200.5,.1172770253479485,3.163800293669109,.6649966653532793,155.5803884138373,31.88377195708171,228.8827337056982,MBA,2026-06-05,0
2144,Marietta,15.677,11.32,,2461200.5,.05751478945879192,2.876462210467793,2.833130808516551,138.4502267258058,277.6815721146219,270.670300728147,MBA,2026-03-11,0
2145,Blaauw,40.549,11.02,,2461200.5,.1027426559466146,3.214963780033254,15.01011594980366,264.2267498902498,277.8103214805662,142.350868922818,OMB,2025-11-19,0
2146,Stentor,50.755,10.02,,2461200.5,.1011780002559683,5.191895467953334,39.27478122002386,131.3299109983167,274.7388942744554,127.2231405111005,TJN,2026-06-05,0
2147,Kharadze,23.035,12.25,,2461200.5,.05861288392227637,3.170774644843829,10.08792713625049,144.137492788847,312.2296345785196,284.9374746839676,MBA,2026-08-08,0
2148,Epeios,37.980,10.82,,2461200.5,.05738768943971949,5.222945746182891,9.145863503082037,176.5609496775042,233.6421881084484,129.9369667242276,TJN,2026-06-05,0
2152,Hannibal,44.559,10.85,,2461200.5,.219541820729597,3.12657711490071,13.97019998472128,250.842689773328,141.5177257786821,206.4078327792562,MBA,2026-06-05,0
2153,Akiyama,23.166,12.13,,2461200.5,.1516733617635564,3.123691497541259,1.168723931535717,47.20973163911793,36.28806641639562,264.4295571470506,MBA,2026-06-05,0
2158,Tietjen,22.658,11.80,,2461200.5,.1795910788225709,3.069333048810375,1.58617717164952,187.2297836564158,101.4444966568447,108.4749129626964,MBA,2026-06-05,0
2161,Grissom,15.857,12.32,,2461200.5,.1621046772722526,2.748414088417683,7.301784758258555,126.3533016780611,248.8752177701985,286.1974372958985,MBA,2026-06-05,0
2163,Korczak,24.368,11.95,,2461200.5,.1836148306744653,3.14961364602943,2.509887326751055,113.2476249094342,264.3656935392749,292.2137452459525,MBA,2026-06-05,0
2164,Lyalya,19.972,12.03,,2461200.5,.1397370048969593,3.182851695188157,2.63757828871751,115.5017727926256,198.9827219884553,205.1693147432399,MBA,2026-06-05,0
2165,Young,27.115,11.39,,2461200.5,.17715060122773,3.124478766577739,.9395998964354307,19.00946118755711,23.13406422852807,152.5876440490589,MBA,2026-06-05,0
2169,Taiwan,19.263,12.67,,2461200.5,.05214263212108707,2.788992860550768,1.525744737452105,71.82612578214614,358.7092614147622,73.77662153220678,MBA,2026-06-05,0
2173,Maresjev,28.324,11.63,,2461200.5,.1152647220739831,3.143671770359054,14.43012154186436,174.4720433762958,168.43468623,122.7623821166647,MBA,2026-06-05,0
2177,Oliver,19.832,11.98,,2461200.5,.1117616361712591,3.185744422683612,1.514959638799664,51.27517071148589,274.9898986196916,209.1159554800739,MBA,2026-06-05,0
2179,Platzeck,19.875,11.23,,2461200.5,.1011011546381981,3.008688578088801,10.4684857009829,14.7451432486704,56.21504886625568,90.33031454228096,MBA,2026-06-05,0
2180,Marjaleena,21.357,11.25,,2461200.5,.08041906298070423,3.016302892359681,9.225903717367547,233.0532376202954,91.75491248383318,168.319797053218,MBA,2026-06-05,0
2182,Semirot,24.313,11.73,,2461200.5,.1381142207324159,3.125899642384236,2.258980355559615,50.85550031733862,200.7130862786602,24.25955169052628,MBA,2026-06-05,0
2183,Neufang,23.816,11.92,,2461200.5,.3764528468494046,2.993395767320538,18.10910610302717,87.25526715548324,239.7827702432629,307.7364271957013,MBA,2026-06-05,0
2184,Fujian,35.690,11.66,,2461200.5,.09295903045659316,3.180755315386675,5.194614733919392,256.4021417892051,122.41009319317,329.9622565323886,MBA,2025-11-19,0
2191,Uppsala,17.54,11.35,,2461200.5,.08634050515579596,3.017542969865468,9.050046374198919,247.2414513917578,182.0568525827271,12.07418206104526,MBA,2026-06-05,0
2192,Pyatigoriya,29.217,11.75,,2461200.5,.08316008299636012,3.140554722970346,9.784346377185202,201.0659520137679,149.0838086989256,147.7803847951552,MBA,2026-06-05,0
2193,Jackson,58.265,10.79,,2461200.5,.07467169869623656,3.105304887966066,11.67535136171991,36.44337240337498,223.0556069281228,82.14198748515369,MBA,2026-06-05,0
2196,Ellicott,57.384,10.28,,2461200.5,.05825558734463215,3.437375536722884,10.3200864680337,212.0819439231422,304.7175278010276,190.6634198432484,OMB,2026-06-05,0
2197,Shanghai,20.198,11.65,,2461200.5,.1305789459538848,3.147506668771925,2.494410794764006,56.29584559819548,70.35827873285201,265.6570322283262,MBA,2026-08-08,0
2203,van Rhijn,21.501,11.70,,2461200.5,.1896504491593357,3.101572297458558,1.643495498801136,50.16540642311826,327.7626421137948,188.0400403302866,MBA,2026-06-05,0
2204,Lyyli,25.16,12.17,,2461200.5,.4056978137765024,2.589498622525151,20.63072986296533,159.9031526924915,284.2355894371509,25.89756557465777,MCA,2026-06-05,0
2206,Gabrova,20.479,11.62,,2461200.5,.05170704464524961,3.012874238600624,10.92938606890368,63.4974176716676,159.6559028608509,191.3322251410061,MBA,2026-06-05,0
2207,Antenor,97.658,8.90,,2461200.5,.0141304795589251,5.173288766893557,6.801005125409151,159.0134448209168,301.658172160564,329.2691493259871,TJN,2026-06-05,0
2208,Pushkin,40.850,10.71,,2461200.5,.03208527871273217,3.501085290984501,5.395802753109615,78.38635088393714,346.1847738356026,90.02492507958482,OMB,2026-06-05,0
2209,Tianjin,16.786,11.34,,2461200.5,.06326086110637465,2.84661049622047,2.619375430403583,150.7569628792643,263.662509172344,312.8353792606233,MBA,2026-08-08,0
2211,Hanuman,17.603,12.53,,2461200.5,.08324061679005268,3.185757534276676,17.27917197277519,145.8278229566021,207.2525643801665,102.943877754693,MBA,2026-06-05,0
2214,Carol,25.860,11.86,,2461200.5,.2704736775559555,3.14989750394372,14.28123820123412,187.3195840290241,136.9961838107981,250.8086967976257,MBA,2026-06-05,0
2216,Kerch,18.024,11.35,,2461200.5,.09538329051899232,3.020725661937636,10.43636932623009,155.5139551247075,184.0344485880827,97.53931610984291,MBA,2026-06-05,0
2217,Eltigen,28.800,11.45,,2461200.5,.1713841891412466,3.149319449403659,2.249308306349895,127.4390080050243,172.2817215718747,306.7704374228566,MBA,2026-06-05,0
2218,Wotho,28.158,11.43,,2461200.5,.1568592163863207,3.047409858753868,14.93931090988522,96.41814277025799,324.7967317865117,293.1545178459712,MBA,2026-06-05,0
2219,Mannucci,38.814,11.28,,2461200.5,.1127671912884266,3.155949020729916,7.565894842902122,72.45029806303452,294.1952982298283,322.5107988547616,MBA,2026-08-08,0
2220,Hicks,16.301,12.45,,2461200.5,.1543060564446951,3.157875709254079,2.592421624180846,94.62743270807734,282.2098379890969,30.27845413720303,MBA,2026-06-05,0
2222,Lermontov,29.644,11.45,,2461200.5,.1623291747296214,3.124380880638736,2.572513083801441,94.78820224119298,340.8772652590508,269.6706400566185,MBA,2026-06-05,0
2223,Sarpedon,77.480,9.11,,2461200.5,.01737806176819019,5.259147334674388,15.94188367438887,220.7888412102266,56.49371617614904,148.4011272679576,TJN,2026-06-05,0
2224,Tucson,22.73,12.00,,2461200.5,.04524258722979441,2.881896215839184,2.65879591350288,51.0632444695333,249.9548432731239,217.6962002348459,MBA,2026-06-05,0
2228,Soyuz-Apollo,26.080,11.58,,2461200.5,.178803697966955,3.142317245615425,1.990163599060971,140.3383522505064,284.7555571975436,189.7607389674648,MBA,2026-06-05,0
2231,Durrell,15.818,12.57,,2461200.5,.2520676416663503,2.727882910712002,8.233074860091524,342.2625548039874,24.36276115889131,287.5340734630982,MBA,2026-06-05,0
2235,Vittore,41.688,10.70,,2461200.5,.2168300706340861,3.202878315844027,18.78665612801796,204.9836504672617,274.3427048535976,290.2742564536499,OMB,2026-06-05,0
2237,Melnikov,21.353,12.09,,2461200.5,.2163886293897362,3.144205120699977,2.400018037486444,118.4304912778779,265.5228578306705,222.0905539129123,MBA,2026-06-05,0
2239,Paracelsus,33.978,10.96,,2461200.5,.1092415733878544,3.196397134446006,10.93181988101899,19.81985180951436,3.666093838639617,102.8211017622949,MBA,2026-06-05,0
2240,Tsai,24.395,11.99,,2461200.5,.1452478439143341,3.158656742073757,.8394261094683667,61.12699608546712,23.92764090700638,173.8908981955223,MBA,2026-06-05,0
2241,Alcathous,113.682,8.52,,2461200.5,.06707936904598832,5.16822719542229,16.62955849185269,267.9618885874345,291.8620749293003,205.3185311906539,TJN,2026-06-05,0
2244,Tesla,24.377,11.94,,2461200.5,.1809766933751568,2.811048716210287,7.824695513822451,106.4140845399263,297.1097036170814,210.3774710804526,MBA,2026-06-05,0
2245,Hekatostos,29.28,11.80,,2461200.5,.132110703424572,2.637815645700071,11.84709601589766,85.0912754271468,316.4556390778051,291.956382040349,MBA,2026-06-05,0
2246,Bowell,48.424,10.41,,2461200.5,.09067499233628651,3.963162510256407,6.494741999953042,155.5428181052515,20.05050361503279,287.4004678220586,OMB,2026-06-05,0
2248,Kanda,26.361,11.36,,2461200.5,.1072799341618755,3.105811787006586,1.614677682951314,33.61983575634436,148.8335885865928,24.21584972025967,MBA,2026-06-05,0
2249,Yamamoto,33.606,11.23,,2461200.5,.0758954246322435,3.200542410252343,4.12020956005655,147.5008972683862,116.7988393335714,233.5415540886032,OMB,2026-06-05,0
2250,Stalingrad,19.270,12.04,,2461200.5,.179815465950774,3.195388888146563,1.525646254019399,157.8014019183441,177.7994659543037,108.5647884190618,MBA,2026-06-05,0
2251,Tikhov,29.488,11.68,,2461200.5,.1476117149622773,2.711137261454993,7.444040521712109,192.9049560825937,183.0501125048872,332.7668753340852,MBA,2026-08-08,0
2252,CERGA,18.456,12.71,,2461200.5,.07265050939665386,2.617169187217697,4.220410566942411,358.0929803115603,26.16800766671145,111.088958204154,MBA,2026-06-05,0
2255,Qinghai,24.110,11.95,,2461200.5,.1464947414415543,3.104866496025088,14.13775954737276,40.86970620385457,348.0958486700951,325.9711184796822,MBA,2025-11-19,0
2256,Wisniewski,16.637,12.23,,2461200.5,.1711145076687318,3.094113105589962,.4653355359969042,116.4226906199536,192.1644170916002,60.00101288179462,MBA,2026-06-05,0
2258,Viipuri,26.255,12.02,,2461200.5,.07827657733217433,2.694341872270607,1.478553092091123,307.04032939761,173.3282521973052,123.5466024703445,MBA,2026-06-05,0
2259,Sofievka,17.208,12.67,,2461200.5,.1865141564127872,2.293453008346895,4.685585909318416,280.2007952405324,12.54077598891232,294.41924852925,MBA,2026-06-05,0
2260,Neoptolemus,76.435,9.40,,2461200.5,.04397359740746389,5.202093430790038,17.77245106204959,86.57672206065328,322.940659432849,130.2131600887355,TJN,2026-06-05,0
2263,Shaanxi,26.702,11.40,,2461200.5,.1083930325018915,3.017548964141883,11.4010661430436,54.31865364637132,316.9924105516618,60.9083896702738,MBA,2026-06-05,0
2264,Sabrina,34.192,10.92,,2461200.5,.1790073099675001,3.122755465443702,.1613633551175045,239.0355873472965,78.91589439667798,291.9775020562874,MBA,2026-06-05,0
2266,Tchaikovsky,46.94,10.79,,2461200.5,.1825002480329434,3.398309971853041,13.24102170455567,229.353686913314,204.3391314977903,82.96869051982861,OMB,2026-06-05,0
2269,Efremiana,29.604,11.11,,2461200.5,.07814073115529346,3.129811645095763,15.40033626483432,66.47976210169399,34.25296839146298,135.946713163188,MBA,2026-06-05,0
2270,Yazhi,25.790,11.50,,2461200.5,.1436368826322671,3.146021982071857,2.120939711913977,75.82357006975687,188.0644631652451,353.318515661659,MBA,2026-06-05,0
2271,Kiso,31.229,11.05,,2461200.5,.06051916001874177,2.759469463978894,3.388707634167578,136.4219267352558,176.7795305630671,5.779173697067425,MBA,2026-06-05,0
2276,Warck,15.038,13.16,,2461200.5,.1710446982657123,2.374418798159246,2.468306106942086,215.2777795708332,55.1079508866527,172.3227614688587,MBA,2026-06-05,0
2288,Karolinum,18.910,10.96,,2461200.5,.1548513993432439,2.911354143579204,14.56882920899581,75.65132024731096,100.3150747538708,12.94747199411886,MBA,2026-06-05,0
2290,Helffrich,17.333,12.63,,2461200.5,.2324823536260261,2.593059711059733,11.5502385243086,155.8489855706038,270.5980914316933,285.3316667566189,MBA,2026-03-12,0
2291,Kevo,41.429,10.86,,2461200.5,.06268287595367597,3.044066828779735,24.46827897940635,169.3509196147801,293.9359674333337,100.8347469903396,MBA,2026-06-05,0
2294,Andronikov,15.404,11.90,,2461200.5,.1186576348209625,2.580679638270399,6.306461982144475,290.6942295450681,43.12721318031812,274.7909957119816,MBA,2026-06-05,0
2295,Matusovskij,20.701,12.04,,2461200.5,.09306737450989797,2.90382870545831,2.504032940818048,313.4174711999315,68.92780593236401,286.1965600171653,MBA,2026-06-05,0
2296,Kugultinov,21.566,11.89,,2461200.5,.1636536128074885,3.184921449283846,1.250531529450583,42.15693817241831,98.68966351317381,17.47429328062752,MBA,2026-06-05,0
2297,Daghestan,26.579,11.47,,2461200.5,.1187917672895822,3.178740589426677,1.621148473140545,140.0359146934105,96.60568597791442,281.8205659446443,MBA,2026-06-05,0
2301,Whitford,17.405,11.25,,2461200.5,.2178773938000579,3.168992607777674,11.64926902911826,78.73018194475968,11.20591539638159,260.3635694567748,MBA,2025-11-19,0
2306,Bauschinger,19.360,12.43,,2461200.5,.06168706007508529,2.731551440600616,4.230909443194074,236.6201877662117,102.5890396545624,81.40442590794834,MBA,2026-06-05,0
2307,Garuda,40.139,11.33,,2461200.5,.0547547797346496,3.046337602978503,7.735502094151286,251.2950292654534,348.9248195451075,320.6993956254856,MBA,2026-06-05,0
2308,Schilt,17.719,11.97,,2461200.5,.1713329569996576,2.549131517260847,14.17148367844632,34.18956211410163,233.2480695091594,173.26788681241,MBA,2026-06-05,0
2309,Mr. Spock,19.707,11.43,,2461200.5,.09516139845818328,3.011778253181403,10.99209826879407,157.0715098971307,271.1489472553282,70.59009656591121,MBA,2026-06-05,0
2310,Olshaniya,26.395,11.78,,2461200.5,.1636142252641429,3.143628174088362,2.651912674944603,124.0999082127437,330.0953467011611,32.52367552226166,MBA,2026-06-05,0
2311,El Leoncito,53.14,10.36,,2461200.5,.05077964193911853,3.63025688604812,6.598965875588163,156.0905413718621,172.9643836621493,218.0709232435362,OMB,2026-06-05,0
2312,Duboshin,50.122,10.21,,2461200.5,.1579295444021973,3.970500224234394,5.161219653727164,61.40139757517863,342.7059585589918,263.8682372912637,OMB,2026-08-08,0
2313,Aruna,15.056,13.16,,2461200.5,.1892211366996614,2.45730318986195,1.841216787203485,229.5724982446254,108.2799265925553,343.3053527274794,MBA,2026-06-05,0
2315,Czechoslovakia,25.258,10.84,,2461200.5,.1098694880937915,3.01218472205675,10.69807347682577,29.99451965150084,14.74668101330873,64.6888818607446,MBA,2026-06-05,0
2320,Blarney,35.739,10.60,,2461200.5,.1364110080989814,3.167881166012275,11.5022649381665,118.0266260829326,261.6227682783122,101.2311207137321,MBA,2026-06-05,0
2321,Luznice,21.933,12.14,,2461200.5,.06738092249450735,3.007608384939397,7.789123044173866,45.58050558442577,6.819388562045329,69.03767842802999,MBA,2026-06-05,0
2322,Kitt Peak,16.04,13.27,,2461200.5,.04200248615245709,2.292396330015316,2.404680029318459,194.704214781849,191.0377087377514,239.4070097067527,MBA,2026-06-05,0
2323,Zverev,21.999,11.24,,2461200.5,.1572844170391731,3.132741360928817,4.628130048925333,4.711249702633778,101.4200529081474,259.407396971533,MBA,2026-08-08,0
2324,Janice,28.463,11.64,,2461200.5,.1801959005170514,3.08437880446995,.3988227718642586,315.5482943880059,304.6144304602151,72.90720971829866,MBA,2026-06-05,0
2325,Chernykh,22.789,12.01,,2461200.5,.1792143100140821,3.136869101696578,1.923221050835811,139.8768369229548,266.7607192244617,94.1554503650253,MBA,2026-06-05,0
2326,Tololo,42.550,10.94,,2461200.5,.1596335675647219,2.858788095264891,15.14997345936644,155.7340169403183,258.9638476921178,146.5559923638171,MBA,2026-06-05,0
2330,Ontake,33.061,11.71,,2461200.5,.03376264988518482,3.179358234007268,8.658192631164809,140.3787719463155,129.4923050656401,134.5005231450777,MBA,2026-06-05,0
2332,Kalm,31.734,11.09,,2461200.5,.0668405374388759,3.07057449073961,14.56588951686138,61.06110258517504,244.8237683674535,256.7577404579898,MBA,2026-06-05,0
2333,Porthan,23.473,12.04,,2461200.5,.1336187000282587,2.647240805606418,11.94414076259184,39.85026090955017,99.72561643467665,147.7123696634934,MBA,2026-06-05,0
2336,Xinjiang,21.606,12.13,,2461200.5,.1631789097623582,3.183895225997865,2.787116228342092,87.20075099932076,37.11310005817424,259.4322978594285,MBA,2026-03-12,0
2342,Lebedev,21.925,12.06,,2461200.5,.1370329186137514,3.217335404230927,.3699466646230212,195.8779218033519,217.1862053993484,337.3424697876742,OMB,2026-06-05,0
2344,Xizang,16.490,11.88,,2461200.5,.1867932576819485,2.755292255066417,3.897779332327974,99.24653617719838,239.5340565333203,94.01478681763956,MBA,2026-06-05,0
2345,Fucik,25.155,10.87,,2461200.5,.07131956123830303,3.019292239421711,9.124127180202589,303.6462701201877,136.3075643979562,204.7381234738347,MBA,2026-06-05,0
2347,Vinata,25.398,11.47,,2461200.5,.2142674711770196,3.086249843355226,13.09500327043068,290.3666054943276,107.714001002941,161.0605568637473,MBA,2026-06-05,0
2349,Kurchenko,18.801,11.43,,2461200.5,.1182173886457317,2.769345547816323,17.48659985881455,133.0929915954187,217.5530544530172,13.82535520850684,MBA,2026-03-12,0
2352,Kurchatov,30.069,11.65,,2461200.5,.1122431904913,3.111762151625593,14.78820601460224,231.8724709062834,120.4603250728783,133.1523500863125,MBA,2026-06-05,0
2355,Nei Monggol,16.96,11.81,,2461200.5,.1115464046309294,3.021210068814345,9.99427155102515,53.77603593476429,278.4947126252647,86.75106331756157,MBA,2026-06-05,0
2356,Hirons,43.072,10.95,,2461200.5,.04006345944821336,3.232539934561409,15.60366918722029,189.0410319607201,354.0374698806082,233.5090571607398,OMB,2026-06-05,0
2357,Phereclos,94.625,8.98,,2461200.5,.0460259708530211,5.225702540711745,2.67006499800585,179.1694221520357,76.58509966568108,165.9340757332216,TJN,2026-06-05,0
2358,Bahner,18.586,11.30,,2461200.5,.1016223420393917,3.022284360325096,9.696568563039703,344.2874326742592,51.2151188533799,109.8469350596345,MBA,2026-06-05,0
2361,Gogol,22.244,12.16,,2461200.5,.1368499832873866,3.141062155525829,1.615540455386774,42.91760968195485,83.55712221275631,65.47085367916149,MBA,2026-06-05,0
2363,Cebriones,95.976,8.99,,2461200.5,.03653115401663939,5.241039597533488,32.0746245194437,211.6510401575188,58.35489759763622,164.0907652971925,TJN,2026-06-05,0
2364,Seillier,19.629,11.39,,2461200.5,.140279593295053,3.173134508135771,10.70812781634235,42.76250273233851,167.1411832330391,182.6040235454855,MBA,2026-06-05,0
2370,van Altena,15.032,13.08,,2461200.5,.1845801136399879,2.714050081129527,8.265754381338532,10.01890129739459,316.324608741165,191.4570388549467,MBA,2026-06-05,0
2372,Proskurin,22.245,11.94,,2461200.5,.1699147768116405,3.120013209352552,2.743125950241916,98.09641001407883,319.7881182519121,284.7962912451884,MBA,2026-06-05,0
2374,Vladvysotskij,26.090,11.73,,2461200.5,.2163072718475188,3.080925493582184,15.0749191016912,347.1690855866067,16.21808174904718,180.7970454670813,MBA,2026-06-05,0
2375,Radek,32.744,10.56,,2461200.5,.2021095800616674,3.195634672260105,14.99547094807174,110.4656057502787,101.8100060544062,302.783127222841,MBA,2026-06-05,0
2376,Martynov,41.583,10.90,,2461200.5,.1234981417948712,3.198694943454066,3.829782978976023,61.04467289526361,300.2293206491011,157.7378643314657,MBA,2026-06-05,0
2378,Pannekoek,40.373,11.14,,2461200.5,.1395758881770964,2.890492690566906,14.27822346482581,180.8031972791833,267.2366967050668,265.9672160598494,MBA,2025-11-19,0
2379,Heiskanen,33.157,11.05,,2461200.5,.2750591694141407,3.168790113226561,.470618016520191,151.2521767692717,176.4673646862327,336.0830204478168,MBA,2026-06-05,0
2382,Nonie,17.268,11.93,,2461200.5,.3325024428542537,2.759604450439255,30.93863931189779,245.8422199798528,67.010353113099,211.7141861491986,MBA,2026-06-05,0
2387,Xi'an,20.538,11.55,,2461200.5,.07577135554527845,3.020921258268221,10.94754410396961,53.01686389346618,43.14309147038308,327.801957747425,MBA,2026-06-05,0
2390,Nezarka,22.810,12.27,,2461200.5,.1460801219301986,2.619323198350299,10.32755489389374,325.6654932065194,355.0188411668904,300.2783966854998,MBA,2026-06-05,0
2391,Tomita,17.941,12.81,,2461200.5,.1346453001470544,2.439803746981962,3.015096059210232,163.1289061932972,283.4774232721383,91.45522886155885,MBA,2026-06-05,0
2393,Suzuki,48.406,10.81,,2461200.5,.1937671073712238,3.233591107701163,10.25407094205575,223.5984963383454,115.7025704989197,128.3556644323652,OMB,2026-06-05,0
2394,Nadeev,22.518,12.01,,2461200.5,.2162959911974539,3.172427776695582,1.628854179644246,127.5207009910385,300.5504933141819,55.07159248285203,MBA,2026-06-05,0
2395,Aho,20.392,12.63,,2461200.5,.0481268947008742,3.08100359345747,.2991072535574765,101.7004813712512,169.3365257041469,285.9554196136511,MBA,2026-06-05,0
2397,Lappajarvi,16.361,11.11,,2461200.5,.1743249060285283,3.089942289782899,10.29086354639697,145.6452506574508,296.2807660961124,165.3514483600654,MBA,2026-06-05,0
2404,Antarctica,23.209,11.93,,2461200.5,.1299459038824817,3.12953058105535,2.69032645038474,110.8308824504872,146.4061343648059,202.3673203026513,MBA,2026-06-05,0
2405,Welch,22.360,11.85,,2461200.5,.1415374899962656,3.197383983462337,2.254667459681666,128.0496129642071,3.332126935319507,222.2922999474211,MBA,2026-03-12,0
2407,Haug,22.461,11.07,,2461200.5,.2192215992415422,2.9229582940705,2.472090142428462,342.0741002011526,10.03515896476413,26.04831135579233,MBA,2026-03-12,0
2408,Astapovich,31.285,12.27,,2461200.5,.2415173904848103,2.637386351872745,17.72014870461637,164.340456191335,102.9115982273398,106.1845877786121,MBA,2026-06-05,0
2413,van de Hulst,20.829,11.41,,2461200.5,.1156816223037269,3.013784927642698,10.64891903176996,166.3810615450139,251.3946581896171,148.4646674470099,MBA,2026-06-05,0
2414,Vibeke,31.782,11.71,,2461200.5,.1300579732872634,3.196622070388801,16.73986793236088,356.9103797060031,45.30787153084289,152.7284852470669,MBA,2026-06-05,0
2415,Ganesa,15.501,12.44,,2461200.5,.03795584522830014,2.658884895964775,2.371466013277837,89.71954634037665,205.0075464193191,85.38544699439072,MBA,2026-08-08,0
2416,Sharonov,15.143,11.36,,2461200.5,.04861070558176472,3.012896651982125,10.51662144913433,148.3230682589435,103.6005264748064,55.63408432740814,MBA,2026-06-05,0
2417,McVittie,18.433,12.30,,2461200.5,.2261776223886446,3.178792233860053,3.1085091584249,84.53854081996545,19.25714445884892,358.4300711792272,MBA,2026-06-05,0
2421,Nininger,39.505,10.97,,2461200.5,.04235719938036706,3.233724406198978,10.2070595821032,77.37735481482859,284.5514772006939,41.36997958754641,OMB,2026-06-05,0
2425,Shenzhen,18.682,11.50,,2461200.5,.09014544286521779,3.007420460223456,10.84541300578263,52.43441181283335,245.3363018459727,178.4824645886249,MBA,2026-06-05,0
2426,Simonov,25.654,11.77,,2461200.5,.1189071509489066,2.908999702623833,8.502068642117525,236.8241475473672,6.245215713554877,21.77250440001273,MBA,2026-06-05,0
2428,Kamenyar,23.652,11.60,,2461200.5,.09637575153632638,3.164154825683984,9.309837124011437,8.213720746526112,348.3344484038744,243.2295601992394,MBA,2026-06-05,0
2434,Bateson,16.751,11.58,,2461200.5,.1674567802357953,3.083377928453653,15.60796496612692,27.26082777736323,283.9559151268315,57.48207199202366,MBA,2026-06-05,0
2436,Hatshepsut,18.813,12.37,,2461200.5,.09509188232950641,3.181372408884933,4.150957470801281,232.6689954293742,301.7411049210527,63.66910072708477,MBA,2026-06-05,0
2439,Ulugbek,21.457,11.98,,2461200.5,.1482283748144184,3.141495966523963,.2921613562440192,115.4779008085261,336.3060312246073,209.0510351100599,MBA,2026-06-05,0
2443,Tomeileen,31.878,10.29,,2461200.5,.05236594350725113,3.007185536886626,11.46398466848422,118.5864699968903,68.52936489366969,345.1178547202608,MBA,2026-06-05,0
2444,Lederle,29.925,11.97,,2461200.5,.1303430041979277,2.729290686099744,15.11525729239534,286.0031470899834,141.6283369917104,220.4446111723392,MBA,2026-06-05,0
2448,Sholokhov,38.519,11.02,,2461200.5,.1142277821832534,2.793847846421531,17.70052719767249,131.0060151360955,71.82667096133665,307.5061246840138,MBA,2026-06-05,0
2450,Ioannisiani,21.905,11.79,,2461200.5,.1083248976820784,3.118279477937217,2.527108616346785,116.5335067503368,103.3535814217994,14.30549554557116,MBA,2026-06-05,0
2453,Wabash,19.238,11.36,,2461200.5,.1109323353822163,3.019707529763862,10.31792346176797,11.62922811310131,339.868613681117,352.0383951004565,MBA,2026-06-05,0
2455,Somville,16.099,12.06,,2461200.5,.08560152165072513,2.728718420333188,7.532164616584576,300.5814186914128,115.4702601680721,243.4836502588662,MBA,2026-06-05,0
2456,Palamedes,65.916,9.25,,2461200.5,.07469398586289974,5.13618156533643,13.90750288333669,327.365598401249,96.61678117102292,119.269954972461,TJN,2026-06-05,0
2458,Veniakaverin,22.764,12.14,,2461200.5,.1427568849877667,3.128116057694705,2.086340406726445,128.1555886936846,181.8279481874741,327.1431562307254,MBA,2026-06-05,0
2459,Spellmann,17.831,11.62,,2461200.5,.0741286757587324,3.018427255539281,9.686375960134212,216.0689203189885,217.5799685267181,97.14066419763711,MBA,2026-06-05,0
2461,Clavel,25.943,11.77,,2461200.5,.1735521643622457,3.17562930558837,2.516344376084596,115.9351262339568,231.6139262159832,170.5464652101004,MBA,2026-06-05,0
2464,Nordenskiold,22.470,12.09,,2461200.5,.19272380525833,3.190329341303478,.8401826773701681,7.860957236538022,81.43607569093376,209.9082740590448,MBA,2026-06-05,0
2465,Wilson,21.685,12.46,,2461200.5,.07700815890328504,2.752295091491243,3.856330637674076,293.6912831237848,6.013131862350196,317.5535666673941,MBA,2026-06-05,0
2466,Golson,23.709,12.24,,2461200.5,.1653410663052163,2.636226423836496,5.090831353094486,159.5964712961442,195.4597471165307,208.5452306327307,MBA,2026-06-05,0
2471,Ultrajectum,15.704,11.97,,2461200.5,.08906525377594464,2.99623317087152,10.28257105269321,15.85215306120826,280.6741193666945,287.9664355985155,MBA,2026-06-05,0
2474,Ruby,23.897,11.90,,2461200.5,.2172749132498018,2.687703509379715,7.49901407977097,237.6020894932284,15.49267408053564,277.4284589455121,MBA,2026-06-05,0
2476,Andersen,20.695,11.43,,2461200.5,.1124793001539829,3.02500104980415,10.83193484760271,82.22618319752628,266.7001264336766,76.73849036574985,MBA,2026-06-05,0
2477,Biryukov,18.227,12.53,,2461200.5,.1523307330320981,2.557517398071959,6.105111033052315,208.1683117856877,86.24300304837291,4.074221362121183,MBA,2026-06-05,0
2483,Guinevere,35.688,10.96,,2461200.5,.2792251848543445,3.971121803579225,4.495666115421458,251.955962447065,182.6569956319428,44.65983036132487,OMB,2026-06-05,0
2489,Suvorov,20.854,12.32,,2461200.5,.153349624995695,3.106930169476188,1.781437713229737,56.43293735084941,233.8499109858367,111.925127533644,MBA,2026-06-05,0
2492,Kutuzov,27.792,11.66,,2461200.5,.147840019094863,3.190197234253393,.8121944339214636,19.22295601547138,273.7647496644236,227.1820484768954,MBA,2026-06-05,0
2494,Inge,46.628,10.86,,2461200.5,.06093456523533869,3.162274030154431,11.51808533212377,283.1221708270241,96.00868263840717,282.510051135716,MBA,2026-06-05,0
2499,Brunk,15.879,12.49,,2461200.5,.1327150906704409,3.096597945856367,.7559424201447172,192.0693104832714,52.54701104063923,79.06418996416853,MBA,2026-06-05,0
2502,Nummela,18.975,11.87,,2461200.5,.2248448240727951,2.933421007665141,17.8223535934194,14.33408461520742,131.7462085433903,204.3699849949521,MBA,2026-03-12,0
2505,Hebei,22.288,11.71,,2461200.5,.1717519241737122,3.14346697780141,2.077189272616799,59.21871647184987,206.5064577001532,120.1628504700687,MBA,2026-08-08,0
2507,Bobone,16.193,11.76,,2461200.5,.08483967545499514,2.780074880015528,10.30821658537457,129.6903533463457,102.4246446621461,43.54165380457501,MBA,2026-06-05,0
2509,Chukotka,16.784,12.93,,2461200.5,.1956104401779191,2.454395506496373,2.852677525250626,343.3647754286911,348.8921203541277,233.1395185160104,MBA,2026-06-05,0
2517,Orma,20.087,12.07,,2461200.5,.1744722776173004,3.183623581517673,2.631838645862003,71.8348971870371,300.6189708866635,62.24081687408383,MBA,2026-06-05,0
2519,Annagerman,20.552,11.78,,2461200.5,.1658625564365739,3.145900171914481,2.42088659994446,83.79652386337737,225.6130968213685,85.14894459844415,MBA,2026-08-08,0
2520,Novorossijsk,29.946,11.88,,2461200.5,.09139128581604677,3.106818335451882,6.224190785044676,6.543893797063446,315.08208991,55.72736535522125,MBA,2026-06-05,0
2522,Triglav,17.467,11.58,,2461200.5,.04920585023496955,3.018996835437484,8.780940647771112,272.4196771039059,239.300921148451,68.13402191717125,MBA,2026-06-05,0
2523,Ryba,17.353,11.45,,2461200.5,.03464619691695769,3.016951780613697,8.90849593536837,282.2961128212268,289.0830161369067,10.34286524066705,MBA,2026-06-05,0
2524,Budovicium,32.677,11.23,,2461200.5,.1559554330205702,3.116697545601001,.2904060867942317,278.0828806664048,19.85652177582983,84.78798795039253,MBA,2026-08-08,0
2525,O'Steen,29.877,11.19,,2461200.5,.1768588791730633,3.149259172918144,2.775032680979954,86.77744085620996,287.0366612294127,21.09073313267923,MBA,2026-06-05,0
2526,Alisary,15.439,12.54,,2461200.5,.1675835222070725,3.146836932893646,3.25337490931621,15.21676341921352,68.17572506105742,259.5454335878155,MBA,2026-06-05,0
2528,Mohler,19.443,12.38,,2461200.5,.1695048711449746,3.149016613905954,.5128822195431946,162.7596305857435,182.2889523453675,33.27751717452332,MBA,2026-06-05,0
2531,Cambridge,22.349,10.98,,2461200.5,.05042256742584126,3.009864274890106,11.0455785109247,104.0763750431007,31.9681013498933,83.78219388608163,MBA,2026-06-05,0
2533,Fechtig,20.796,11.95,,2461200.5,.1716396763936117,3.096251884902339,1.578178056406764,201.1404526897743,225.1749772675625,28.50356733416679,MBA,2026-06-05,0
2534,Houzeau,31.052,11.61,,2461200.5,.166121410999602,3.150124525977878,.812261786321113,167.8480293983112,201.8596414143193,5.564185459399618,MBA,2026-08-08,0
2542,Calpurnia,20.854,11.80,,2461200.5,.08182926992007959,3.126756585935397,4.635643835586434,145.5713264303206,50.02959975480316,96.53136119862553,MBA,2026-06-05,0
2549,Baker,17.039,12.87,,2461200.5,.1697556832424435,3.201443214832905,.07018469052564914,190.5189860006317,206.1127573914413,256.7152221283726,OMB,2026-03-12,0
2550,Houssay,22.379,11.56,,2461200.5,.1650121934991494,3.199360806510467,10.40514830446738,158.3136600900756,242.4945641565167,245.02933159346,MBA,2026-06-05,0
2551,Decabrina,15.739,12.63,,2461200.5,.1701226014099036,3.15259458501007,.6097761497323635,8.810157345931986,36.52556910342767,338.4468388329972,MBA,2026-08-08,0
2559,Svoboda,20.884,12.62,,2461200.5,.1534326983900952,2.788410205224789,8.876871660211242,350.1465670397656,87.12933665031517,175.6910738126162,MBA,2026-06-05,0
2560,Siegma,17.976,12.07,,2461200.5,.03346119813961542,2.749054207506439,5.946780352403461,148.3104106214288,287.670615791075,321.5376620508532,MBA,2026-08-08,0
2562,Chaliapin,16.443,11.54,,2461200.5,.04652312032425145,3.008972477986314,10.23410522545733,339.6464607262225,245.570195502851,34.40139892371094,MBA,2026-06-05,0
2563,Boyarchuk,24.478,11.92,,2461200.5,.1454057789670979,3.190537243938325,2.042502149762203,114.5661034709314,39.44227959651922,253.9427173424204,MBA,2026-06-05,0
2567,Elba,15.938,12.00,,2461200.5,.1398440294434349,2.736948757656366,8.918698326443229,142.5489140399772,191.3189573918767,81.08336334342542,MBA,2026-06-05,0
2569,Madeline,26.004,11.06,,2461200.5,.163466773607637,2.625335060825877,11.49968780348488,76.2062151308544,313.9092897468511,209.1966013006727,MBA,2026-06-05,0
2570,Porphyro,24.779,12.29,,2461200.5,.1042381785396461,2.767595725177531,16.22861055404126,324.286354438923,96.41800113810825,270.5637588441401,MBA,2026-06-05,0
2573,Hannu Olavi,20.200,11.67,,2461200.5,.09933560072820578,3.019474871517063,12.93156732264136,53.95851175733464,149.1056744836567,330.9925342731955,MBA,2026-06-05,0
2576,Yesenin,27.887,11.46,,2461200.5,.1323262503217108,3.087783253475342,12.18898589884229,310.7955718083127,7.508046469774157,204.8074267538809,MBA,2026-06-05,0
2578,Saint-Exupery,17.014,11.53,,2461200.5,.09333583900232714,3.00376521404982,10.56737590665324,55.50073081474678,334.7629648041363,265.1955650518902,MBA,2026-06-05,0
2582,Harimaya-Bashi,28.87,10.71,,2461200.5,.06295014735155265,3.203362366994017,18.11866549363506,56.19594444093645,232.933426199866,40.2783035075751,OMB,2026-06-05,0
2587,Gardner,20.564,11.67,,2461200.5,.1541658682867821,3.167073345130534,2.630914841448296,87.73562507848797,183.0978830113434,96.25341775663149,MBA,2026-06-05,0
2592,Hunan,18.533,12.30,,2461200.5,.1195928162506662,3.126364896950718,1.335628920199799,204.3294704587268,6.219263651849484,273.8576601614711,MBA,2026-06-05,0
2594,Acamas,25.874,11.95,,2461200.5,.0847073640539463,5.059391709536913,5.534747898660278,356.6900317873853,280.6354795195125,140.9283169815757,TJN,2026-06-05,0
2598,Merlin,15.694,13.29,,2461200.5,.2155937803239461,2.783685099160897,7.779111519629629,197.6782242030553,216.8705147279435,257.6339658481329,MBA,2026-06-05,0
2600,Lumme,15.063,11.72,,2461200.5,.09384181384956437,3.01228650725564,11.715657215112,95.2546457707266,212.8267793479804,342.6236928747543,MBA,2026-06-05,0
2603,Taylor,18.069,12.63,,2461200.5,.04340018505772211,2.78031124474247,3.050354698053494,37.64496769931267,277.6105186830245,32.20539989839965,MBA,2026-06-05,0
2606,Odessa,15.910,11.96,,2461200.5,.261649211659606,2.762805850137523,12.43311060638817,197.18561164,352.7817234966693,336.2424408026699,MBA,2026-06-05,0
2612,Kathryn,25.144,11.10,,2461200.5,.1651910578809546,2.893993353616739,20.2262312424157,132.6053574217875,1.350217237330651,233.2967302770015,MBA,2026-08-08,0
2613,Plzen,28.007,11.64,,2461200.5,.04189832913741372,3.042231951102592,12.97893102095381,277.2882759317657,199.4945654053676,177.8768464722936,MBA,2026-06-05,0
2615,Saito,15.555,12.60,,2461200.5,.149701712035749,3.178811494036817,4.244941561507695,322.5719447268355,344.2806963729589,121.7136531807544,MBA,2026-06-05,0
2617,Jiangxi,49.084,10.50,,2461200.5,.2384841684376686,3.150862412756212,12.96859351825176,73.20036183530351,350.3613457797996,.1261372410212234,MBA,2026-06-05,0
2621,Goto,44.723,11.02,,2461200.5,.1736279716188408,3.083916134197423,13.0303837790766,95.65265175583343,271.6534609809768,277.1215946227331,MBA,2026-06-05,0
2627,Churyumov,19.675,12.24,,2461200.5,.1714752085041687,3.112417134587442,2.49831949741067,109.4980514762191,313.5532627792574,191.9082792625831,MBA,2026-06-05,0
2630,Hermod,25.165,11.97,,2461200.5,.1288202043638526,3.070235466159966,1.911800620332056,2.59633683551747,22.87789523986987,158.0270584342613,MBA,2026-06-05,0
2632,Guizhou,32.364,11.75,,2461200.5,.1110824056235702,3.036388448806031,10.45535062274431,18.21014870328731,310.163081922473,284.8474773219817,MBA,2026-06-05,0
2634,James Bradley,33.726,10.60,,2461200.5,.05133231910818765,3.459932684915349,6.424683993733751,133.3083758267355,331.3199879276324,354.6294145472572,OMB,2026-06-05,0
2645,Daphne Plane,15.58,12.27,,2461200.5,.1061536785885758,2.39100520546423,13.79843994670255,349.6802390921386,79.97807844242159,96.3602817836728,MBA,2026-06-05,0
2646,Abetti,16.776,11.51,,2461200.5,.09282845076475787,3.01508568002372,9.673966661482519,352.186293650063,37.65625183022556,297.3026583700015,MBA,2026-06-05,0
2651,Karen,23.545,11.85,,2461200.5,.3241170385808523,2.988172465451735,17.76010884179018,126.2848941204774,276.44047142745,287.0209080336311,MBA,2026-06-05,0
2654,Ristenpart,16.101,12.91,,2461200.5,.09964584482879868,3.045337920943588,7.465774059310883,206.2135954556842,40.56831384601971,9.028869225787075,MBA,2026-06-05,0
2657,Bashkiria,21.229,12.26,,2461200.5,.1612525288042578,3.173205315002466,2.241965570338468,50.15370906561335,13.76439710768248,38.19373340354097,MBA,2026-06-05,0
2659,Millis,27.878,11.75,,2461200.5,.1009289724197949,3.129780135049507,1.340811071381653,156.9482842932997,335.9003637154436,150.6851797591613,MBA,2026-06-05,0
2666,Gramme,30.364,11.76,,2461200.5,.2271731589767186,3.176039706564196,13.44814147439022,200.3903356727906,208.3849058584914,40.95946812545699,MBA,2026-06-05,0
2667,Oikawa,21.225,12.06,,2461200.5,.1900103921932804,3.228498417340974,2.235765533376741,60.01404629070404,307.8171074858616,79.24487259798879,OMB,2026-06-05,0
2669,Shostakovich,16.468,13.24,,2461200.5,.2194788817250802,2.780281254017378,7.784756296042985,292.324866413219,95.45999164498772,282.6357151261889,MBA,2026-06-05,0
2670,Chuvashia,21.278,11.03,,2461200.5,.06835781818503855,3.17198028002702,9.860605758257819,284.5111385387748,165.348527986917,128.2466406068046,MBA,2026-06-05,0
2672,Pisek,22.624,12.49,,2461200.5,.1506993956458517,2.612470425531183,14.13696235334717,128.8913028222071,152.3188681295288,24.79810842473515,MBA,2026-06-05,0
2673,Lossignol,15.119,12.62,,2461200.5,.1620021920960303,3.193293646305902,2.279851462830432,71.08801092734537,179.7784396141387,338.7267666653037,MBA,2026-06-05,0
2674,Pandarus,74.267,9.09,,2461200.5,.0689640761832022,5.196790031391038,1.857113362242549,179.7001342619481,41.61768830696235,199.959792357411,TJN,2026-06-05,0
2677,Joan,17.721,11.51,,2461200.5,.05277621123575385,2.990650291897248,10.09951391914167,194.5918447978214,16.7330151295135,183.5081670564331,MBA,2026-06-05,0
2684,Douglas,15.962,11.82,,2461200.5,.04828786992765801,3.048810469112714,9.937934009950629,150.6518203771471,107.2997454892407,62.84982340157011,MBA,2026-03-12,0
2686,Linda Susan,16.358,11.85,,2461200.5,.0553310332246484,3.002654785454697,9.326318334174534,225.6462197652066,286.0866086922987,299.9287730674513,MBA,2026-06-05,0
2688,Halley,21.525,11.84,,2461200.5,.1529211834576202,3.162630624660027,3.463276325212355,94.9618503326476,191.2956531844897,253.8309981625586,MBA,2026-06-05,0
2690,Ristiina,18.210,11.56,,2461200.5,.1111851368163207,3.035353067136023,11.45025144567854,135.8684195056703,263.771705502187,8.710142359557157,MBA,2026-08-08,0
2692,Chkalov,15.993,12.16,,2461200.5,.1843834992872599,2.580598883426058,9.2854804402323,236.2228724677078,299.0341444765264,269.2164787742339,MBA,2026-06-05,0
2696,Magion,25.418,12.28,,2461200.5,.1151825030478146,2.449645987947536,25.34208276059086,186.1006392085521,283.3311600760904,86.64033422180206,MBA,2026-06-05,0
2697,Albina,51.54,10.63,,2461200.5,.08207754249038704,3.559013115700731,3.600552982935069,270.4999933723572,125.0098846970994,130.7478392006668,OMB,2026-06-05,0
2702,Batrakov,24.927,11.87,,2461200.5,.09122045810527037,3.420578240857512,1.658105015572365,241.8608472833866,335.5104839629751,321.6290615785813,OMB,2026-06-05,0
2706,Borovsky,15.008,11.93,,2461200.5,.03848909078268234,3.019653855613458,10.84962206338339,50.49919235833757,104.5308525672392,150.3886002363306,MBA,2026-06-05,0
2707,Ueferji,25.838,11.92,,2461200.5,.1164876800337954,3.196718725477973,2.659964301263837,79.36963058543513,345.1600182908165,240.1683666370957,MBA,2026-06-05,0
2708,Burns,20.085,12.18,,2461200.5,.1797161343922366,3.079928985574266,2.784192559148194,111.6259546555311,330.4606367419422,55.35070283675087,MBA,2026-06-05,0
2713,Luxembourg,15.093,11.49,,2461200.5,.02743069882698458,2.854226586285096,1.342419698625553,339.2938713878475,300.6691360907547,340.3061953914687,MBA,2026-06-05,0
2718,Handley,25.309,11.91,,2461200.5,.1630604840744669,3.112749823867354,1.480150892036179,44.13185067724843,266.7288707490839,223.8126263260841,MBA,2026-06-05,0
2721,Vsekhsvyatskij,17.747,12.37,,2461200.5,.1680594136026207,3.239817221786025,2.232629152223194,84.75473763689934,284.2775881008944,16.98828852236788,OMB,2026-06-05,0
2722,Abalakin,19.361,12.35,,2461200.5,.1341542309971666,3.220930284799723,1.682305391520788,133.336932378397,112.4640536672519,243.6101686597428,OMB,2026-06-05,0
2724,Orlov,20.730,11.60,,2461200.5,.1253127622146602,2.922006689388292,3.986621787015476,153.2985081252254,145.6842404001972,257.70745401674,MBA,2026-06-05,0
2725,David Bender,36.974,10.98,,2461200.5,.1533864113879435,3.031401866552229,15.55944858583207,61.49612208615273,28.675634534931,341.5187384200472,MBA,2026-06-05,0
2730,Barks,15.830,11.84,,2461200.5,.1319020430455661,2.719756182559913,6.431226488500328,4.602626771642824,272.3583827472617,54.33162178287125,MBA,2026-06-05,0
2731,Cucula,44.841,10.95,,2461200.5,.1929970150648641,3.189769955199122,13.45240342300382,149.6525910460497,136.6518736793062,229.6635728593301,MBA,2026-06-05,0
2734,Hasek,25.409,11.86,,2461200.5,.01037606056032881,3.163858971489265,16.49869199012373,36.78189461363428,148.0259529508217,350.4696256098158,MBA,2026-06-05,0
2740,Tsoj,17.701,11.60,,2461200.5,.06955645620096944,3.001130914160279,9.371973843935725,197.6972489575409,93.52008091273592,67.48729733927954,MBA,2026-03-12,0
2747,Cesky Krumlov,29.804,11.97,,2461200.5,.127879820645983,3.09961660729603,5.821376755972724,344.7564725303939,300.4190901426811,43.40513628380084,MBA,2026-06-05,0
2752,Wu Chien-Shiung,15.484,11.66,,2461200.5,.1130348005794251,3.020800035150658,10.12686533930891,186.195543423993,197.0419829309625,184.9740523371979,MBA,2026-06-05,0
2753,Duncan,19.173,12.52,,2461200.5,.0396785347724777,2.791638701211784,6.860177203504833,344.3289602746046,126.9308130603374,10.86955980430813,MBA,2026-06-05,0
2757,Crisser,19.534,11.95,,2461200.5,.1925248887175939,3.17703120401627,.6745516115384064,10.21885141844401,49.73837184155137,213.8335097670351,MBA,2026-06-05,0
2759,Idomeneus,53.676,10.05,,2461200.5,.06637816230580204,5.198962968055175,21.93461786536296,171.2258061457585,8.122141986326712,8.518915432576719,TJN,2026-06-05,0
2760,Kacha,57.90,10.12,,2461200.5,.1208888872161793,3.998500637487683,13.4780159400359,352.4558984985706,150.6556681298658,144.2294517283703,OMB,2026-06-05,0
2761,Eddington,15.894,12.35,,2461200.5,.172776439059827,3.089684021563396,3.176731548592562,30.59223453637051,103.8326957168295,141.4075255817971,MBA,2026-06-05,0
2765,Dinant,24.284,12.40,,2461200.5,.0507093338831856,3.148258278738052,14.01643751815017,347.7863940815482,125.9190764830996,81.44848499124501,MBA,2026-06-05,0
2774,Tenojoki,35.697,11.42,,2461200.5,.1356129101692218,3.190025072227059,8.502155021367553,290.751422836585,107.3409762011616,236.231099924275,MBA,2026-06-05,0
2776,Baikal,19.441,12.92,,2461200.5,.1747149935930276,2.367674128049471,4.785509413715133,187.41699961227,320.7057417348402,98.21337027391741,MBA,2026-06-05,0
2781,Kleczek,20.727,12.11,,2461200.5,.1770496680119138,3.157948766674859,2.317723296535367,146.6103970906716,256.5054049270973,258.5159746923556,MBA,2026-06-05,0
2787,Tovarishch,19.707,11.66,,2461200.5,.06030567259701813,3.018285303368541,10.30909151951382,30.10199684718173,66.14372119115863,320.7608337022943,MBA,2026-06-05,0
2793,Valdaj,27.103,11.46,,2461200.5,.0298166732283149,3.168293814228636,22.04441292975472,356.1661490171055,202.5518849736763,30.38354413387066,MBA,2026-06-05,0
2797,Teucer,89.430,8.79,,2461200.5,.08926263482410041,5.115564681274,22.38366317220903,69.94291084253571,49.22402645831216,70.12309290657613,TJN,2026-06-05,0
2800,Ovidius,15.342,12.81,,2461200.5,.1554907906519118,3.139607891924439,3.083826410551812,102.2786717850092,180.1683745480183,334.6366191936974,MBA,2026-06-05,0
2802,Weisell,18.813,11.17,,2461200.5,.12272312302182,3.112519157976353,9.616080548528947,129.3149724849253,58.38344659636895,270.0632047536021,MBA,2026-06-05,0
2803,Vilho,21.441,12.02,,2461200.5,.180584963342488,3.137680242507157,1.328201893391,20.66284184299726,42.12683943938795,102.8219838877255,MBA,2026-06-05,0
2804,Yrjo,17.605,11.33,,2461200.5,.07900114725660598,3.013440258538131,11.22078351182553,109.0796516646457,171.2966398942118,29.49763283681159,MBA,2026-06-05,0
2805,Kalle,16.623,12.80,,2461200.5,.1438778964172481,2.694781481302713,6.878901306036542,49.06269900655105,310.4345075576645,75.04831194830385,MBA,2026-06-05,0
2807,Karl Marx,16.866,13.04,,2461200.5,.1844886433375595,2.791989093149924,7.865923223622042,28.21908495497889,93.05095514185587,327.9704156376272,MBA,2026-06-05,0
2813,Zappala,32.040,10.93,,2461200.5,.1551969620411602,3.132272472171578,14.7672764083954,231.7423169734577,247.3933451376595,309.442927511873,MBA,2026-06-05,0
2816,Pien,28.256,12.08,,2461200.5,.1892821608486836,2.725873042502478,7.717158857079564,93.60340462204806,264.4619386623572,254.5453089198502,MBA,2026-06-05,0
2826,Ahti,39.975,11.27,,2461200.5,.05023259825808113,3.222245867411936,15.4473078333733,33.56461769095714,145.829338380045,192.2678817667513,OMB,2026-03-12,0
2829,Bobhope,41.361,10.92,,2461200.5,.1857269966262542,3.091764064510709,14.29569872635684,323.8835981960063,339.9813634492606,132.4496974558512,MBA,2026-06-05,0
2835,Ryoma,24.230,12.16,,2461200.5,.08188934847935532,2.745106363733118,1.328336155969096,5.158760829980283,348.5568772478671,261.631877062687,MBA,2026-06-05,0
2836,Sobolev,18.596,11.62,,2461200.5,.09005469581209295,3.007133514267316,9.663363869924009,347.8961252061277,322.2845513821403,163.23554964775,MBA,2026-06-05,0
2846,Ylppo,27.994,11.57,,2461200.5,.07321203661682048,3.22290446517016,11.43396301449218,144.462047028624,70.83334825833488,138.9851165263681,OMB,2026-08-08,0
2848,ASP,25.793,11.88,,2461200.5,.1890450020265947,3.209345671448368,.9102403200865252,338.6372049402721,51.36020048319389,265.6324688478768,OMB,2026-06-05,0
2856,Roser,23.99,11.38,,2461200.5,.008351781966280005,3.026255438648246,9.895106901959197,16.76596247893906,192.4740756852494,220.6915817940597,MBA,2026-06-05,0
2861,Lambrecht,16.576,12.90,,2461200.5,.07340003268409095,2.471014138391829,4.042521450447907,188.3801025184057,225.6617014841616,151.6224168255249,MBA,2026-06-05,0
2863,Ben Mayer,18.436,12.54,,2461200.5,.1905176192466055,3.169587029969664,1.969298588285686,120.7665367052153,219.7078976340582,348.9516133650508,MBA,2026-06-05,0
2864,Soderblom,15.570,13.10,,2461200.5,.1463814569943514,2.748947264530707,3.140419619795757,135.0509893399186,12.98648779572552,166.4538260940234,MBA,2025-10-31,0
2865,Laurel,24.991,11.32,,2461200.5,.07227459999878347,2.560069197364019,14.28834582172884,321.7223072890619,292.6318432187508,121.6711681774872,MBA,2026-03-12,0
2878,Panacea,15.542,11.98,,2461200.5,.08926990005580206,3.042211337929519,10.25828537318845,317.8125796995838,20.58658667149308,219.9954342060353,MBA,2026-06-05,0
2879,Shimizu,21.762,12.05,,2461200.5,.145028454722363,2.767274942181615,10.72196567416433,149.1391435099444,27.25319624837822,156.281473506415,MBA,2026-03-12,0
2882,Tedesco,21.912,11.75,,2461200.5,.1917437931327457,3.157095643503808,.2880837496196073,314.2278382307312,6.175862615045302,346.8756284744792,MBA,2026-06-05,0
2889,Brno,17.184,11.61,,2461200.5,.1207865201415646,3.018370152613216,9.501975390153286,220.1094537379812,123.4389569308752,223.4115707014946,MBA,2026-06-05,0
2891,McGetchin,35.066,11.10,,2461200.5,.1382699205628949,3.352215393242066,9.301893002406361,114.7205213589777,252.0400885600595,62.66128301435063,OMB,2026-06-05,0
2892,Filipenko,69.492,10.27,,2461200.5,.2031336969579712,3.17391248706907,17.0108106821685,325.7737907648453,94.60731186886061,292.3300102452465,MBA,2025-11-20,0
2893,Peiroos,86.884,8.99,,2461200.5,.07604800797114641,5.135984006687782,14.66564434368154,108.7680769274625,172.5753600172122,127.0581403822718,TJN,2026-06-05,0
2895,Memnon,56.706,10.05,,2461200.5,.04921116464587837,5.238731692945461,27.20885578036303,133.9665749958711,276.3144281360019,8.035085303577652,TJN,2026-06-05,0
2904,Millman,15.460,11.81,,2461200.5,.1393706956786695,2.603370163399199,15.39956018985952,79.45499036182206,331.5776591848417,222.0230781707433,MBA,2026-06-05,0
2906,Caltech,58.678,10.49,,2461200.5,.103080775215864,3.167498523879554,30.67598630166456,84.37153211531228,297.5563396055197,341.9031542320197,MBA,2025-11-20,0
2907,Nekrasov,16.749,11.82,,2461200.5,.09558895369939754,3.015480274569215,10.21197605529714,172.3686291893681,197.2863150343667,249.3986801390598,MBA,2026-06-05,0
2908,Shimoyama,29.663,11.97,,2461200.5,.1531056715072692,2.978366679390611,13.37190573244734,233.1872809100269,153.3223062123199,253.6083587303856,MBA,2026-06-05,0
2909,Hoshi-no-ie,21.312,11.21,,2461200.5,.1151468746166749,3.021714465144532,11.4319007936836,85.28430536189269,284.1081886683771,315.0744364012255,MBA,2026-06-05,0
2918,Salazar,20.156,12.15,,2461200.5,.1498235493251539,3.173742402223352,2.094039390547927,135.585143017877,165.6589822748093,90.87410262117423,MBA,2026-08-08,0
2919,Dali,18.521,12.16,,2461200.5,.1561271359408306,3.127926984306874,1.435297317132726,161.294428631058,122.7133563371716,314.9238629870619,MBA,2026-06-05,0
2920,Automedon,88.574,8.83,,2461200.5,.02730629742272083,5.117772640716231,21.11002906355318,230.9512914211142,200.7661176478628,114.1748156989955,TJN,2026-06-05,0
2928,Epstein,15.267,11.79,,2461200.5,.06596714849453711,3.005415034199525,9.543034646008614,310.3096262182392,157.4965822624449,304.5619290036742,MBA,2026-06-05,0
2929,Harris,16.176,11.82,,2461200.5,.06301242996944136,3.123260046120347,14.90953303351323,142.4814607951596,21.25186293423974,.7790411998388201,MBA,2026-06-05,0
2932,Kempchinsky,29.283,11.71,,2461200.5,.1020337440661455,3.627199173567815,2.296491109532373,168.9667203132163,194.4963698107204,227.4293352899018,OMB,2026-06-05,0
2933,Amber,20.449,11.90,,2461200.5,.04844206827622117,2.609237634992189,7.212025032291885,121.3108007123927,220.1306755878031,318.4674345523597,MBA,2026-06-05,0
2934,Aristophanes,21.941,11.72,,2461200.5,.05897159254094861,3.165287925208641,8.819241072689278,202.0686384872349,88.02293281265058,300.2456870325759,MBA,2026-06-05,0
2938,Hopi,19.267,11.81,,2461200.5,.3284541380169348,3.152148380260229,41.43825654976724,108.8073547465207,263.7369063101584,41.51451899122938,MBA,2026-06-05,0
2945,Zanstra,23.701,12.74,,2461200.5,.1393793555069528,2.669216810158863,2.624972754537032,95.72688988556826,243.3622680016151,313.7820826815766,MBA,2026-06-05,0
2951,Perepadin,46.653,10.35,,2461200.5,.1192280556847957,3.129518842182829,14.77574505733421,24.32932335558405,122.46146439357,166.888845632822,MBA,2026-06-05,0
2957,Tatsuo,22.473,11.00,,2461200.5,.09164750195868482,3.021256720166631,8.702971154192367,249.2725587024185,60.03254077256443,16.4711068281803,MBA,2026-03-12,0
2959,Scholl,32.783,11.17,,2461200.5,.2711888082599273,3.957541393465521,5.229037210037336,120.9653430354016,283.8083447765507,122.4944214485911,OMB,2026-06-05,0
2962,Otto,17.011,11.18,,2461200.5,.04067473188169343,2.567338034842519,15.64678239496912,54.05921481003336,120.3263703726195,208.2966715505939,MBA,2026-03-12,0
2967,Vladisvyat,32.879,11.22,,2461200.5,.1355308861150998,3.196927947474617,17.99400873659207,32.36595208361302,358.0293786315986,176.1741629696822,MBA,2026-06-05,0
2976,Lautaro,46.184,10.98,,2461200.5,.1453829845426782,3.339129118899123,9.833943693711896,206.6646212326609,188.5728859225665,332.386144966859,OMB,2026-03-12,0
2978,Roudebush,18.858,12.31,,2461200.5,.1883736848639719,3.094158030037035,1.230950322877928,348.2797703766125,4.15137932186135,270.7306722623543,MBA,2026-06-05,0
2979,Murmansk,20.558,12.64,,2461200.5,.1594707590505755,3.118999554252373,11.41512195398817,148.4125901824168,195.5301279154502,252.7026740569481,MBA,2026-06-05,0
2981,Chagall,15.489,12.71,,2461200.5,.1792029381935046,3.140463212997568,.8752294267955654,185.9705761965366,98.46825298435309,297.0496258377012,MBA,2026-06-05,0
2982,Muriel,15.229,11.98,,2461200.5,.06654195621153519,3.000294627280236,10.22893709683122,42.75512667681727,40.52667660173668,22.4979169610282,MBA,2026-06-05,0
2983,Poltava,30.690,11.62,,2461200.5,.0569114851024735,2.848263237796751,4.268724136383096,247.7015547457594,88.17142668120293,113.7434190566262,MBA,2026-06-05,0
2984,Chaucer,15.377,13.35,,2461200.5,.1344365961570934,2.470449849499057,3.054119255702497,81.78055712911281,45.83631507291911,130.9745951990429,MBA,2026-06-05,0
2986,Mrinalini,19.210,12.24,,2461200.5,.1644528392930593,3.1647091395093,2.535256957200685,51.20890955317899,301.9414864023093,216.2537489529332,MBA,2026-06-05,0
2987,Sarabhai,17.97,12.44,,2461200.5,.06654300635156533,2.887088007329289,1.022110371676073,167.2685694310244,333.1592601574251,10.88456684596927,MBA,2026-06-05,0
2995,Taratuta,16.59,12.16,,2461200.5,.1384737755612339,2.615336268920217,14.85213148347124,169.5910030912673,329.7295967802975,335.511853186703,MBA,2026-06-05,0
2996,Bowman,20.381,12.24,,2461200.5,.03038894111337555,2.782765550620956,3.665875687632871,334.0900617598009,307.403380806962,238.3658774457299,MBA,2026-06-05,0
3003,Koncek,19.449,11.48,,2461200.5,.1186544268065265,3.027112691518639,11.60211689927098,103.6260535150493,286.4971395303183,83.23290497837212,MBA,2026-06-05,0
3012,Minsk,21.061,11.09,,2461200.5,.0718226124533496,3.223108921717618,18.19387716509438,354.8336567545882,92.30005277513693,302.4676375737823,OMB,2026-06-05,0
3015,Candy,24.517,11.18,,2461200.5,.178877168482462,3.38851914478263,17.33996347096905,37.67672522417762,302.3373235602836,145.6660524725503,OMB,2026-06-05,0
3021,Lucubratio,24.426,12.13,,2461200.5,.2359334593790025,3.205416485268892,16.60954657839219,352.1628625739797,98.57106509019039,200.4185589235919,OMB,2026-08-08,0
3024,Hainan,37.189,11.02,,2461200.5,.1305888487610174,3.410446377699435,14.84677640073611,27.35649192298438,342.2480649479031,42.03892063261632,OMB,2026-06-05,0
3025,Higson,45.830,10.38,,2461200.5,.08360365559069424,3.200527365866765,20.99717692329461,293.210272919905,112.0739468043084,188.5932170939177,OMB,2026-06-05,0
3026,Sarastro,16.211,11.95,,2461200.5,.02057239521281181,3.03255508566925,9.646157341810287,215.7304654470335,118.2535562810928,128.3240641724305,MBA,2026-06-05,0
3028,Zhangguoxi,25.58,10.86,,2461200.5,.03143940136292939,3.017243585788606,9.514382936581409,189.4228414197049,2.235707542155588,239.32481790361,MBA,2026-06-05,0
3036,Krat,43.101,10.50,,2461200.5,.1041645940067919,3.209072079680911,22.8527699836759,23.44727393162605,320.43429414,170.5033850528024,OMB,2026-06-05,0
3037,Alku,29.876,11.79,,2461200.5,.1862873234680105,2.674226190780163,19.00780987383842,107.7161342915202,331.3104889006368,328.989989632022,MBA,2026-03-12,0
3044,Saltykov,24.805,11.96,,2461200.5,.1610466524425559,2.851326347111286,13.50622825431653,242.2018447145485,70.58400537597466,342.2571443636792,MBA,2026-06-05,0
3045,Alois,27.493,11.71,,2461200.5,.1063237897724756,3.135608496907243,3.332077268385214,35.94532773291422,330.9412126768779,329.1728054939667,MBA,2026-06-05,0
3046,Moliere,21.438,12.65,,2461200.5,.1436698048660482,3.140576080432759,18.39687183642052,187.8694767765105,268.0711685702672,232.0958145256797,MBA,2026-06-05,0
3049,Kuzbass,19.696,12.18,,2461200.5,.1362664287773768,3.117159446412514,2.498517612528222,94.99333946915185,167.1237362121474,149.5623960373212,MBA,2026-06-05,0
3051,Nantong,15.859,12.49,,2461200.5,.2568295243400479,2.592461617371347,13.38062691911071,279.977242965716,93.77478618668546,175.4608384448245,MBA,2026-06-05,0
3054,Strugatskia,26.921,11.89,,2461200.5,.2084063970055434,3.097524161688419,2.081799388109297,146.1746303499559,186.9599636894774,359.5701297000043,MBA,2026-06-05,0
3061,Cook,22.639,12.10,,2461200.5,.1882229003138526,3.094133546283404,3.258542531026986,97.9536801774713,243.9102175768942,51.90473300559762,MBA,2026-08-08,0
3062,Wren,23.409,10.85,,2461200.5,.1177027386820697,3.015195782252642,11.33626426753348,110.1063280960081,271.7252561704112,151.4388830796033,MBA,2026-06-05,0
3063,Makhaon,111.655,8.54,,2461200.5,.06015522949824698,5.226316523043085,12.15460711611621,287.8796140286966,204.9663842344247,57.00368504681862,TJN,2026-06-05,0
3065,Sarahill,19.499,12.40,,2461200.5,.06395284135735609,2.718804376823223,4.292963511068687,302.7746893823925,213.6911809456619,159.5927123600816,MBA,2026-06-05,0
3071,Nesterov,19.913,12.23,,2461200.5,.09085774518496721,3.200556747049752,2.214187088778183,134.0134261824324,53.89572540508711,86.89420574423632,OMB,2026-06-05,0
3078,Horrocks,28.284,11.73,,2461200.5,.1058054411516781,3.146119591278231,7.087938941133055,32.35397661585201,140.0681195916945,207.5154826067978,MBA,2026-06-05,0
3082,Dzhalil,17.664,12.88,,2461200.5,.07671779670710314,2.577351298858443,10.33126089150132,117.4578301919703,231.1554712245294,295.8608692572438,MBA,2026-06-05,0
3088,Jinxiuzhonghua,16.948,11.63,,2461200.5,.04742217945855368,3.019932417224608,10.23160466714843,170.9672159403163,314.0639804130246,99.35852817338468,MBA,2026-06-05,0
3089,Oujianquan,35.887,11.51,,2461200.5,.1851799850615036,2.929541772720385,16.69467284510431,88.19525859758193,183.8213061706802,127.0719564635122,MBA,2026-06-05,0
3092,Herodotus,30.346,11.38,,2461200.5,.1134099856901058,3.542657635503448,10.82193560677565,7.9282627826413,9.785248194656962,294.6984064756006,OMB,2026-06-05,0
3094,Chukokkala,23.099,12.24,,2461200.5,.07090868515241706,2.648761121408957,14.56096373582289,172.2614252578441,51.23862185927455,307.5368870548511,MBA,2026-06-05,0
3095,Omarkhayyam,30.178,11.51,,2461200.5,.07979076269111279,3.492431030731828,2.972794566356588,292.3862966264758,117.7406793355991,315.9151962764623,OMB,2026-08-08,0
3096,Bezruc,17.122,12.83,,2461200.5,.1936223586649949,2.668879548711316,12.1511107746308,168.4541565393872,166.1304995169872,104.4974121002652,MBA,2026-06-05,0
3097,Tacitus,20.810,12.47,,2461200.5,.08848551149097031,2.928545267678876,7.463416661935656,196.6321002905727,86.10903837160664,112.56120624429,MBA,2026-06-05,0
3104,Durer,16.952,10.69,,2461200.5,.08621175356991347,2.964202720600134,24.18557064206573,162.0123277846433,244.3331931725615,329.2364733651852,MBA,2026-03-12,0
3106,Morabito,26.209,11.59,,2461200.5,.2408616636800481,3.139230364198034,14.8646789370253,121.3329689340052,290.0149140142134,103.7984045809872,MBA,2026-06-05,0
3109,Machin,23.671,12.21,,2461200.5,.08950889651063836,2.450224628187704,7.186335360744867,22.71827050902951,255.8186216432121,109.554789316035,MBA,2026-06-05,0
3115,Baily,17.044,11.39,,2461200.5,.1423766227876183,2.580099040587973,10.18744107393685,258.5435202211423,171.6011564763052,201.3631800423358,MBA,2026-06-05,0
3118,Claytonsmith,36.569,11.19,,2461200.5,.05483902488513853,3.036159436278035,13.272013972507,304.4467783927259,264.8082223350239,1.886748706586727,MBA,2026-06-05,0
3119,Dobronravin,15.653,13.04,,2461200.5,.2061345915751771,3.058040198752868,4.759831414181479,110.2163578778918,329.5136719873238,20.15702999929061,MBA,2026-06-05,0
3120,Dangrania,15.481,11.76,,2461200.5,.0988516176104408,3.027221199947585,12.95968438197469,220.3373645983528,134.2855296020248,306.4906615158283,MBA,2026-06-05,0
3125,Hay,15.046,12.76,,2461200.5,.1989760120789377,2.602598819540535,12.74314213018021,134.2173351482141,357.4415359423732,210.3971665479829,MBA,2026-03-12,0
3128,Obruchev,20.396,12.25,,2461200.5,.1572396983513738,3.113957144598234,2.938032151098583,102.3462442011942,188.00211866033,126.8559571905837,MBA,2026-06-05,0
3132,Landgraf,35.886,11.82,,2461200.5,.131664274869905,3.142320016123745,4.464151302012042,112.8939399369259,265.1928522015166,143.7825210900633,MBA,2026-06-05,0
3134,Kostinsky,50.389,10.48,,2461200.5,.2203314202312018,3.987465383443377,7.644953674570194,256.8062353588955,161.3251886712518,85.81459938062375,OMB,2026-06-05,0
3136,Anshan,19.032,12.24,,2461200.5,.1431255568048754,3.152615369979443,4.542400954831435,80.75389523519523,36.3901982484861,284.1786736761538,MBA,2026-08-08,0
3139,Shantou,36.648,10.90,,2461200.5,.02108578549628875,3.192016065180576,20.57290320655109,252.7214568465,120.1271554738923,33.81831238184947,MBA,2026-06-05,0
3140,Stellafane,20.213,11.04,,2461200.5,.1131263588006377,3.012067822554228,11.27404812502613,101.4035642161016,266.9996279870983,198.2758422943651,MBA,2026-06-05,0
3141,Buchar,36.05,10.91,,2461200.5,.06562042287519122,3.404741935367062,10.91623692779857,320.6341956475075,160.9051968514765,112.1302905796709,OMB,2026-06-05,0
3148,Grechko,17.009,12.40,,2461200.5,.1920572730146677,3.101033007220867,.730209208458386,.688721115789961,42.86874272254632,174.9238448676729,MBA,2026-06-05,0
3150,Tosa,33.479,11.26,,2461200.5,.1162985762857441,3.201390720222975,22.05297491801042,350.21323253,271.3314553030458,115.9398244372274,OMB,2026-08-08,0
3152,Jones,30.952,11.97,,2461200.5,.09068754239659664,2.625990008619995,11.31358731462589,301.1292573681833,292.1781345968161,25.93631678238485,MBA,2026-06-05,0
3156,Ellington,30.794,11.79,,2461200.5,.1946924812832077,2.858874888080972,15.78496948102174,6.872224281297853,118.6966496922954,99.41354442318946,MBA,2026-06-05,0
3157,Novikov,29.876,11.70,,2461200.5,.1517440471902325,3.144975930233337,7.586650025488074,41.44454961462922,321.9303723126709,155.9801108773076,MBA,2026-06-05,0
3162,Nostalgia,28.690,11.48,,2461200.5,.1574910313951659,3.152934129069707,17.93201846510192,128.589061898589,314.6725869581164,64.14870390110518,MBA,2026-06-05,0
3164,Prast,19.242,12.45,,2461200.5,.1493036039626008,3.164430933189225,2.324027385903384,63.58502563340789,61.55281066624033,162.287148369878,MBA,2026-06-05,0
3171,Wangshouguan,38.766,11.20,,2461200.5,.1481238884342632,3.181827625319331,11.41801648070792,31.64595820958935,25.77887642125846,45.40314692082022,MBA,2026-06-05,0
3176,Paolicchi,41.327,11.24,,2461200.5,.03332984587521305,2.875167901436841,18.09554146638301,53.12649766175866,19.20498601544276,103.7037788733888,MBA,2026-06-05,0
3177,Chillicothe,15.419,11.97,,2461200.5,.1474234630491533,2.634760479382087,15.965542153,34.98050370293094,40.32910770991324,239.8338481317792,MBA,2026-06-05,0
3179,Beruti,20.835,12.08,,2461200.5,.1636904867511278,3.088057367948056,1.761401642540342,179.5134200272386,276.700631134311,359.7137017301944,MBA,2026-06-05,0
3183,Franzkaiser,15.283,12.82,,2461200.5,.1453497384344944,3.180314183038471,2.197028766372832,128.4462580583158,219.5121433095102,164.2939662964421,MBA,2026-06-05,0
3184,Raab,19.280,12.47,,2461200.5,.2642028517978638,2.664385446869069,8.20578087046357,97.02860211877628,238.1470779863453,227.6086431612448,MBA,2026-06-05,0
3197,Weissman,18.984,11.60,,2461200.5,.181055131407461,2.665802299118898,16.41410192399778,111.5809340231621,313.0295010385442,189.7643152672759,MBA,2026-06-05,0
3202,Graff,35.910,11.09,,2461200.5,.1157337106273448,3.93111425348286,11.10882282014411,205.09536090514,267.6585479289453,341.2801596477698,OMB,2026-06-05,0
3204,Lindgren,19.596,12.33,,2461200.5,.2807000819759213,3.154582195172925,2.063913885943049,108.6810685766832,297.8052454883898,134.8178855332564,MBA,2026-06-05,0
3208,Lunn,20.114,12.29,,2461200.5,.1082099008424958,3.119869398572703,2.345595502309969,136.4753426035255,32.65035498728128,111.6665834453888,MBA,2026-06-05,0
3210,Lupishko,19.128,10.95,,2461200.5,.05508048985141216,3.111674470609386,13.63644294133225,127.9619024449405,26.60489449401452,190.9154578751217,MBA,2026-06-05,0
3213,Smolensk,17.720,12.57,,2461200.5,.1655143332549167,3.195862006004476,.9510803048258308,33.33932920086475,326.2789925317316,142.2538733110477,MBA,2026-06-05,0
3214,Makarenko,18.442,11.68,,2461200.5,.05925724578847378,3.011317955714688,11.5093217826277,100.1926450381074,154.0315815351121,167.8297850909159,MBA,2026-06-05,0
3215,Lapko,19.517,12.41,,2461200.5,.09203308894356532,3.132649212237482,7.209508789613258,66.47514800144393,44.55392519115041,159.7068565085636,MBA,2026-06-05,0
3219,Komaki,16.127,11.89,,2461200.5,.1303991441934803,3.036683479447893,6.811238737306751,288.8765481818683,294.8141494113139,75.56618628486368,MBA,2026-06-05,0
3222,Liller,34.919,11.53,,2461200.5,.06819430514942357,3.087275009133722,15.97112534918961,150.7125917191509,126.9635676732315,346.0495583666057,MBA,2026-06-05,0
3223,Forsius,20.149,11.34,,2461200.5,.1407108406840509,2.608344287718092,10.06290368279389,168.1098708274875,293.6894596654471,232.4053917164684,MBA,2026-03-12,0
3224,Irkutsk,24.900,11.72,,2461200.5,.1626484390094765,2.786277202115816,4.305994170564211,227.6233396737396,5.091613854333965,301.7098142429467,MBA,2026-06-05,0
3228,Pire,16.209,12.94,,2461200.5,.130885062505649,2.463984944488643,1.916272966979228,290.0617558647451,190.161084664878,248.2185859049926,MBA,2026-06-05,0
3230,Vampilov,22.759,12.05,,2461200.5,.3297660190750861,3.133050738833325,15.3009062570772,73.44561165029232,244.658741501536,211.4259739798718,MBA,2026-06-05,0
3232,Brest,16.613,11.76,,2461200.5,.08410289143404497,3.021788669058951,9.869948359892739,191.9468721813983,118.0406213242137,342.9412708659199,MBA,2026-06-05,0
3237,Victorplatt,27.751,10.74,,2461200.5,.06628390886422247,3.01352288420483,9.114021211098981,280.23521510,336.3176106270784,111.4264332287706,MBA,2026-06-05,0
3240,Laocoon,51.695,10.28,,2461200.5,.1268265688664974,5.216921011913261,2.336723332231666,296.2682416034873,16.28503448984276,91.43535751258094,TJN,2026-06-05,0
3241,Yeshuhua,16.775,12.60,,2461200.5,.1568485716700511,3.045013428932025,1.654964469808562,126.9895401727314,315.5314755689687,322.5336373846833,MBA,2026-08-08,0
3246,Bidstrup,22.225,11.84,,2461200.5,.03132375825261947,3.195941580886378,21.78026932560121,197.3639230887284,320.1705779939302,332.4923880832859,MBA,2026-06-05,0
3248,Farinella,36.553,11.01,,2461200.5,.1513200670470101,3.210789974375585,10.89216070721143,11.81777155655249,318.7643678794872,131.4776875267335,OMB,2026-06-05,0
3254,Bus,31.104,11.33,,2461200.5,.1533619037211524,3.967881475480037,4.412828953284379,42.78221049866594,302.3072059400579,225.2524876005495,OMB,2026-06-05,0
3256,Daguerre,20.551,12.55,,2461200.5,.0970973475221372,2.778629612390735,7.83212545896881,174.217696033949,266.7786985401003,176.163723096219,MBA,2026-06-05,0
3259,Brownlee,25.579,10.21,,2461200.5,.1145694748132082,3.173734862299478,15.4625740290212,242.2951043237646,316.0328008318137,338.5733180285559,MBA,2026-06-05,0
3262,Miune,22.627,11.25,,2461200.5,.06770959681418727,3.010942978910944,9.449270032995985,72.86088862200937,57.06543046113526,354.4455729369437,MBA,2026-06-05,0
3264,Bounty,16.389,12.53,,2461200.5,.1368169128146679,3.155453204721816,.9778990640514416,140.0562946445654,9.569107319116663,161.4953784635624,MBA,2026-06-05,0
3273,Drukar,27.397,11.62,,2461200.5,.02260795963887584,3.402397727711044,14.07780621093915,45.72258724899275,224.1683939041058,133.4136996248234,OMB,2026-06-05,0
3276,Porta Coeli,18.410,12.57,,2461200.5,.1582761091123262,3.130091620552035,2.657039216475704,70.95218747689113,343.5585625091185,299.2889330933482,MBA,2026-06-05,0
3277,Aaronson,19.880,11.69,,2461200.5,.2660873720412452,3.151395753701303,8.552988862132638,84.90194022509294,295.0337532104552,298.6444278621953,MBA,2026-06-05,0
3278,Behounek,31.455,11.44,,2461200.5,.01688863453469717,3.215834276158457,9.712286027058544,77.72937077926751,112.6201932571156,63.81516435867572,OMB,2026-06-05,0
3291,Dunlap,22.496,12.89,,2461200.5,.1007818442621357,3.149176077575902,2.007499377350042,151.22059478,161.4434806489458,16.40238888250613,MBA,2026-08-08,0
3297,Hong Kong,15.582,12.49,,2461200.5,.170494712314902,3.138173552722221,2.375079185800517,112.251156654305,288.1290831092901,211.5465215366542,MBA,2026-06-05,0
3300,McGlasson,22.752,10.54,,2461200.5,.2006717003888097,3.166398589073052,18.73835551020967,27.22800356461759,263.6429086986165,126.7470524310479,MBA,2026-06-05,0
3310,Patsy,24.032,10.97,,2461200.5,.05936427387983213,3.007375702958129,11.09752624958349,101.3465313338083,132.2369619973783,183.082401494564,MBA,2026-06-05,0
3311,Podobed,17.336,12.37,,2461200.5,.03692998460695888,2.789407517780305,.9329606434135723,157.3638809675164,12.17784759956406,69.1463862790506,MBA,2026-06-05,0
3312,Pedersen,17.004,11.73,,2461200.5,.1191866710091932,3.004653119677333,9.653742481795341,214.2880745388014,128.8771178492687,16.23016583354643,MBA,2026-06-05,0
3316,Herzberg,16.988,12.05,,2461200.5,.1052713324637035,3.109016324610567,8.412515038683386,200.2352958746424,353.2373494442695,228.8940647331297,MBA,2026-06-05,0
3317,Paris,118.790,8.41,,2461200.5,.127400667548522,5.228458597003078,27.85143591275161,135.8844749908255,150.9510016696612,132.6486955642235,TJN,2026-06-05,0
3318,Blixen,22.658,11.03,,2461200.5,.04570135410276546,3.010141614642644,11.5824599686977,109.001379660765,45.33065847181469,4.842764013276699,MBA,2026-06-05,0
3319,Kibi,18.889,12.06,,2461200.5,.1511254077360338,3.167617188718679,3.83895898962973,269.6637121229762,120.19637588,38.10285859484914,MBA,2026-06-05,0
3324,Avsyuk,18.649,12.07,,2461200.5,.0270317996001243,2.698010077042765,10.77343414961166,316.7142502366956,183.994213570417,273.1117163893986,MBA,2026-06-05,0
3325,TARDIS,28.238,11.65,,2461200.5,.01956100321066459,3.183604966815673,22.20025201282314,46.15038773420411,85.90694427589072,240.923686657946,MBA,2026-03-12,0
3327,Campins,20.773,11.89,,2461200.5,.09029182159944678,3.175254041568008,1.555950988898579,69.72911220332529,242.3586473573893,98.95422559755167,MBA,2026-06-05,0
3328,Interposita,18.135,11.63,,2461200.5,.1114282478866169,3.015550367822475,11.45573082364699,60.28344983590875,273.9008410457454,296.7875578923624,MBA,2026-06-05,0
3329,Golay,18.365,11.72,,2461200.5,.08101954683955738,2.998958379765546,10.41144900755532,11.61448156396212,70.43185247324992,234.2586710623084,MBA,2026-06-05,0
3330,Gantrisch,34.877,11.49,,2461200.5,.1996628685134003,3.160850451513137,10.25505369003473,9.617210076126405,307.4481067946377,137.494814860441,MBA,2026-06-05,0
3333,Schaber,26.538,11.96,,2461200.5,.2190288342675556,3.137546670875475,11.94840395891842,231.0759571116899,66.92917693953505,145.4535786611622,MBA,2026-06-05,0
3339,Treshnikov,33.541,11.57,,2461200.5,.132698253024266,3.177445472933135,17.81854898187179,84.70260611607659,147.1589956090583,170.2865643871644,MBA,2026-06-05,0
3342,Fivesparks,22.163,12.22,,2461200.5,.08686982697670322,3.136634256323757,6.19336554500148,144.0876988508933,310.7819266704591,27.15601719207877,MBA,2026-06-05,0
3345,Tarkovskij,21.698,12.26,,2461200.5,.1922124292712269,2.471009105718477,15.87678104721133,304.8125622311621,194.3478903734793,27.71072281896134,MBA,2026-06-05,0
3346,Gerla,34.628,11.09,,2461200.5,.04695143059573699,3.183993803167783,21.48044844280832,2.60310025331176,23.33635343143994,44.65076013647365,MBA,2026-06-05,0
3347,Konstantin,16.965,11.99,,2461200.5,.1088430546870173,3.126464255686558,4.779449968802866,193.2548767179876,222.1590961403792,56.76518050404046,MBA,2026-06-05,0
3348,Pokryshkin,15.588,12.16,,2461200.5,.1609584476640784,3.173158907365518,10.38794049252239,185.7553130103084,61.53518349511635,151.4965237912649,MBA,2026-06-05,0
3357,Tolstikov,16.360,11.84,,2461200.5,.05171885562735078,3.022179112288474,11.25478053450394,144.9556565310331,65.73555783303628,352.183575966895,MBA,2026-06-05,0
3365,Recogne,17.716,12.56,,2461200.5,.1764559534301918,2.710240727080501,7.801853937378473,189.273015107155,108.4470795408111,332.0086425566654,MBA,2026-06-05,0
3366,Godel,16.935,11.61,,2461200.5,.08645155565364353,3.004481349283206,9.973028289484764,179.9586999310588,145.5095624038314,331.9812676914762,MBA,2026-06-05,0
3368,Duncombe,33.331,11.11,,2461200.5,.09324318658704878,3.383721115417635,19.11512205024795,3.91120951641378,347.8594132437045,201.5559219946003,OMB,2026-06-05,0
3369,Freuchen,23.648,12.32,,2461200.5,.13693553137657,3.044151958784222,7.975816626312134,267.2083592632458,140.9192088641249,213.226071681876,MBA,2026-06-05,0
3372,Bratijchuk,21.481,12.39,,2461200.5,.140051239708714,2.695773069245937,3.272779985584126,19.01657145571063,20.81783296836151,61.63456085514108,MBA,2026-06-05,0
3389,Sinzot,20.768,12.66,,2461200.5,.1406342252322351,2.770483937435015,7.067348652136032,149.8961576287056,268.9414862293523,125.9616028215281,MBA,2026-06-05,0
3391,Sinon,37.862,10.37,,2461200.5,.08234862643262861,5.290178598854017,14.88389290701444,341.0632854733244,104.934926915467,81.82932814768634,TJN,2026-06-05,0
3396,Muazzez,32.519,11.30,,2461200.5,.1776799334573618,3.397588208134179,8.315833870249062,37.81777366070961,315.6416840827941,302.5996879668823,OMB,2026-06-05,0
3399,Kobzon,16.997,12.72,,2461200.5,.1851124644665463,3.089646242102957,.1335980690819723,358.0741989523119,354.2746415427904,217.7844548598828,MBA,2026-06-05,0
3405,Daiwensai,24.991,12.30,,2461200.5,.1167144013886966,2.608840598566096,13.20314346282671,241.8161408215843,63.43583454580693,297.8331462876581,MBA,2026-06-05,0
3406,Omsk,16.058,12.07,,2461200.5,.1331033066228451,2.795342113622774,8.3892577449759,269.3590277115433,313.2474139565875,33.72113419059966,MBA,2026-06-05,0
3407,Jimmysimms,15.676,12.72,,2461200.5,.1578609100147104,2.685300415634007,13.10193692746098,102.8172085091391,344.0081700679895,90.73219370757282,MBA,2026-06-05,0
3415,Danby,36.582,11.01,,2461200.5,.2489745514212567,3.962683105125951,1.373501865828532,253.5755227917655,135.0938640523857,127.1331031361957,OMB,2026-06-05,0
3418,Izvekov,19.481,12.48,,2461200.5,.1927432295083338,3.153361245517663,1.890686925892944,83.91244769001958,285.3172642079404,123.8479277807612,MBA,2026-06-05,0
3419,Guth,34.589,11.10,,2461200.5,.06959367860478163,3.212951646353746,17.44443277980642,58.30520875039666,231.7227598300152,238.5477500494302,OMB,2026-06-05,0
3420,Standish,18.722,12.17,,2461200.5,.08177243783147166,3.102085164717533,14.30922641215363,145.8862466252005,20.036857663,248.8507004590879,MBA,2026-08-08,0
3425,Hurukawa,21.207,11.06,,2461200.5,.08349600730377285,3.000544670344828,9.233886486521907,291.3121754434815,139.5535088518952,307.9795208250087,MBA,2026-06-05,0
3426,Seki,16.356,12.99,,2461200.5,.09775481410766494,2.618412102340506,13.12540904563877,5.397874201441185,261.7789583057714,337.7095209416992,MBA,2026-06-05,0
3428,Roberts,17.163,12.28,,2461200.5,.1616528870994291,2.665617414663966,8.875403360165961,230.7192956058673,303.6521820396461,62.71825554219956,MBA,2026-06-05,0
3431,Nakano,44.339,10.73,,2461200.5,.0500679901812723,3.092873040602022,12.26836366093806,312.0572537029115,40.83744497650827,232.2286430341249,MBA,2026-06-05,0
3432,Kobuchizawa,16.956,12.11,,2461200.5,.2654397927472097,3.162850588901791,12.99570980187135,8.647629053134834,250.3993075624131,326.6739622896613,MBA,2026-06-05,0
3438,Inarradas,25.252,11.97,,2461200.5,.2026571516108726,3.045723651849706,15.29428544938176,2.393629163354167,349.1396465114599,255.3739108640513,MBA,2026-06-05,0
3441,Pochaina,18.081,12.62,,2461200.5,.1921702678224212,3.096541654429857,2.766758054826854,112.7920800790196,269.9385165335136,129.9399266040394,MBA,2026-06-05,0
3442,Yashin,25.708,11.72,,2461200.5,.1405171717168617,3.146851665430733,12.24423951220618,100.0393521026902,296.6695381158873,180.4113589835898,MBA,2026-06-05,0
3445,Pinson,19.838,12.56,,2461200.5,.1255678146094735,2.688545329891771,11.28804411303607,334.0102376020934,199.4785135970325,294.350173455126,MBA,2026-06-05,0
3449,Abell,15.796,13.12,,2461200.5,.1497506605830795,3.085405245570024,2.0369229851183,81.33539982511674,335.8165880089125,296.7756595261451,MBA,2025-09-17,0
3450,Dommanget,16.673,12.70,,2461200.5,.06541646708452795,2.746215312922289,6.462171038219116,71.51100891898237,337.9239685624608,80.81389387560982,MBA,2026-06-05,0
3451,Mentor,126.288,8.41,,2461200.5,.07398862738899326,5.197010975671107,24.57702272093707,179.4575731052325,134.8475401876683,125.7558700821931,TJN,2026-06-05,0
3460,Ashkova,17.916,12.64,,2461200.5,.2254260355126704,3.181812498236249,2.372363660011807,82.371682297147,299.4420660371278,76.21508526378383,MBA,2026-06-05,0
3469,Bulgakov,18.861,11.26,,2461200.5,.07808091809434489,3.022540623171737,9.214300124863771,218.9858562641428,70.41791842389416,230.8047861062177,MBA,2026-06-05,0
3471,Amelin,29.257,11.65,,2461200.5,.04601723635048004,3.193551316140767,15.36396146621253,334.4989254708276,157.3161166039227,61.16733899167713,MBA,2026-06-05,0
3475,Fichte,29.558,11.49,,2461200.5,.1232518689473241,3.176399681863998,15.00698920343145,241.8452169786454,229.1360296505488,83.88114834012974,MBA,2026-06-05,0
3476,Dongguan,31.53,11.88,,2461200.5,.1937110243685606,3.161812795594042,21.60366668137249,43.77836743838122,24.6783864658264,145.5187273162024,MBA,2026-06-05,0
3479,Malaparte,18.595,11.68,,2461200.5,.1065281095953353,3.044678144571949,12.50589646307015,196.1242286253378,95.04739293479291,291.6263671099272,MBA,2026-06-05,0
3485,Barucci,15.342,13.05,,2461200.5,.1658838619161144,2.438634729917737,1.799422583276723,315.2501336683025,338.8770070267971,104.3590740397515,MBA,2026-08-08,0
3495,Colchagua,26.312,11.84,,2461200.5,.1266318507369058,3.213445821063801,2.489355634683162,121.502740771062,114.2531609483075,332.5726111329495,OMB,2026-06-05,0
3497,Innanen,18.212,12.17,,2461200.5,.1543869440872839,2.686275967941571,11.32816583159788,161.8611508681542,62.63179561367744,107.4263280757993,MBA,2026-06-05,0
3499,Hoppe,15.613,12.69,,2461200.5,.1658435974749688,3.112806548766797,2.228542928659174,148.3229208431752,191.2696328797719,90.75743095177843,MBA,2026-06-05,0
3501,Olegiya,22.446,11.84,,2461200.5,.08993433958955459,2.922577872260976,4.992197426117758,245.9498569941435,68.62715159529708,356.3967235396057,MBA,2026-06-05,0
3502,Huangpu,22.044,11.92,,2461200.5,.1706011871584214,3.134434218946217,2.819447462686226,104.874473145683,210.9947962750384,88.7083826657615,MBA,2026-06-05,0
3504,Kholshevnikov,19.141,12.16,,2461200.5,.1756687140218609,3.10409000041353,2.047336706527944,118.7813518648155,164.5280350209802,131.6801067999402,MBA,2026-06-05,0
3505,Byrd,15.305,11.82,,2461200.5,.1178616717663461,3.007267649929249,9.111502891874364,302.0223466629765,89.05771790016703,180.3865465384304,MBA,2026-06-05,0
3506,French,16.316,11.69,,2461200.5,.09993871135188004,2.996368436066023,9.068956969495183,342.6173690739798,50.05420280459564,180.5735654644017,MBA,2026-06-05,0
3507,Vilas,24.917,11.58,,2461200.5,.1577315855856486,3.133813334905104,3.245537802002617,88.22118677792442,182.1882295367414,51.44786895839449,MBA,2026-06-05,0
3514,Hooke,22.039,11.85,,2461200.5,.192503569168378,3.949660402615568,3.504926994537922,24.2320137930945,342.1906964368125,13.75035733315159,OMB,2026-08-08,0
3522,Becker,20.113,12.38,,2461200.5,.2847901283145939,3.184605496899171,8.343239863471359,201.6293116950758,149.8160861016988,352.3910268583343,MBA,2026-06-05,0
3525,Paul,18.547,12.35,,2461200.5,.1041723766361253,3.081973883124111,2.541799826590783,279.9276996924312,186.3079580673732,43.31207480619079,MBA,2026-06-05,0
3526,Jeffbell,22.055,12.45,,2461200.5,.09358350510433504,2.791324372477227,8.46934064813818,42.24127449766813,247.141947563873,246.4088766640862,MBA,2026-06-05,0
3532,Tracie,16.059,12.12,,2461200.5,.05370156694404409,2.915668337635834,10.33003820599587,56.20891224195405,344.7388246217357,328.8588592426935,MBA,2026-03-12,0
3540,Protesilaos,70.225,9.37,,2461200.5,.1180515036937782,5.28274316658607,23.28150443946421,26.43456267408511,116.7172279905476,38.48951210894548,TJN,2026-06-05,0
3542,Tanjiazhen,18.437,12.58,,2461200.5,.08365303879747077,3.173912010737124,8.082083834247868,265.9359478529577,61.3134777440549,29.2926616125362,MBA,2025-11-20,0
3543,Ningbo,21.677,12.07,,2461200.5,.1697496377812137,3.180585187076356,1.047315444524285,162.7174764112654,108.81379211,75.18603798878961,MBA,2026-08-08,0
3548,Eurybates,63.885,9.79,,2461200.5,.09059867172297777,5.217371617810976,8.05147293527498,43.5587275998936,28.69968222483612,125.7480299363769,TJN,2024-09-11,0
3550,Link,26.515,11.97,,2461200.5,.1597842867862357,2.923972077410931,14.6820038409199,81.09763228121145,30.04819163067376,300.148552086884,MBA,2026-03-12,0
3552,Don Quixote,19.0,13.02,,2461200.5,.7074018380419645,4.270699442924407,31.05272514571933,349.967252592082,316.4915649809392,330.6201460958141,AMO,2026-06-26,0
3556,Lixiaohua,20.455,12.84,,2461200.5,.212700690734895,3.167232323304349,9.27993904466549,240.67571143775,145.8864409063358,5.281033866476395,MBA,2026-06-05,0
3560,Chenqian,22.356,11.17,,2461200.5,.1175749568377562,3.017093955850826,9.275750544809815,325.0690471183331,57.41993088179411,233.9474023380462,MBA,2026-06-05,0
3561,Devine,32.74,11.19,,2461200.5,.1280087328535502,3.950248131237258,9.686997286678583,117.7903584825504,176.7570537853601,101.4044707342555,OMB,2026-06-05,0
3563,Canterbury,16.924,12.79,,2461200.5,.1761747597769167,2.797793549113193,6.946568196198781,267.6933713106306,346.1824951452296,239.37849520093,MBA,2026-06-05,0
3564,Talthybius,73.730,9.48,,2461200.5,.04106046390854941,5.189847856312015,15.51270863359081,23.69884932444573,203.7955010938443,301.2953362475457,TJN,2026-06-05,0
3565,Ojima,28.129,12.06,,2461200.5,.1243415119361627,3.202229211148336,7.352500643582238,91.8209338132045,346.9431351305318,312.051332664052,OMB,2026-08-08,0
3568,ASCII,23.752,11.93,,2461200.5,.2339545966301122,3.149240227225855,19.44924992202765,58.14907701580907,280.8898466586731,72.67868525140865,MBA,2026-06-05,0
3570,Wuyeesun,19.990,11.39,,2461200.5,.08711453397152386,3.020014896435058,11.3197368960004,84.95859129854261,220.2732015025413,75.65207590841312,MBA,2026-06-05,0
3571,Milanstefanik,34.898,11.19,,2461200.5,.1100764323639944,3.933503879398292,7.857941215117428,248.9136058118881,21.55154502836655,160.1737206789703,OMB,2026-06-05,0
3577,Putilin,49.135,10.50,,2461200.5,.1984410256136552,3.947024678411646,3.742561572151996,280.1509823330658,179.0960529940827,3.087977109431765,OMB,2026-06-05,0
3578,Carestia,42.882,10.48,,2461200.5,.2031338194316807,3.215263384296227,21.31398127997448,284.4993652620437,48.22533094053892,47.31805793335313,OMB,2026-06-05,0
3582,Cyrano,15.816,11.71,,2461200.5,.07918206314020536,3.001059066707129,10.87366368857445,59.49519648499291,349.4174401579633,191.059663035724,MBA,2026-06-05,0
3584,Aisha,27.696,12.31,,2461200.5,.1038429402507206,3.085434080913902,2.129390526550557,304.5305337514268,109.5609256134482,41.95186870993316,MBA,2026-06-05,0
3591,Vladimirskij,16.419,12.30,,2461200.5,.1424673442244463,3.171637687050074,1.127204437385729,26.34598622350912,266.4895075771034,218.5097325444322,MBA,2026-06-05,0
3596,Meriones,87.380,9.23,,2461200.5,.07452788693264031,5.191141185045702,23.50290988578596,356.6982033099331,67.79007866780175,130.272321264427,TJN,2026-06-05,0
3597,Kakkuri,17.604,11.92,,2461200.5,.1915983448956998,3.159945130946548,2.517187646050422,86.13645325188698,302.4821098341016,45.68974807084336,MBA,2026-06-05,0
3598,Saucier,18.660,12.27,,2461200.5,.09372229882784817,3.1854395367946,.7866039225947592,161.3725153522147,66.00657553043156,255.7813861085747,MBA,2026-06-05,0
3599,Basov,18.087,12.50,,2461200.5,.107614402318139,3.174872118880147,1.650335596175205,163.4442902336828,49.73358507047462,293.0277435208732,MBA,2026-06-05,0
3609,Liloketai,17.598,12.41,,2461200.5,.2452662459575883,3.118251189167816,4.855219453684297,65.271020934059,30.42320754734008,57.14452291214138,MBA,2026-06-05,0
3614,Tumilty,47.829,10.63,,2461200.5,.1326202016539448,2.979683470045961,16.7004152872958,287.017968827397,310.7603511312187,65.27342502102888,MBA,2026-03-12,0
3615,Safronov,25.209,11.67,,2461200.5,.1358965522802034,3.155289868854302,2.113432525934587,134.8648022635153,110.9369571670074,24.34448911772319,MBA,2026-06-05,0
3618,Kuprin,16.106,12.59,,2461200.5,.1804900127295877,3.16183011197453,2.015141797926916,231.4382799448846,103.0894531213295,142.97178654894,MBA,2026-06-05,0
3621,Curtis,15.661,12.73,,2461200.5,.1844427850982678,3.107262735149402,2.694804302790208,174.5955649497375,177.1125577956431,86.42691294225573,MBA,2026-06-05,0
3622,Ilinsky,21.880,11.94,,2461200.5,.04678037880840027,3.392178072658671,4.932584203484373,254.2157959672576,149.7840250818219,51.98381523821369,OMB,2026-06-05,0
3626,Ohsaki,18.414,12.41,,2461200.5,.1487911516847205,3.157227852555,4.088743410223658,282.5453720133924,38.12258497606231,100.1701263672621,MBA,2026-06-05,0
3631,Sigyn,38.505,11.16,,2461200.5,.08311782040118625,3.09188179116214,14.41299427036197,150.5881397022088,158.4536325244786,265.6396462129712,MBA,2026-06-05,0
3638,Davis,17.804,11.70,,2461200.5,.07459811204863989,3.012838491696899,11.30789623151513,108.908908280619,166.6498762330322,128.4318449004724,MBA,2026-06-05,0
3641,Williams Bay,29.710,11.69,,2461200.5,.1259180375465955,2.992909568944979,16.10229009041775,30.70657426198073,293.7171246505854,89.80665860184214,MBA,2026-06-05,0
3642,Frieden,31.899,11.22,,2461200.5,.07909856980293987,2.788598963853004,13.44621908847242,131.1143208501851,18.0578408752347,156.823953470693,MBA,2026-06-05,0
3645,Fabini,19.928,12.50,,2461200.5,.08013429024840617,2.700329167650103,7.12507016474855,261.7878507060382,108.9221795975175,4.66255283695952,MBA,2026-06-05,0
3647,Dermott,26.754,11.65,,2461200.5,.101756440426144,2.800591781138893,8.045451211047826,126.0993271208475,218.0181884260849,350.3310190612306,MBA,2026-03-12,0
3649,Guillermina,21.854,12.22,,2461200.5,.04924902036450876,3.142531734264759,7.161741826501009,117.7321096772213,104.3007955760773,1.060543315950895,MBA,2026-06-05,0
3650,Kunming,26.645,11.76,,2461200.5,.2441144733046109,3.113185055679417,14.61747499432198,36.68147369545822,284.577260047602,261.4141139242125,MBA,2026-06-05,0
3655,Eupraksia,36.657,11.04,,2461200.5,.2016261552607168,4.01602813575103,3.820601596318502,337.9327223005242,39.97863098989778,335.1513101340983,OMB,2026-03-12,0
3660,Lazarev,25.830,11.90,,2461200.5,.0806157031016054,3.220100095424855,7.78674833808072,354.8778587694972,214.5645681679137,228.4517778218865,OMB,2026-06-05,0
3666,Holman,20.304,12.38,,2461200.5,.1299855982931626,3.114441523477736,2.365332687345814,120.310964590299,53.41528758389804,226.7539706659888,MBA,2026-06-05,0
3667,Anne-Marie,22.307,12.21,,2461200.5,.2282304684028253,3.087123264247322,16.22627613003948,.03539840856021597,73.35675784207989,182.5429030766841,MBA,2026-06-05,0
3670,Northcott,18.894,12.39,,2461200.5,.01933003693287277,2.741875734764975,6.441727617899442,106.89813813,141.7008579055079,92.86775536103917,MBA,2026-06-05,0
3675,Kemstach,18.825,11.29,,2461200.5,.08606518416394579,3.376692227651078,10.85916824286224,339.4649129418744,172.0477226476521,335.6333458856051,OMB,2026-06-05,0
3682,Welther,19.087,11.89,,2461200.5,.3194514718345646,2.756107787252668,13.59662191017765,255.3289460742339,114.2321903440871,135.093536709697,MBA,2026-06-05,0
3683,Baumann,19.895,11.10,,2461200.5,.1233144179922154,3.134371019806258,15.84402333497479,101.7025604397455,148.6045627313445,31.6104508025894,MBA,2026-06-05,0
3686,Antoku,17.744,12.52,,2461200.5,.148080719727047,2.73891271675874,5.726688473039158,134.5358933518296,78.59325294488769,186.1894650944791,MBA,2026-06-05,0
3687,Dzus,30.932,11.78,,2461200.5,.1987433818027855,2.728249715511583,15.78982751993523,224.8115284440839,113.5879377901597,64.6086317174163,MBA,2026-06-05,0
3693,Barringer,27.494,12.00,,2461200.5,.2007003810111437,3.151253516044377,14.91930068065268,178.6996470729509,184.1642660516855,311.1706191103805,MBA,2026-06-05,0
3694,Sharon,46.032,10.57,,2461200.5,.208456020712166,3.926245054084727,4.991193669264997,310.5965881924729,78.54591517922542,115.6417983138895,OMB,2026-06-05,0
3696,Herald,16.300,12.52,,2461200.5,.1454301503919181,3.126003518443823,10.11662086602493,312.176312224198,19.7800402811935,120.8160207410928,MBA,2026-06-05,0
3702,Trubetskaya,18.158,11.69,,2461200.5,.2371995838474651,2.620051779512096,15.64018087284849,119.8754059197113,254.4960950388954,12.44139778705715,MBA,2026-06-05,0
3705,Hotellasilla,17.865,12.58,,2461200.5,.1675746111866195,3.128149748575214,1.400917377730293,154.1788172007272,238.0589277956627,359.9271622660383,MBA,2026-08-08,0
3708,Socus,75.661,9.28,,2461200.5,.1589386897681831,5.21016237788603,13.37212273042718,291.1638881040077,58.44085186837727,64.69619536679801,TJN,2026-06-05,0
3709,Polypoites,65.297,9.17,,2461200.5,.05992082162096436,5.215824988147896,19.64818135204137,187.0449013688503,249.1700622030775,88.35381227942342,TJN,2026-06-05,0
3713,Pieters,16.024,11.72,,2461200.5,.09987530472876366,3.024050383623231,11.38609751428852,109.0760631264926,215.7101494027197,175.4486821844668,MBA,2026-06-05,0
3717,Thorenia,16.980,12.47,,2461200.5,.1621833419662395,3.169320760607287,2.5655673529761,101.2974772696108,57.32691884311232,39.1099659301992,MBA,2026-06-05,0
3724,Annenskij,15.386,11.88,,2461200.5,.1645094593491844,2.765024941060122,7.748167565053748,269.0496127696106,119.0676734910969,97.87319570743338,MBA,2026-06-05,0
3727,Maxhell,27.691,11.56,,2461200.5,.1498514543817785,3.328553395583257,5.386835562574579,161.2643001718229,164.5084087100137,135.8645952305249,OMB,2026-06-05,0
3728,IRAS,23.450,12.06,,2461200.5,.2095370547323132,2.651532196370865,22.61856413851184,167.2462938694074,281.39662247,286.6156358211399,MBA,2026-06-05,0
3730,Hurban,26.996,11.89,,2461200.5,.1635987280296246,2.724124497905788,6.947227787335764,305.1466302248744,42.33215929915377,242.3723980572667,MBA,2026-06-05,0
3731,Hancock,53.112,10.78,,2461200.5,.1119684715159714,3.230112635787469,21.59143493305568,263.7272587958701,257.255308982752,69.75109175216886,OMB,2026-06-05,0
3735,Trebon,20.974,12.00,,2461200.5,.1546567308209318,3.095915712958663,5.215618781970298,298.091307248412,258.0651785080698,154.8365654044418,MBA,2026-08-08,0
3736,Rokoske,19.533,11.12,,2461200.5,.07951524727100191,3.023897322964654,11.33526200642209,145.026018988558,151.2119644177003,205.491712194642,MBA,2026-06-05,0
3746,Heyuan,15.202,12.84,,2461200.5,.2475826876796354,3.181626488204505,1.026808001355567,24.48025171944322,303.9727030162026,341.784078853232,MBA,2026-06-05,0
3747,Belinskij,26.73,11.22,,2461200.5,.1252525672203741,3.187083341724535,24.32172142678655,38.01837512326917,105.5385129676122,202.9575333651147,MBA,2026-03-12,0
3751,Kiang,24.054,11.93,,2461200.5,.1093998899328543,3.140935545427332,13.28663875184091,270.9757409723177,24.22110672781261,254.8057040278937,MBA,2026-06-05,0
3754,Kathleen,53.699,10.50,,2461200.5,.1060899152576696,3.164139075592177,8.454954032068059,110.4461937746779,53.46430413287624,326.2232018917115,MBA,2026-06-05,0
3759,Piironen,32.15,12.04,,2461200.5,.1159666192637455,2.720505254119959,13.04926417573313,292.724167696215,165.5054266587417,169.9252390655874,MBA,2026-06-05,0
3761,Romanskaya,32.882,11.62,,2461200.5,.2801486095403402,3.125609950153734,16.20187851978265,207.2385176520099,83.56790385074413,89.88297798280243,MBA,2026-06-05,0
3766,Junepatterson,24.849,12.11,,2461200.5,.1070085125609871,3.232021418820078,1.496295482107169,129.0762665014623,7.16598680029874,143.4023993053909,OMB,2026-06-05,0
3768,Monroe,26.601,11.73,,2461200.5,.21672698609434,3.096050131635406,13.96811193083005,147.4827233308956,224.5989844262429,97.84071777543268,MBA,2026-06-05,0
3772,Piaf,18.984,11.33,,2461200.5,.06191088437757193,3.023897585887788,11.01960173283128,101.2238890357464,203.2687907174504,213.384234176482,MBA,2026-06-05,0
3774,Megumi,18.251,11.27,,2461200.5,.05359383073330558,3.005605491989259,9.200068472058939,291.556499098175,284.0461438410562,32.477012868928,MBA,2026-06-05,0
3775,Ellenbeth,17.091,12.95,,2461200.5,.2306523023066692,2.79022760996069,8.235022045545531,30.10288867700463,314.6869735633036,137.4971688332148,MBA,2026-06-05,0
3776,Vartiovuori,22.496,11.03,,2461200.5,.06782812145353335,3.183891177351918,27.38843226724513,39.56002308323996,158.6401042784479,170.8791344885815,MBA,2026-03-12,0
3784,Chopin,29.346,11.53,,2461200.5,.1613862279407082,3.135061787839402,13.52842822062955,94.4919068515711,193.4102557471774,165.2033294553252,MBA,2026-06-05,0
3785,Kitami,19.761,12.36,,2461200.5,.1618066794833843,3.240656815741132,1.925903154570919,150.4349738030143,239.9440824580672,320.6344968683638,OMB,2026-06-05,0
3793,Leonteus,112.046,8.78,,2461200.5,.09080616458336406,5.228876153881788,20.88909321889425,200.5280764672301,263.4205562749128,82.54420949133237,TJN,2026-06-05,0
3794,Sthenelos,34.531,10.53,,2461200.5,.1457318611832616,5.215138175827488,6.058827806282768,343.1985662583011,36.68305008399152,161.6620635822171,TJN,2026-06-05,0
3796,Lene,19.230,12.07,,2461200.5,.1505452106843761,2.697075431851376,6.51677019347601,269.39140630714,357.4655381371958,130.4182562324953,MBA,2026-06-05,0
3799,Novgorod,17.379,12.30,,2461200.5,.1340329479530821,3.16666273237515,1.36136975447989,156.4651655151843,96.66837050418111,238.2258515009023,MBA,2026-06-05,0
3801,Thrasymedes,34.285,11.07,,2461200.5,.02197667994272539,5.319371997269865,28.49906189421155,209.4546701221334,208.7652969695357,108.2411005498908,TJN,2026-06-05,0
3803,Tuchkova,38.019,11.37,,2461200.5,.04507256644506406,3.050076763116446,13.05006118469356,250.249560332821,274.572199111424,18.84810821775427,MBA,2026-06-05,0
3811,Karma,30.344,11.95,,2461200.5,.1314225262429093,2.576150301946953,10.18322673391552,338.6996187651637,68.20080515564355,185.3276750507257,MBA,2026-06-05,0
3812,Lidaksum,33.611,11.67,,2461200.5,.1194760289689833,3.171252724711012,18.41621424915977,122.8976721952191,35.36034044967278,274.5326616421523,MBA,2026-06-05,0
3814,Hoshi-no-mura,15.338,12.50,,2461200.5,.114573922398374,3.147305295087183,1.555424738158369,141.4865169116235,83.56678480894442,20.1447709079663,MBA,2026-06-05,0
3815,Konig,20.129,12.50,,2461200.5,.1068119328670983,2.569939364604038,8.651803633806066,197.1487174018751,12.02278406821225,101.1522282694818,MBA,2026-03-12,0
3821,Sonet,15.115,12.90,,2461200.5,.1944522900233588,3.227345849602493,.550935133077464,114.0232187681394,342.1882809179641,248.8805280346577,OMB,2026-06-05,0
3828,Hoshino,19.068,11.76,,2461200.5,.03919741032347403,3.167391058758967,6.187735003874445,221.9661772436538,271.2792040938231,299.0605813933171,MBA,2026-06-05,0
3829,Gunma,24.33,12.19,,2461200.5,.1629192624260684,2.788263929960914,7.541512670467898,189.4363523607553,314.1545763332596,86.73689080774886,MBA,2026-06-05,0
3830,Trelleborg,17.789,11.74,,2461200.5,.1046014540161211,3.031654980406803,9.635640836727406,257.5561495372907,58.3512721399558,218.7219447246465,MBA,2026-06-05,0
3832,Shapiro,16.009,12.63,,2461200.5,.1704322501622363,3.142552336507259,1.022340824877266,28.06056107882429,1.844662124936986,358.3589173076637,MBA,2026-03-12,0
3843,OISCA,30.769,10.77,,2461200.5,.150361629097365,4.00482374808029,3.916956035331713,27.91383326012288,24.14254170021238,53.54706734138953,OMB,2026-06-05,0
3844,Lujiaxi,15.538,11.81,,2461200.5,.1050738791493341,2.731639889395059,3.829825034198983,137.8902233538295,229.0679420068385,255.5611912802194,MBA,2026-06-05,0
3845,Neyachenko,25.817,12.00,,2461200.5,.1546381694561963,3.433782314406176,5.967250508814156,187.0613984853654,258.604913891497,89.88287256840664,OMB,2026-06-05,0
3846,Hazel,22.034,12.20,,2461200.5,.08919439195965097,2.935173894947958,9.035169640265678,223.4596910935453,285.8609114123751,255.905731586742,MBA,2026-06-05,0
3847,Sindel,18.975,12.10,,2461200.5,.09849836929274489,3.139161273983067,3.421621406960835,66.70796302674444,330.4714947194236,91.04562023407266,MBA,2026-06-05,0
3852,Glennford,18.510,12.30,,2461200.5,.1969327973159902,3.101029499433528,1.254474018622209,254.7076775460121,126.5259246656315,179.137672797247,MBA,2026-06-05,0
3859,Borngen,21.433,12.20,,2461200.5,.1426176799804928,3.197143944489101,2.88618006408291,126.0904653169234,347.554342145518,356.2908747189046,MBA,2026-06-05,0
3866,Langley,23.310,11.82,,2461200.5,.1849309174389663,3.153957159295775,3.640949595669286,222.0793972269777,126.6509361985795,92.03305582279339,MBA,2026-06-05,0
3871,Reiz,20.357,12.30,,2461200.5,.09555696649310649,3.188075791316793,15.64286842094955,273.6141945835183,204.6273482301621,331.434859896701,MBA,2026-06-05,0
3876,Quaide,16.815,11.68,,2461200.5,.08458102503154899,3.018429287832994,11.24360738675735,101.4296253445944,190.7372327215282,46.37123573735206,MBA,2026-03-12,0
3885,Bogorodskij,15.049,12.98,,2461200.5,.072216648137363,2.753832171950495,5.325011251552489,144.9440093773904,150.9179902843864,46.86725788226777,MBA,2026-08-08,0
3886,Shcherbakovia,18.553,12.74,,2461200.5,.1031484505412944,2.772600900020391,5.063871226455972,185.2141735052223,124.4926682303345,293.8023468031331,MBA,2026-06-05,0
3896,Pordenone,18.354,11.53,,2461200.5,.03868708902258462,3.005934837787911,9.681550599469489,232.6656195764296,318.3578036539564,11.77665324955028,MBA,2026-06-05,0
3898,Curlewis,16.363,12.79,,2461200.5,.1582926128106148,3.111739972058734,.6593424941014113,184.1671893532413,216.1032273212796,11.82728218371478,MBA,2026-08-08,0
3899,Wichterle,21.174,11.54,,2461200.5,.1720295324423908,3.19461342690489,2.814370417085277,81.87425756938993,325.2847206040025,220.8155900729128,MBA,2026-06-05,0
3901,Nanjingdaxue,19.199,12.64,,2461200.5,.2809474732665634,2.622735364792936,12.73661799497699,8.024538991993266,233.3067661088288,344.7311306793626,MBA,2026-06-05,0
3902,Yoritomo,28.402,11.69,,2461200.5,.06428072352130394,3.231594782338203,15.57825226678058,293.5432128963811,.2524969726206392,203.2755937057612,OMB,2026-06-05,0
3906,Chao,46.247,10.63,,2461200.5,.07227567108830119,2.931208600224951,26.07407941671753,148.9981834903433,208.5407366928179,182.5869223003415,MBA,2026-06-05,0
3911,Otomo,19.090,11.57,,2461200.5,.09352943582618126,3.038575317254239,10.72904196310371,210.2544014819557,134.5901118301687,64.64399320758311,MBA,2026-06-05,0
3915,Fukushima,21.993,12.36,,2461200.5,.04203585628245513,2.438903462306286,14.41864991650568,173.4059119338876,143.7749416873749,346.4670569665785,MBA,2026-06-05,0
3916,Maeva,19.580,12.33,,2461200.5,.1186741048604823,3.249632901728384,1.942886535620765,27.71343350075632,85.09035043602368,142.1498730800845,OMB,2026-06-05,0
3921,Klement'ev,16.513,12.77,,2461200.5,.2853155535514359,2.647239502323379,12.02926340411302,155.2352611189683,216.3969358252648,224.0173712189745,MBA,2026-06-05,0
3923,Radzievskij,29.870,11.74,,2461200.5,.2211499405995394,3.96832819993383,3.497405880154341,151.7875693577098,281.5004845440739,68.14629637750994,OMB,2026-06-05,0
3924,Birch,16.813,12.39,,2461200.5,.1119297120476428,2.698503921830927,6.70456604949916,331.5018645868624,95.57754537902611,103.8764624775092,MBA,2026-06-05,0
3925,Tret'yakov,51.289,11.02,,2461200.5,.1932242430886508,3.157100826398466,15.60602379877174,163.6263195114009,206.1183236393938,244.8889739162373,MBA,2026-06-05,0
3930,Vasilev,17.504,12.84,,2461200.5,.1596497842489897,3.126008514375849,1.225453244758224,37.56602077385611,246.3617897912816,59.69820398840917,MBA,2026-06-05,0
3937,Bretagnon,15.866,12.05,,2461200.5,.02732375966599733,3.066085691216621,8.852914737317247,357.3633141783467,118.6542861238155,240.7040267578164,MBA,2026-06-05,0
3939,Huruhata,30.644,11.72,,2461200.5,.101507136599845,3.111069136820757,24.7657553955171,32.3342604682686,250.7274641031024,41.38255292517614,MBA,2026-06-05,0
3945,Gerasimenko,20.796,12.71,,2461200.5,.268381190523429,3.121558482310213,1.831898934751807,9.404402750420315,332.7679299085916,335.351531353607,MBA,2026-06-05,0
3946,Shor,17.094,12.50,,2461200.5,.1234320332624828,3.09717105693157,.7357759661824351,324.1885936268857,278.5507981783044,289.9631114114247,MBA,2026-06-05,0
3947,Swedenborg,15.524,12.43,,2461200.5,.1466035458688241,3.100928469424773,5.378219418101388,253.8431751441835,100.1780787027669,346.0735148859074,MBA,2025-11-06,0
3955,Bruckner,18.066,11.47,,2461200.5,.07819457908053509,3.019847102421357,10.42081827865399,23.45870401377734,81.11191765562106,16.44204695824299,MBA,2026-06-05,0
3957,Sugie,23.46,12.75,,2461200.5,.1960242825838804,3.083584973950992,5.726765227766606,181.7346177714836,130.5398707152505,52.54808028737408,MBA,2026-06-05,0
3962,Valyaev,16.285,12.55,,2461200.5,.1218635705579887,3.201662313756388,1.993986965606434,48.93839151884289,112.3809576956287,116.6188888583396,OMB,2026-06-05,0
3966,Cherednichenko,20.885,12.23,,2461200.5,.02186465077200114,3.232880633695896,3.514639611369756,32.14535022999156,352.3020655095144,182.3252447240449,OMB,2026-06-05,0
3967,Shekhtelia,29.305,11.43,,2461200.5,.04634298645915829,3.248968017033468,17.39488604976539,100.716751860476,18.36897367797946,140.8668588734461,OMB,2026-06-05,0
3971,Voronikhin,31.996,11.40,,2461200.5,.1832068739453959,2.850906834947802,12.99814710702302,284.7417771063783,82.89105116300817,311.3272233447336,MBA,2026-06-05,0
3976,Lise,29.049,11.77,,2461200.5,.06953697793585187,2.757802823104642,12.71368808652304,222.2993432605525,101.9652027111365,58.76687736012502,MBA,2026-06-05,0
3978,Klepesta,29.223,11.96,,2461200.5,.003004976329931107,2.882906833319091,12.16927383029054,242.1429431824647,281.2946700809835,143.7297537232526,MBA,2026-06-05,0
3979,Brorsen,18.732,12.18,,2461200.5,.02940963556459998,3.105213576103191,3.060557175240852,343.5996791867458,116.8365715703141,238.0009223520893,MBA,2025-10-31,0
3981,Stodola,22.405,12.15,,2461200.5,.1611489632726388,3.176457051536786,2.447201395942478,79.42600516919521,349.3497724823289,233.1332376506713,MBA,2026-06-05,0
3983,Sakiko,16.39,13.03,,2461200.5,.1126521914030664,2.449910248866884,2.600335151939726,328.9067506919682,227.4642866666327,121.6847723611835,MBA,2026-06-05,0
3985,Raybatson,19.631,11.61,,2461200.5,.09875670538444263,2.849808674645924,16.28556150141523,83.91218523263259,150.8329759276717,134.0568510576563,MBA,2026-03-12,0
3990,Heimdal,35.675,11.01,,2461200.5,.2417437634358937,3.943125069908676,9.496009245722187,192.5737408062847,198.1726616806796,312.8402514881245,OMB,2026-06-05,0
3992,Wagner,17.131,11.59,,2461200.5,.08162505446132043,3.02017383204875,10.43856149709494,168.4663109830974,160.694038326468,173.9039373690173,MBA,2026-06-05,0
3999,Aristarchus,18.275,12.78,,2461200.5,.1189029853438147,2.460388636901377,2.535301417988687,296.3393574572758,211.5450278560147,218.1257803872217,MBA,2026-08-08,0
4000,Hipparchus,17.485,12.98,,2461200.5,.1164744143993038,2.588936642383369,2.720756744078154,318.4045212992017,173.8410503869815,333.2577296928072,MBA,2026-06-05,0
4003,Schumann,36.115,11.48,,2461200.5,.09283008016692362,3.425763872058142,5.059617206121881,189.2453038649812,117.8228948722652,119.057528672308,OMB,2026-06-05,0
4004,List'ev,24.762,12.23,,2461200.5,.1971138444199506,3.105364612453059,15.65257737963229,18.50091748677805,348.0728162994802,14.6383025993438,MBA,2026-06-05,0
4006,Sandler,15.894,12.79,,2461200.5,.1844505319201296,2.514429811860637,2.392918931306526,293.6294912374896,124.0237865505618,174.9010212218391,MBA,2026-06-05,0
4007,Euryalos,45.515,10.33,,2461200.5,.05737861652170886,5.192132784133952,10.99384079783712,6.764772975717205,78.94564100293867,103.4743608446678,TJN,2026-06-05,0
4009,Drobyshevskij,18.198,12.72,,2461200.5,.1276746863007388,3.148626823287135,2.275845947982325,72.13255366709804,185.3915640202586,258.0909941894233,MBA,2026-06-05,0
4013,Ogiria,15.695,12.69,,2461200.5,.1767136004182301,3.156939581940687,.5827788933652884,191.4551497474312,160.746323684884,114.9745915428341,MBA,2026-06-05,0
4014,Heizman,36.83,12.45,,2461200.5,.04045878222417321,3.423303322226492,1.113934325007928,270.166147157445,100.7428155055767,144.2940415597571,OMB,2026-06-05,0
4035,Thestor,68.733,9.53,,2461200.5,.05582507928952958,5.274196199758246,12.13383706155802,233.6960442560179,199.7257506480677,95.35647455333061,TJN,2026-06-05,0
4041,Miyamotoyohko,26.244,11.25,,2461200.5,.05747720725282503,3.012512917875755,11.2279105912174,101.3010818580443,157.6688423693803,28.31937651188988,MBA,2026-06-05,0
4043,Perolof,17.662,12.61,,2461200.5,.09612741024562418,3.115026815927369,6.566190356975047,303.0991206389332,11.2133672412956,359.8178220402841,MBA,2026-06-05,0
4045,Lowengrub,31.322,11.32,,2461200.5,.09520827140293754,3.232465241747629,21.3598302301867,224.1143620593886,244.245305918604,108.5050249463544,OMB,2026-06-05,0
4049,Noragal',19.489,12.41,,2461200.5,.2748586916980944,3.067080925166094,2.383256925392575,97.28259279495073,217.1074960699584,300.9858848729644,MBA,2026-06-05,0
4050,Mebailey,16.604,12.79,,2461200.5,.1342724154059334,3.187524127955288,1.480451939916118,146.1046546397438,246.1715904434316,254.266015252541,MBA,2026-03-12,0
4057,Demophon,45.683,10.27,,2461200.5,.1181441875020579,5.234837623478033,2.873142595728108,24.25072491316879,61.06136250026422,82.03358503642197,TJN,2026-06-05,0
4058,Cecilgreen,15.405,11.69,,2461200.5,.09165857145439787,3.018774896650773,10.77246946265241,61.58256653229223,253.8614457956051,162.4680900997095,MBA,2026-06-05,0
4059,Balder,17.019,11.58,,2461200.5,.06508880094416994,3.02392298109207,9.439602643404822,237.9055990678518,32.87988184462878,219.8799350880633,MBA,2026-06-05,0
4060,Deipylos,84.043,9.39,,2461200.5,.1546580690821317,5.219775978100577,16.16904262467014,168.1430112564367,309.1441164103979,52.49591491215848,TJN,2026-06-05,0
4061,Martelli,19.041,12.36,,2461200.5,.1399608419519773,3.112957821484493,1.647768586097004,22.79703594744324,253.1964743747704,280.0502820441984,MBA,2026-06-05,0
4063,Euforbo,95.619,8.70,,2461200.5,.1193370275030962,5.197430146561726,18.93121183139203,113.5109459992925,319.4743173030234,114.0538233546079,TJN,2026-06-05,0
4068,Menestheus,67.625,9.63,,2461200.5,.07416102730629993,5.128050541367962,17.57830013568697,177.613485554044,319.0237572488125,34.75271330737125,TJN,2026-06-05,0
4071,Rostovdon,25.982,12.05,,2461200.5,.1565728304983207,3.207448039721146,10.9606445012952,267.2707385170099,126.736147111096,269.5850369178736,OMB,2026-06-05,0
4077,Asuka,19.475,11.17,,2461200.5,.08809340513715773,3.021880462986294,11.38307088662748,70.36747113299336,246.0636974350322,194.2807624292074,MBA,2026-06-05,0
4078,Polakis,19.647,11.25,,2461200.5,.1100801986654353,3.014517709186304,11.62621100377219,82.98858022834438,229.3107202597308,247.8111726035009,MBA,2026-06-05,0
4079,Britten,16.397,12.89,,2461200.5,.118076982105465,3.183092837137421,2.386751929209845,74.22042384847202,66.82152873354367,204.8982834151662,MBA,2026-08-08,0
4086,Podalirius,85.495,9.27,,2461200.5,.1217210006044505,5.282356435052394,21.67882730782684,54.97239974022087,357.8025900311178,138.1992136613638,TJN,2026-06-05,0
4091,Lowe,22.571,11.77,,2461200.5,.116978436950879,3.182767277257057,12.20965059873027,49.74687588747559,194.3421351254843,124.3290676014066,MBA,2026-03-12,0
4093,Bennett,24.787,12.39,,2461200.5,.02730650459136185,3.017839604434124,9.372164351635387,260.1193834566545,207.6583520195206,129.6606184203466,MBA,2026-06-05,0
4100,Sumiko,15.561,11.71,,2461200.5,.1098918660310239,3.007739697712139,11.1317611023266,89.7448823533461,305.8413787533557,199.9290812812106,MBA,2026-06-05,0
4103,Chahine,15.656,11.54,,2461200.5,.1922648438162173,2.379815371604455,26.97949827103355,23.08989450818969,329.1523591172361,222.8087826303562,MBA,2026-06-05,0
4110,Keats,23.377,12.01,,2461200.5,.1202247142624326,3.096705789784414,2.105493663079154,193.4684821497413,74.89338648785977,274.1316360472517,MBA,2026-06-05,0
4112,Hrabal,45.507,11.18,,2461200.5,.03781545584934638,3.116829167558452,16.5992996088891,175.5207687461657,179.0775142104551,50.11188090472609,MBA,2026-06-05,0
4124,Herriot,18.954,12.70,,2461200.5,.03262978794254721,2.785592689377963,3.594613450497446,330.6432183274513,113.9940761155161,114.5182292846974,MBA,2026-06-05,0
4131,Stasik,29.130,11.81,,2461200.5,.1051181743675114,3.164407656047704,12.42421548998438,282.4595772647991,101.0759579840379,48.92858245466613,MBA,2026-06-05,0
4135,Svetlanov,24.207,12.46,,2461200.5,.2331439366792916,2.788600860791997,7.946557012273914,199.8363916534433,175.4857835461086,276.7894365987341,MBA,2026-06-05,0
4138,Kalchas,46.462,10.13,,2461200.5,.04318232505497131,5.178937860155838,2.097432673695228,207.9990522800822,166.9912084418516,172.474532217845,TJN,2026-06-05,0
4140,Branham,33.748,11.45,,2461200.5,.1241568936407738,3.00220225181998,7.734643375816509,126.9510853191487,219.2348881996578,211.3799809868537,MBA,2026-06-05,0
4143,Huziak,16.722,12.76,,2461200.5,.181106893015109,3.096439434530893,2.034653498046318,103.3170206984665,246.57174277,81.21821405533669,MBA,2026-06-05,0
4144,Vladvasil'ev,32.494,11.95,,2461200.5,.03293374551066346,3.157127448179867,9.264369285921541,171.4877915578854,230.9847982539204,324.5374952378068,MBA,2026-08-08,0
4151,Alanhale,19.526,12.47,,2461200.5,.1497380821959746,3.140102326294618,1.001683260301225,66.87860480058208,76.54401277458321,190.8873060463356,MBA,2026-06-05,0
4152,Weber,19.604,12.27,,2461200.5,.0909916398248134,3.173151790558718,17.59505252623882,201.1653823942915,336.7059881777744,129.3179931631936,MBA,2026-06-05,0
4153,Roburnham,17.337,12.44,,2461200.5,.1657113109048605,3.144288787148119,1.424857424311298,66.04139356183794,206.8637725609535,104.4009971005334,MBA,2026-08-08,0
4156,Okadanoboru,15.479,12.44,,2461200.5,.1891567186114279,2.70142358260362,14.23966377435639,308.0625998725775,129.9770946964341,268.7858514156638,MBA,2026-03-12,0
4157,Izu,21.01,12.51,,2461200.5,.1636345791721282,2.67231684132893,12.81844636078665,66.83673402973095,206.7808266868943,349.0121408408752,MBA,2026-06-05,0
4158,Santini,16.797,11.75,,2461200.5,.0159406872056815,3.411733895941984,6.164211805165869,3.754700984372873,287.3166556957844,187.1498561974495,OMB,2026-06-05,0
4159,Freeman,17.31,11.21,,2461200.5,.07427136500418592,2.549363096481145,15.20941368673171,91.17786298334548,312.3225344627745,207.0366953126524,MBA,2026-06-05,0
4161,Amasis,16.074,13.42,,2461200.5,.09417952970983393,3.06915013406652,3.26742726069268,172.3813545645642,230.0547067879033,45.41467092613066,MBA,2026-06-05,0
4162,SAF,24.768,11.72,,2461200.5,.1315236599433346,2.837757765878496,14.21896225243199,254.0582520113081,158.1179351577767,333.0753831111828,MBA,2026-06-05,0
4163,Saaremaa,19.930,11.50,,2461200.5,.04412898292960302,3.024215752605441,11.07643642842618,128.7670098873677,11.4158933451819,131.4454016515397,MBA,2026-06-05,0
4169,Celsius,37.303,11.29,,2461200.5,.1616085342021482,3.403379217767195,9.989877734854577,355.1180027456816,32.55770982637837,281.7297482544164,OMB,2026-06-05,0
4170,Semmelweis,16.820,11.71,,2461200.5,.09029494774876146,3.019931278591487,10.34968843682569,171.3908497303041,120.6971168779279,280.5486007284551,MBA,2026-06-05,0
4174,Pikulia,22.181,12.10,,2461200.5,.1441281204512614,3.176433172587676,2.318430041120417,126.8912954788859,172.2425614148707,287.6362443630049,MBA,2026-06-05,0
4176,Sudek,18.858,12.10,,2461200.5,.1386664573393269,3.103558945897149,2.600514930891163,114.1897501251866,354.585466272859,98.41235420979909,MBA,2026-06-05,0
4178,Mimeev,15.566,12.73,,2461200.5,.1727920285411272,3.184937366603977,1.035282487481117,33.9872116199826,163.7102309836249,259.7787750938307,MBA,2026-06-05,0
4186,Tamashima,29.910,11.54,,2461200.5,.07023410080227585,3.107225303756146,24.11739674804712,144.6047901439102,274.7407321778126,80.15575496884294,MBA,2026-06-05,0
4192,Breysacher,21.245,12.03,,2461200.5,.1705944815495706,3.214521345163343,.5486368136849972,207.2605656667544,130.9949660423235,139.6704963347495,OMB,2026-06-05,0
4193,Salanave,17.536,12.32,,2461200.5,.1655704495989452,3.155770988796379,1.893649362210257,127.3351951395502,250.3744512804059,.1070514036788428,MBA,2026-08-08,0
4194,Sweitzer,17.019,12.23,,2461200.5,.04230279160178986,2.698708214853097,7.523367047712806,155.9844419141309,357.9704273479718,148.3497472847638,MBA,2026-06-05,0
4196,Shuya,36.714,11.06,,2461200.5,.02547840409821088,3.898899913062153,1.511346321503174,166.0163025104965,224.8067210646214,206.8981269433347,OMB,2026-06-05,0
4201,Orosz,32.985,11.67,,2461200.5,.2262197828076535,3.159116859626548,8.875856844857895,238.0817370078587,13.41698254264585,168.5059865131313,MBA,2026-06-05,0
4203,Brucato,17.803,12.58,,2461200.5,.1329232910425286,2.606557837800522,28.59827550396487,341.1386367294357,260.8180685962386,234.3568753887374,MBA,2026-06-05,0
4208,Kiselev,30.413,11.40,,2461200.5,.07057486873314327,3.20907153281217,16.79036196416953,147.415563414774,219.0407944014894,318.7608050847097,OMB,2026-06-05,0
4209,Briggs,31.303,11.53,,2461200.5,.08058755013840929,3.156714580222531,21.60713913673393,330.1390415021558,13.80229767863693,36.67027208864474,MBA,2026-08-08,0
4211,Rosniblett,24.973,11.96,,2461200.5,.2028964228206652,3.192013080128441,.5853574268130065,24.39960367899208,315.6572260316419,287.2603870927046,MBA,2026-06-05,0
4212,Sansyu-Asuke,16.895,11.32,,2461200.5,.2438709776443133,3.157800999804644,14.82223622838635,22.06231455529286,343.4874754519643,340.6264682799174,MBA,2026-06-05,0
4223,Shikoku,22.869,10.97,,2461200.5,.1052510303135129,3.008473161072158,9.238000051040558,269.1305795432844,83.20278849879337,355.2455723844517,MBA,2026-06-05,0
4224,Susa,34.730,11.52,,2461200.5,.1885081863600807,2.917610469848161,12.11891508184665,200.6635758579159,182.1832031046688,101.7710134007922,MBA,2026-06-05,0
4226,Damiaan,33.065,11.71,,2461200.5,.2583826640978837,2.860977376960035,5.411729367449583,211.8018820004002,132.8084805401623,204.2187381998843,MBA,2026-06-05,0
4230,van den Bergh,28.461,11.84,,2461200.5,.1355009972514656,3.953095292147068,3.100297555101131,160.4143375897487,19.77426340698741,83.90623687878418,OMB,2026-06-05,0
4234,Evtushenko,15.723,12.67,,2461200.5,.1665546344125794,3.205879251133889,1.681467074562196,43.73215350456438,226.2284699870856,112.7238930360957,OMB,2026-08-08,0
4236,Lidov,32.880,11.50,,2461200.5,.0404498230960303,3.443255977596767,7.27229783561935,348.5286600281968,146.1378763305346,183.5918238262906,OMB,2026-06-05,0
4243,Nankivell,18.08,12.84,,2461200.5,.1142708673166233,3.028676498600653,8.995633418725149,344.8826891969455,356.5303204756717,65.18189032464761,MBA,2026-06-05,0
4244,Zakharchenko,15.114,13.17,,2461200.5,.1648799853416645,3.208229295883748,1.766105477832462,85.99617367305085,268.5656917130378,301.1242427157844,OMB,2026-06-05,0
4250,Perun,22.576,12.16,,2461200.5,.1251781104303094,3.159998154727083,2.510717893968216,59.10342655554157,266.4088508333602,201.1286998366016,MBA,2026-06-05,0
4255,Spacewatch,15.111,13.31,,2461200.5,.1489580058055506,3.981666757824537,2.609058820378249,183.7207402858336,72.22745664822445,348.1463616382452,OMB,2026-06-05,0
4266,Waltari,22.638,12.06,,2461200.5,.1784526363361896,3.171373406908846,16.49999518976388,322.4489589973149,155.8335966970513,354.912977896934,MBA,2026-06-05,0
4290,Heisei,17.276,11.73,,2461200.5,.09487593859552909,3.024943101360436,8.494954861699885,243.8126774362965,87.33645336189883,29.04473859745014,MBA,2026-06-05,0
4291,Kodaihasu,18.372,11.82,,2461200.5,.07502433227541408,2.981811280524744,13.65406659656908,245.7721498679901,9.010554970933928,185.4175198500112,MBA,2026-06-05,0
4292,Aoba,24.695,12.37,,2461200.5,.04989876789203055,2.748799454944381,3.550244253814149,321.4328011109529,147.4337193450647,317.5339180149423,MBA,2026-06-05,0
4293,Masumi,15.795,12.38,,2461200.5,.2252131635120994,2.720452159223895,9.369638670559549,58.00613273689409,53.04330014808987,22.05300891371549,MBA,2026-06-05,0
4298,Jorgenunez,16.507,12.71,,2461200.5,.2847005725575994,3.058063363495455,3.293335475639573,87.9851110600317,312.5903088444154,331.7509390689534,MBA,2026-06-05,0
4313,Bouchet,18.942,12.90,,2461200.5,.01086016875992884,2.652868184962431,9.262633426660784,44.09187071044791,164.6853877893039,350.5155277832294,MBA,2026-06-05,0
4315,Pronik,20.534,12.54,,2461200.5,.2940684239139191,2.975569653200307,16.68114684080399,28.46754197567682,265.7922811204274,86.6917004712319,MBA,2026-06-05,0
4317,Garibaldi,38.606,10.99,,2461200.5,.1614808208735228,3.989058844053725,9.821111816709331,38.43103496110155,94.3691483740418,318.3391850261769,OMB,2026-06-05,0
4318,Bata,25.790,11.85,,2461200.5,.1005269702398495,3.224578540506755,9.519391176421612,32.9622120457342,94.34893532287857,39.35913797536792,OMB,2026-06-05,0
4326,McNally,16.002,12.82,,2461200.5,.2161429925822719,3.06298391510267,4.286415061914036,109.9630489149809,152.4933710140416,42.94652522845146,MBA,2025-10-31,0
4337,Arecibo,19.686,12.43,,2461200.5,.0940333952400584,3.258905093323753,2.187956860614272,40.98894465482499,190.4453501848845,329.6808553668765,OMB,2026-06-05,0
4342,Freud,19.180,12.64,,2461200.5,.08993941371155598,2.768673933973322,6.087789487893722,133.2817612655392,183.3035040707135,172.8370933814869,MBA,2026-06-05,0
4343,Tetsuya,18.271,12.77,,2461200.5,.1702267692587697,2.786714717851684,6.937069074578009,221.1501992613833,279.733640586313,71.30331057029453,MBA,2026-06-05,0
4344,Buxtehude,15.913,12.91,,2461200.5,.1163067135473726,3.116455270936511,2.393766880308041,114.4716692256776,91.78096823137618,288.0556679102969,MBA,2026-06-05,0
4347,Reger,16.686,12.54,,2461200.5,.06924052888375104,3.050338201210725,.5548336257189467,88.73184275269641,125.5703712439174,157.7183033538803,MBA,2026-08-08,0
4348,Poulydamas,82.032,9.65,,2461200.5,.09757960900804173,5.227571762483975,7.965801459999489,220.0943624398209,160.6733448040669,28.71600588884873,TJN,2026-06-05,0
4349,Tiburcio,28.091,11.94,,2461200.5,.2423064009888793,2.618197495353888,10.75153055103928,90.19395893387464,281.1174935938759,254.9349535204235,MBA,2026-06-05,0
4357,Korinthos,18.360,11.88,,2461200.5,.06715857719569895,3.002090454229159,10.50890532303829,201.0633250709466,45.20159777942498,157.1712525484248,MBA,2026-06-05,0
4361,Nezhdanova,17.079,12.61,,2461200.5,.1553233040131685,3.152972801207742,2.712888313903341,74.4751575539908,358.3914789312298,229.6434961406456,MBA,2026-06-05,0
4366,Venikagan,16.350,12.44,,2461200.5,.1298545572629078,3.166409053940639,1.719891803716234,38.557836328122,87.4964993458152,96.1748592769042,MBA,2026-06-05,0
4368,Pillmore,21.820,11.66,,2461200.5,.02858841112265109,3.183812393256042,20.93166218547862,225.3589334941399,109.9961107052611,224.1165595058919,MBA,2026-06-05,0
4369,Seifert,16.019,12.22,,2461200.5,.2522658785870962,2.610479378425319,11.83063961325086,299.2754890166334,77.04308789112034,105.4112233555367,MBA,2026-06-05,0
4379,Snelling,20.107,11.95,,2461200.5,.1222132268392921,3.161848519932022,21.6772378336447,211.1396810462563,169.6657210873665,219.6797955567152,MBA,2026-06-05,0
4380,Geyer,16.908,12.10,,2461200.5,.06250695972671341,3.038179750244153,9.87708376676923,345.5395297372463,50.20540112992359,9.519510906353611,MBA,2026-08-08,0
4381,Uenohara,20.242,11.47,,2461200.5,.07454495229392917,3.026568023660143,11.23667899485293,107.9752682902015,228.7316678882171,57.9993737935139,MBA,2026-08-07,0
4386,Lust,15.663,12.93,,2461200.5,.19894626998969,3.150294720536289,11.58821540502517,23.49967601371722,132.9520451232677,135.7179515062888,MBA,2025-10-31,0
4405,Otava,16.034,11.78,,2461200.5,.1606020663266939,3.198937022540087,9.442151815110106,139.90169797446,198.0039647404741,264.4832008795348,MBA,2026-06-05,0
4420,Alandreev,16.028,12.66,,2461200.5,.3194144533025035,2.675836090707481,6.931204944203433,302.2560383044791,2.260956974767425,202.2311132381145,MBA,2026-06-05,0
4424,Arkhipova,24.019,11.95,,2461200.5,.07904304209774392,2.758741578447037,14.73258922501066,138.329877382954,13.78985931339004,345.2103212287744,MBA,2026-06-05,0
4431,Holeungholee,23.856,11.95,,2461200.5,.1014735665710012,3.060966557137416,10.88250376009345,222.8918219220256,222.8830943460414,296.4912369645983,MBA,2026-06-05,0
4436,Ortizmoreno,30.74,11.47,,2461200.5,.05974718466073976,3.247916188484504,17.31217916658715,90.34850843111398,35.65708439779605,185.0730915349989,OMB,2026-06-05,0
4438,Sykes,26.693,11.71,,2461200.5,.2534097358261665,3.162031759155029,13.31502625065099,56.82019492435837,291.4401206085006,243.2292742871708,MBA,2026-06-05,0
4446,Carolyn,28.645,11.30,,2461200.5,.2800898304872885,3.981626590757074,7.244497468030897,188.9319246756838,117.3735697204619,87.35958555543446,OMB,2026-06-05,0
4449,Sobinov,30.02,11.89,,2461200.5,.09609139224409953,3.140502349165252,4.903987636212446,299.0267115035724,308.8505784765768,94.55844192430332,MBA,2026-08-08,0
4452,Ullacharles,15.622,12.28,,2461200.5,.1292599317273506,2.616903487789074,14.17068219291981,322.7257609532477,137.7539506796801,240.8403529253335,MBA,2026-03-12,0
4460,Bihoro,38.742,11.04,,2461200.5,.1842582804043536,2.921042868703538,27.04287458963415,326.2830900958045,30.4414445341322,246.846692711592,MBA,2026-06-05,0
4461,Sayama,17.233,11.44,,2461200.5,.1297024295895424,2.851338105837184,16.02673794757471,133.1578652611012,149.6873436051984,90.38300581990967,MBA,2026-03-12,0
4462,Vaughan,18.629,12.49,,2461200.5,.1361053066065352,3.087157804047829,.9991976032483829,58.08882859969721,199.8379393895545,226.3004498248044,MBA,2026-06-05,0
4470,Sergeev-Censkij,16.102,12.69,,2461200.5,.1792626030040008,3.123860957278783,2.465532316051753,119.8292882849103,202.1919877086719,231.722915709892,MBA,2026-06-05,0
4484,Sif,16.266,12.54,,2461200.5,.1020527919449932,2.632737903032971,29.82294746752297,84.93644981212951,359.2302322504618,130.1652423741683,MBA,2026-06-05,0
4489,Dracius,76.595,9.03,,2461200.5,.05716954187286688,5.164306042759272,22.26831993515899,86.40933124124427,10.79490953411639,61.16641041565125,TJN,2026-06-05,0
4492,Debussy,17.359,13.19,,2461200.5,.177275438706945,2.768482111617665,8.018253742774043,349.6759106668916,54.03820990864281,39.96243198059707,MBA,2026-06-05,0
4493,Naitomitsu,16.809,11.45,,2461200.5,.0753872575852078,3.023138344621987,9.029727134919952,264.3853953185536,161.1558547503291,22.86828408519223,MBA,2026-06-05,0
4495,Dassanowsky,24.429,11.69,,2461200.5,.1463645625232075,3.961149468005911,5.283627283127611,223.3609196955767,210.3661847852619,276.6165891894422,OMB,2026-08-08,0
4498,Shinkoyama,16.824,11.85,,2461200.5,.1271015775320627,2.996705882366183,8.892241216293208,280.5214786128187,73.75022115743027,184.5527172108631,MBA,2026-06-05,0
4499,Davidallen,15.938,12.66,,2461200.5,.1518741639526681,3.18482104315994,6.563454950006758,317.5511033461231,90.61850890130064,278.6475571752433,MBA,2026-06-05,0
4500,Pascal,15.893,12.83,,2461200.5,.1650535541175108,3.166738387249146,2.96273237151103,136.3212445599178,310.9401008322294,258.8057878540405,MBA,2025-09-17,0
4501,Eurypylos,45.524,10.51,,2461200.5,.0538669318822395,5.231625212453983,8.292840976410115,244.2672780902184,181.9729637957251,127.6857322309461,TJN,2026-06-05,0
4505,Okamura,18.762,11.44,,2461200.5,.05271305820624066,3.012313425516598,11.84194923221125,119.0211317406399,14.79755197551704,2.539321919801909,MBA,2026-06-05,0
4521,Akimov,20.271,12.24,,2461200.5,.08491867972302965,3.117282983238726,14.37860491100588,48.03509000815362,211.3407426151897,158.3742128750981,MBA,2026-06-05,0
4522,Britastra,20.843,12.36,,2461200.5,.2059502907639876,2.669989388331643,12.5084760392025,131.8667293746382,228.4785388389695,330.8121855576003,MBA,2026-06-05,0
4523,MIT,16.366,12.99,,2461200.5,.1363059341053799,2.684150686335078,11.08745754747411,209.9502263915525,317.966334499341,114.3421666892633,MBA,2026-06-05,0
4530,Smoluchowski,15.732,12.67,,2461200.5,.1012514273711531,3.114493805981629,5.214219893619439,164.6829030336355,14.19486915652999,225.7682711089623,MBA,2026-08-08,0
4534,Rimskij-Korsakov,15.838,12.89,,2461200.5,.1735801172904824,2.804255318105219,7.248932706018636,313.0847575978324,311.9747111918585,231.1290319524737,MBA,2026-06-05,0
4542,Mossotti,18.030,11.66,,2461200.5,.05258244369685511,3.01149258909083,11.32038816157954,104.072152271444,152.7181210270051,294.2032377208017,MBA,2026-06-05,0
4543,Phoinix,63.836,9.74,,2461200.5,.0967988315954369,5.150944155048037,14.68964935612127,325.3706673679971,86.22222247039745,153.3935155144655,TJN,2026-06-05,0
4545,Primolevi,16.668,12.38,,2461200.5,.126429409461657,3.152283114776088,1.799450046028495,36.60650811547006,72.02031597112034,144.0700874485836,MBA,2026-06-05,0
4547,Massachusetts,33.036,11.93,,2461200.5,.06769892087725292,2.612827005651946,18.02871431904451,358.2023694690676,38.19349884156573,12.88412097197984,MBA,2026-06-05,0
4554,Fanynka,26.315,11.86,,2461200.5,.1177050372068364,3.186687271411075,9.22056477007742,255.5811009465702,3.843974850472207,115.9145076211713,MBA,2026-06-05,0
4562,Poleungkuk,15.006,13.06,,2461200.5,.1411661454578864,2.471501637309454,3.420870233274025,263.863545890331,35.64429970172266,79.0888508678329,MBA,2026-03-12,0
4571,Grumiaux,15.115,12.49,,2461200.5,.1641769816923678,3.173428134973733,1.509677287905369,166.9091914232358,176.2129986707679,96.05649776686782,MBA,2026-06-05,0
4573,Piestany,15.245,11.88,,2461200.5,.06282768967074485,3.04096915349118,9.414100008057336,298.7552223632824,253.0722104432309,31.45717505877766,MBA,2026-06-05,0
4576,Yanotoyohiko,17.151,11.69,,2461200.5,.1223401261887108,2.99432162104917,10.43331628959367,167.8355021019829,218.4799916936711,239.9418822249168,MBA,2026-06-05,0
4582,Hank,16.784,12.81,,2461200.5,.1488033813457999,2.674625873950104,12.48674006936869,108.4428122476082,120.7806509596907,139.2928362370128,MBA,2026-03-12,0
4597,Consolmagno,15.634,12.95,,2461200.5,.1204058441260338,2.607774918224153,4.865293144476371,70.1608076221018,163.0814972536535,200.1181830243541,MBA,2026-06-05,0
4603,Bertaud,22.496,12.39,,2461200.5,.2368558676054423,2.632450015901147,12.52069179684228,338.3394360632739,290.4957090951417,195.5271112617316,MBA,2026-06-05,0
4609,Pizarro,29.012,12.02,,2461200.5,.1084467049546988,3.111872870977234,13.38181921077279,188.1366296967881,122.3842370132894,201.3442420793097,MBA,2026-06-05,0
4617,Zadunaisky,32.685,11.36,,2461200.5,.07186864957954736,3.207938476041821,18.69937040363597,234.4742004002442,270.7058237423205,260.181945893912,OMB,2026-06-05,0
4628,Laplace,18.719,11.23,,2461200.5,.1184233397241585,2.644666766261515,11.80315500511144,275.5794080456479,247.8313356385743,310.4151432064513,MBA,2026-06-05,0
4642,Murchie,17.065,12.44,,2461200.5,.1447823958799664,3.181227116032337,1.01338979281446,149.7899887579345,129.7029054198356,162.9008837129833,MBA,2026-06-05,0
4645,Tentaikojo,17.238,12.99,,2461200.5,.1359515355009839,2.670380509753311,9.472293285487195,179.4711816728198,294.638552322932,324.7884769621484,MBA,2026-06-05,0
4649,Sumoto,15.168,11.50,,2461200.5,.1200735475148917,2.744589009190836,15.41327949433392,80.72075171591793,313.0961692331751,295.2053164520155,MBA,2026-06-05,0
4657,Lopez,15.967,12.79,,2461200.5,.1815771634008335,3.100382592956873,.2787557665449298,357.7694786986804,38.38123032569806,171.5610726863997,MBA,2026-06-05,0
4662,Runk,16.587,13.29,,2461200.5,.1065049259685813,2.794060783435714,6.074874495279436,157.9015962562809,355.6034398029224,52.25824738262453,MBA,2026-06-05,0
4663,Falta,28.824,11.71,,2461200.5,.06244018142652752,3.211298472141499,14.9006610816736,353.0147112430503,14.27422734365355,83.92601026862155,OMB,2026-06-05,0
4672,Takuboku,28.115,11.61,,2461200.5,.04457267229197577,3.193813908521101,15.51725540527101,91.62336788024686,178.7232974425534,202.0523313313934,MBA,2026-06-05,0
4683,Veratar,17.258,12.29,,2461200.5,.1575216448961805,3.114948646995752,1.226625013334266,164.3324854930908,296.2133396415493,105.0800892051438,MBA,2026-06-05,0
4685,Karetnikov,18.816,12.44,,2461200.5,.1801178452365913,3.168403849179251,1.619713548509387,47.84488519719763,15.69415402453493,127.0923087107258,MBA,2026-06-05,0
4707,Khryses,37.766,10.68,,2461200.5,.1227695733571703,5.199274556410234,7.09248660523933,310.136183712046,67.13646732464316,46.45383168943629,TJN,2026-06-05,0
4708,Polydoros,54.964,10.05,,2461200.5,.05995483515752614,5.232626733978896,6.991974376904756,281.139513111371,104.872460646327,9.216924364405118,TJN,2026-06-05,0
4709,Ennomos,91.433,8.61,,2461200.5,.02264257597954345,5.274586528852086,25.41386995274401,253.0588450054122,83.67865706597865,92.72663675193036,TJN,2026-06-05,0
4712,Iwaizumi,28.778,11.54,,2461200.5,.1425837388734471,3.1419640015791,12.23970327368044,333.6814636341591,350.3846296525992,218.5569600376849,MBA,2026-06-05,0
4714,Toyohiro,19.180,11.61,,2461200.5,.1199723080950452,3.0230539360805,9.843750068572925,336.1872386145165,37.38491716518084,359.8119948886292,MBA,2026-06-05,0
4715,Medesicaste,62.097,9.81,,2461200.5,.05031585700921429,5.114219142167163,18.65422238849938,1.590901495336639,346.0073319536586,76.47334250753276,TJN,2026-06-05,0
4716,Urey,15.409,11.69,,2461200.5,.1276737226462536,3.188306546695684,10.10919655082181,20.00259084777281,99.80481769691548,87.75850745959085,MBA,2026-06-05,0
4717,Kaneko,17.99,11.54,,2461200.5,.0936063542114778,3.016427653537763,10.78527761659185,73.23279399595209,242.3094045863603,86.49075427214734,MBA,2026-06-05,0
4722,Agelaos,50.378,10.12,,2461200.5,.1117495076776696,5.195424601073195,8.820397041265153,64.96885606761839,316.0685276628595,30.55258164606201,TJN,2026-06-05,0
4730,Xingmingzhou,24.628,11.44,,2461200.5,.04546835340140368,3.126284256155132,11.97042432083197,80.4690912856577,214.2912008050855,220.1035095474913,MBA,2026-06-05,0
4732,Froeschle,29.981,11.51,,2461200.5,.07214421832923795,3.157240233907889,16.88617753461856,226.2825683753688,140.5276542989344,224.942270876897,MBA,2026-06-05,0
4741,Leskov,17.047,12.55,,2461200.5,.1701328013670669,3.225743020574433,1.568149986956912,64.54837645180601,279.7241706275502,68.26969535604519,OMB,2026-06-05,0
4744,Rovereto,19.189,12.11,,2461200.5,.1892624240574512,2.794295466918729,10.19799719512314,348.0339000314664,187.1769232461611,174.3354419206534,MBA,2026-06-05,0
4746,Doi,21.925,12.28,,2461200.5,.1765866659503263,3.208284320681458,.8869154291960111,185.0976094313859,210.3691012132121,116.560899229305,OMB,2026-06-05,0
4751,Alicemanning,17.595,12.39,,2461200.5,.1815428347035392,3.157691703436919,2.611893417902189,136.5510834199404,130.4058945118079,325.988159252342,MBA,2026-06-05,0
4754,Panthoos,53.025,10.09,,2461200.5,.01026371528837747,5.278954396855041,12.30579774623148,154.9301652713982,185.9411737288596,86.94921842319746,TJN,2026-06-05,0
4758,Hermitage,19.455,12.42,,2461200.5,.1759354748105247,3.215769976598426,1.617504695122015,60.27806592273091,289.7230870018497,118.7112772941659,OMB,2026-06-05,0
4759,Aretta,15.744,12.57,,2461200.5,.1862343768691631,3.168149594635233,.8077177566975177,142.7069526031021,203.9779928252352,193.0246315881791,MBA,2026-06-05,0
4768,Hartley,34.349,11.57,,2461200.5,.2389857952813239,3.17006950980239,20.08784912720036,320.3978499745534,26.05518432850534,227.8913661257599,MBA,2026-06-05,0
4772,Frankdrake,27.570,12.01,,2461200.5,.06792870667277104,3.161730001715328,11.52759139797013,209.7757274487128,180.9766264016343,194.2307889377941,MBA,2026-06-05,0
4779,Whitley,15.093,12.58,,2461200.5,.1101817110712725,3.199066259684951,.93652451585524,185.2290622530993,328.3060534846336,46.06340990830478,MBA,2026-06-05,0
4790,Petrpravec,16.217,13.14,,2461200.5,.08540913640957455,2.626291318888819,12.71467846415128,131.2443805217467,87.45647843107493,52.4139096130108,MBA,2026-06-05,0
4791,Iphidamas,49.528,10.02,,2461200.5,.0462918796556323,5.149531481855491,25.97997617220978,261.456132802803,165.7960832082138,344.8366412205391,TJN,2026-06-05,0
4792,Lykaon,50.870,10.19,,2461200.5,.09112804070468684,5.243496926975958,9.342555351841412,61.9023139085719,284.3689664913026,59.71868751795395,TJN,2024-09-11,0
4804,Pasteur,15.427,12.24,,2461200.5,.1175298654280072,2.692021166791054,8.638391914821296,103.4306827522827,272.4614475769775,122.6837289302874,MBA,2026-06-05,0
4805,Asteropaios,57.647,10.11,,2461200.5,.09067920291486189,5.18908340644908,12.02349561054683,278.3746154106085,91.06073604096024,34.02065900467575,TJN,2026-06-05,0
4808,Ballaero,19.238,12.27,,2461200.5,.162198377665317,2.667619035574558,10.79235351752015,302.0004803030109,139.1936441624198,119.8554393664001,MBA,2026-06-05,0
4813,Terebizh,17.873,12.36,,2461200.5,.1019648234097208,3.1236943742079,11.8615314129945,20.78205743368765,293.4956969304043,344.8835423087291,MBA,2026-06-05,0
4827,Dares,42.770,10.57,,2461200.5,.04477434321128321,5.133747595419614,7.70044008847847,241.9835119477442,169.2518111404119,15.59752681351706,TJN,2026-06-05,0
4828,Misenus,45.954,10.48,,2461200.5,.04241710075400571,5.155026041516369,14.91322530435167,352.9806316429539,130.1373901433171,287.3840131923705,TJN,2026-06-05,0
4829,Sergestus,32.220,11.27,,2461200.5,.05180468125777958,5.205559516148291,8.579054202899494,221.7468458896408,123.6716457847985,90.47537086381156,TJN,2026-06-05,0
4831,Baldwin,18.381,12.63,,2461200.5,.1209076607789877,3.087435098878669,.2629278820655167,66.30454312365985,144.6137157158056,102.6539770088062,MBA,2026-08-08,0
4832,Palinurus,52.058,10.00,,2461200.5,.1409133197859904,5.262186046839336,19.0647280087185,135.124385381411,210.3849720206219,69.5122781037738,TJN,2026-06-05,0
4833,Meges,80.165,9.02,,2461200.5,.0912761149268809,5.225335587715612,34.73140700798729,101.7407486126102,280.9616879502072,141.4281254301359,TJN,2026-06-05,0
4834,Thoas,72.331,9.20,,2461200.5,.1357569520052861,5.199643508177373,28.47862901522413,75.97455326674144,353.2769964551071,98.06760425277763,TJN,2026-06-05,0
4835,Asaeus,30.175,10.62,,2461200.5,.2525052084959829,5.196655097900457,19.56686232950176,125.4261258448776,355.8608339585523,65.76433318081888,TJN,2026-06-05,0
4836,Medon,63.277,9.56,,2461200.5,.1097457704922857,5.222979892539078,19.39045989419574,82.05718149571402,34.77473044389409,73.82243823858933,TJN,2026-06-05,0
4837,Bickerton,28.328,11.91,,2461200.5,.1392670320494516,3.198768536882606,28.23010688867618,327.0150177781398,46.43234039276632,94.26096398449124,MBA,2026-06-05,0
4840,Otaynang,21.151,11.96,,2461200.5,.09615957949170849,3.184766113056503,15.1910426325805,247.2796699395172,191.6155654087868,135.4040345971943,MBA,2026-06-05,0
4843,Megantic,26.690,11.95,,2461200.5,.1170082024611417,3.09057621561312,10.99804907827843,162.2123463038876,223.49451058,358.1682147507091,MBA,2026-06-05,0
4848,Tutenchamun,22.453,12.11,,2461200.5,.1291437094403355,3.140270292488228,6.386196188598434,132.5034385449827,307.8240705172331,92.88275895053975,MBA,2026-06-05,0
4860,Gubbio,25.733,12.62,,2461200.5,.1466437964539327,2.631169237452011,14.52179967073087,338.1591160006009,15.45020777634292,236.6018121162599,MBA,2026-06-05,0
4867,Polites,57.251,9.96,,2461200.5,.01824004998888812,5.173169205456291,27.15263117637373,335.1845581810955,281.281349410147,168.8581422020797,TJN,2026-06-05,0
4870,Shcherban',20.018,11.66,,2461200.5,.08123468972988394,3.210721969804292,9.742033159709528,83.41932832100522,340.9357890927931,109.8857652498974,OMB,2026-06-05,0
4889,Praetorius,21.181,12.41,,2461200.5,.199061487001032,3.088002561931426,13.93260942372806,185.5401539712506,276.4210398221054,294.6188145057867,MBA,2026-06-05,0
4891,Blaga,20.922,12.45,,2461200.5,.06148648792165408,3.163432341699346,2.302097601714625,338.3851490071016,251.8713382601184,143.7633990743678,MBA,2026-08-08,0
4896,Tomoegozen,28.787,11.74,,2461200.5,.1734356217760528,3.107297194414335,16.53962651310906,260.7931721604427,99.05364398028119,124.4525542364148,MBA,2026-06-05,0
4902,Thessandrus,51.263,9.84,,2461200.5,.04276264183988797,5.200428823606167,9.076593431099328,170.2715883933572,273.0242978866835,91.5384043773453,TJN,2026-06-05,0
4907,Zoser,21.162,12.36,,2461200.5,.08747005359244715,3.181580340121266,5.984649829130635,136.2635392013659,299.2529481269705,151.2003094560727,MBA,2026-06-05,0
4916,Brumberg,16.507,11.64,,2461200.5,.09810104119487588,3.0416436491309,10.78736861701778,147.8646228541589,273.2400312180251,103.8025551468237,MBA,2026-06-05,0
4930,Rephiltim,35.676,11.48,,2461200.5,.05298782071408201,3.120076026199992,15.53687053420401,122.0777661042107,358.6129564748622,293.7929762158873,MBA,2026-06-05,0
4932,Texstapa,25.603,12.09,,2461200.5,.01679539766369075,3.110512850786347,12.91849367683837,141.4616528685118,294.6583515465188,345.0108725636057,MBA,2026-06-05,0
4940,Polenov,17.782,12.31,,2461200.5,.1766884153858504,3.10443143990604,2.285827749619363,118.2243631986138,273.606782557357,65.66386155657688,MBA,2026-06-05,0
4941,Yahagi,17.560,12.70,,2461200.5,.1741083772920884,3.185913158085974,1.87543748692135,129.305859282267,266.88130842,350.5041102830843,MBA,2026-08-08,0
4946,Askalaphus,48.209,10.18,,2461200.5,.05105342612783127,5.312261333532033,21.85366040169533,59.00649429943127,204.8920093672857,262.5160535843559,TJN,2026-06-05,0
4952,Kibeshigemaro,19.233,11.99,,2461200.5,.113491839748768,3.156388486012997,16.99728862175775,121.8424296745847,100.6165502018492,128.6495848542321,MBA,2026-08-07,0
4955,Gold,19.805,11.88,,2461200.5,.1380008104831088,3.15357033581222,7.395768005453498,89.3488476358649,251.4993436074643,156.6903388395889,MBA,2026-06-05,0
4958,Wellnitz,16.358,11.69,,2461200.5,.07560260329780931,3.010552911463707,9.097237821994449,252.879241955484,213.5064641558559,92.07368891393301,MBA,2026-06-05,0
4959,Niinoama,35.842,11.13,,2461200.5,.01151314993804972,3.146234419284098,8.999443337845225,128.6838719884539,321.0190280269284,333.7472857140508,MBA,2026-06-05,0
4967,Glia,30.022,11.48,,2461200.5,.03716419539502549,3.148621302026427,16.97884913569355,124.7464761871266,230.7262410639466,55.75812858036937,MBA,2026-06-05,0
4973,Showa,27.958,11.66,,2461200.5,.07798410822589504,3.424494522872696,18.92557627403906,352.7916981647395,130.0742206280744,308.3856506946342,OMB,2026-06-05,0
4975,Dohmoto,17.723,12.39,,2461200.5,.2302581034654161,3.080260067422988,14.98626738776837,179.6372210932797,227.1796709360476,184.7438624010865,MBA,2026-06-05,0
4976,Choukyongchol,16.930,11.66,,2461200.5,.1063064123510773,3.018125710459789,8.644480149923153,260.5856584467293,65.51792961921724,229.324070780926,MBA,2026-06-05,0
4980,Magomaev,16.963,12.62,,2461200.5,.1454743205627273,3.194494006306777,1.827648497913203,60.35421757063518,7.848649836598875,317.5033175467221,MBA,2026-08-08,0
4998,Kabashima,15.669,12.02,,2461200.5,.06786922039572635,3.010220551857325,9.883184832338193,352.1090002246806,100.00007506,162.5538051739252,MBA,2026-06-05,0
5012,Eurymedon,36.960,10.62,,2461200.5,.08491319637942686,5.264139423264043,4.994865261657166,34.77001713725347,335.0695389998608,160.1242405790497,TJN,2026-06-05,0
5014,Gorchakov,19.297,12.36,,2461200.5,.2215131415581467,3.176392460933993,2.359992297687843,104.9726810738096,190.0575202876417,100.5625607594201,MBA,2026-06-05,0
5017,Tenchi,22.488,12.47,,2461200.5,.07908947333935216,3.149601526875892,16.1421892930282,140.870060391618,253.0552233857917,42.5225254551099,MBA,2026-06-05,0
5021,Krylania,17.519,12.73,,2461200.5,.1289163882452391,3.206625082192292,2.344620718822495,103.1380328920813,323.4748218441927,231.7761193123366,OMB,2026-06-05,0
5022,Roccapalumba,32.547,11.86,,2461200.5,.08367592466676062,3.147946114624061,11.0596805367328,222.9568217660112,67.99097179567103,116.6086752640186,MBA,2026-06-05,0
5023,Agapenor,27.850,10.43,,2461200.5,.05077955617293343,5.157010998510136,11.79398922939452,308.3211297239458,87.21506307614102,133.7775840352479,TJN,2026-06-05,0
5024,Bechmann,26.630,12.01,,2461200.5,.05628057205572686,3.224076124095531,14.61096868320399,352.3682062410328,121.2193048274171,271.0053989563613,OMB,2026-08-08,0
5025,Mecisteus,39.843,10.39,,2461200.5,.07479585608250111,5.190650395450015,11.02976334104013,347.758793597432,75.14754829776332,109.9041889569403,TJN,2026-06-05,0
5027,Androgeos,59.786,9.80,,2461200.5,.06463682410829863,5.294212863534439,31.45367014108778,78.21351586908297,346.0495847864474,101.2365580609077,TJN,2026-06-05,0
5028,Halaesus,50.770,10.27,,2461200.5,.1302935134644598,5.262761282947197,21.47849854744506,44.0215010162221,12.63183243193775,116.7209073137051,TJN,2026-06-05,0
5036,Tuttle,23.370,12.09,,2461200.5,.180689184463589,3.148452344092267,2.929864470205763,105.0421861709533,55.86308611608045,346.3844209440008,MBA,2026-06-05,0
5041,Theotes,41.899,10.83,,2461200.5,.03724289936418164,5.208904869574424,10.57354399785824,29.89758000208192,105.1503338137827,63.57039783075984,TJN,2026-06-05,0
5042,Colpa,17.846,11.54,,2461200.5,.05294627164517401,3.006101340863346,11.06659289182859,86.16413762941674,179.7744392578265,347.9543512275076,MBA,2026-06-05,0
5043,Zadornov,15.280,12.96,,2461200.5,.1693681261042446,3.107281092689647,1.858939561903096,50.53180147688415,295.7984515323346,162.3264222331123,MBA,2026-06-05,0
5055,Opekushin,15.834,12.68,,2461200.5,.1621742141570342,3.099621768094268,2.902712463242576,132.6140125426437,175.31919462,139.8133902582745,MBA,2026-06-05,0
5057,Weeks,16.372,12.57,,2461200.5,.148207258838779,3.12349733365555,7.007848611833168,157.0307024404354,282.1282069716591,99.11406042540118,MBA,2026-06-05,0
5070,Arai,28.47,11.87,,2461200.5,.05946086730791706,3.110052748738519,5.997398796040276,339.3830065421636,194.2663502293683,47.11319775590716,MBA,2026-06-05,0
5071,Schoenmaker,16.331,12.88,,2461200.5,.1837913001278108,3.182764384734854,10.09400336879751,168.4291652248623,297.3370846530802,2.182711195208815,MBA,2026-06-05,0
5079,Brubeck,16.50,13.11,,2461200.5,.2054484875824647,2.642476486765442,10.7737954500702,268.9665747689088,245.5407629076855,347.3978797138032,MBA,2026-06-05,0
5081,Sanguin,17.464,12.76,,2461200.5,.1150688215313044,2.317901151421692,13.2009402519597,83.1687878885518,163.3993806627965,152.1409191782238,MBA,2026-06-05,0
5084,Gnedin,17.822,12.47,,2461200.5,.1016919541357837,3.152748432211253,7.425215016766813,41.8417706390917,113.0589563548691,327.9574155220943,MBA,2026-06-05,0
5088,Tancredi,15.939,12.69,,2461200.5,.15748366701259,3.104134092399452,.5823435984063204,5.500665845406795,83.39610558036887,83.84245348504409,MBA,2026-06-05,0
5092,Manara,24.573,11.93,,2461200.5,.0576645825484648,3.198683499061711,16.09807293087472,359.0832076692321,193.5919798290716,258.9434326741072,MBA,2026-06-05,0
5102,Benfranklin,16.727,12.81,,2461200.5,.1965964565018284,2.798634568859883,8.114125757351339,317.1454250529856,53.1908867216438,153.1876311822148,MBA,2026-06-05,0
5107,Laurenbacall,17.030,12.23,,2461200.5,.08185819430144681,3.131720802416391,9.05189051607594,178.4465371347514,268.2317675512754,95.89380300550289,MBA,2026-06-05,0
5116,Korsor,18.573,12.06,,2461200.5,.1320587834244839,3.181921709190796,5.23472803744869,30.45028878988826,39.8029740909916,348.7019633004842,MBA,2026-06-05,0
5119,Imbrius,49.251,10.32,,2461200.5,.1093894399585481,5.200798592252044,15.94877344674356,316.9681058341756,17.71556774127255,83.7304165639127,TJN,2026-06-05,0
5120,Bitias,47.987,10.37,,2461200.5,.1105664906793221,5.257050682237005,25.01391812938827,295.9005950626205,24.38149831537299,82.41652165683954,TJN,2026-06-05,0
5123,Cynus,35.387,10.09,,2461200.5,.1019779154549596,5.21544827012673,8.532125907819465,78.17511603629025,33.82872457623451,59.65487583528807,TJN,2026-06-05,0
5126,Achaemenides,51.922,10.60,,2461200.5,.02593774796955126,5.24567797923419,29.85990758456397,116.5087982572495,353.5499451878015,66.3974176766793,TJN,2026-06-05,0
5128,Wakabayashi,18.325,12.95,,2461200.5,.1429395000591584,2.766360635307893,6.953130500401197,39.24055749471126,123.2203939318136,46.29934167237563,MBA,2026-06-05,0
5130,Ilioneus,60.711,9.82,,2461200.5,.01040790431542775,5.183453076088996,15.75930472435233,242.4894448926324,112.2814422570449,36.96641306115006,TJN,2026-06-05,0
5133,Phillipadams,22.674,12.11,,2461200.5,.223779598268258,2.713022091696888,12.0098180662691,87.55941048517079,279.6147639489701,8.570557631469621,MBA,2026-06-05,0
5140,Kida,19.382,11.70,,2461200.5,.1260721441140282,3.170882978672298,11.48582183117029,163.5080151263278,215.8210176950836,129.6412961421845,MBA,2026-06-05,0
5144,Achates,80.958,9.18,,2461200.5,.2716439625344285,5.183573688871437,8.913971711210946,322.7822945887867,332.0638585327673,105.3227921594635,TJN,2026-06-05,0
5145,Pholus,190,7.07,,2461200.5,.574687297345862,20.28965436859272,24.76068786783861,119.2863897155665,354.7809055877317,136.5004029381056,CEN,2024-10-11,1
5153,Gierasch,27.494,12.14,,2461200.5,.1742380893217914,2.65605103501134,12.8103949791403,90.82249527156543,39.27186572188918,26.77301914625444,MBA,2026-06-05,0
5155,Denisyuk,15.350,12.49,,2461200.5,.143161616256402,3.115456314132171,6.107043428312952,60.39718416188114,238.6639727064518,241.1890830427607,MBA,2026-06-05,0
5162,Piemonte,16.953,11.70,,2461200.5,.06230913455909944,3.020847686356398,11.23428955937277,67.80004935179677,357.369699818173,210.4736622969008,MBA,2026-06-05,0
5167,Joeharms,16.918,12.35,,2461200.5,.2067955588756693,2.665664156243631,14.99645805577192,12.06441476207,273.5242694676836,101.4689604821639,MBA,2026-06-05,0
5176,Yoichi,16.56,12.35,,2461200.5,.3107256985755678,2.685412481354392,7.707829274783682,93.57386582306724,269.7441462870302,247.6479741953808,MBA,2026-06-05,0
5190,Fry,15.384,12.13,,2461200.5,.2059442577977141,3.147757082132688,14.08370429800472,311.9087185597563,147.6164426250385,103.651446272538,MBA,2026-06-05,0
5192,Yabuki,31.503,10.79,,2461200.5,.08820909892302722,3.188827408057903,14.94156219395991,90.96002788861014,297.9176089282421,174.393546940587,MBA,2026-06-05,0
5193,Tanakawataru,21.601,12.07,,2461200.5,.1562287994433851,3.18083060013885,2.709246622786746,90.9226999534968,15.94191067698969,67.98857993348489,MBA,2026-06-05,0
5198,Fongyunwah,16.611,12.66,,2461200.5,.1548555523283416,3.122434970711748,2.108877437494276,150.6478260326864,308.007111433682,158.3821314490238,MBA,2026-06-05,0
5209,Oloosson,48.197,10.31,,2461200.5,.051515253991225,5.219923817814601,9.034593628287876,322.6939744063759,107.2697361535666,135.6439257633505,TJN,2026-06-05,0
5219,Zemka,17.192,12.75,,2461200.5,.1214616451948233,3.206877344741283,2.02367433636864,54.91904273113781,156.0045741827225,291.9542950119333,OMB,2026-06-05,0
5222,Ioffe,17.989,11.56,,2461200.5,.1450490901605591,2.773655750426888,34.55444671850905,220.5407925725023,331.1303239319584,177.2413793063883,MBA,2026-03-12,0
5225,Loral,15.301,12.80,,2461200.5,.1815953802418818,3.086697385978529,2.345691034054603,100.1312780833903,283.4001677671328,321.2284533377396,MBA,2026-06-05,0
5229,Irurita,18.270,12.65,,2461200.5,.1636354822861263,3.110135833466083,5.730274423389599,312.3393395580908,73.24919802161062,153.0259764405466,MBA,2026-06-05,0
5233,Nastes,29.035,11.58,,2461200.5,.04503792598378093,5.145732872039807,3.379220380904127,142.5197974034876,45.89425950159394,230.0902344079241,TJN,2026-06-05,0
5241,Beeson,16.414,12.50,,2461200.5,.1750498215684024,3.132259341190714,3.695254912760811,46.96343866660742,37.62341676265396,175.1808296955154,MBA,2026-06-05,0
5244,Amphilochos,36.689,10.56,,2461200.5,.02709258818797713,5.189156401643188,6.149990167871006,213.2887184710864,128.3684422353707,206.4572482762476,TJN,2026-06-05,0
5249,Giza,20.502,12.37,,2461200.5,.1452619107462291,3.166675225918619,2.168105039636575,122.9002093555167,55.10021565069105,254.0164656669234,MBA,2026-06-05,0
5254,Ulysses,76.147,9.19,,2461200.5,.1209454497608884,5.221519248718826,24.20006662829581,75.99539811137254,344.7338335575965,108.1018184364228,TJN,2026-06-05,0
5258,Rhoeo,53.275,10.34,,2461200.5,.07611271392410167,5.141594864747265,5.930214611865595,248.0017239952135,233.1108801590588,46.12684668310023,TJN,2024-09-11,0
5259,Epeigeus,44.741,10.37,,2461200.5,.0722762127964138,5.214158437297246,15.90777253825767,67.46637055156583,200.2204911940307,276.0443426782128,TJN,2026-06-05,0
5262,Brucegoldberg,33.25,11.36,,2461200.5,.1714962128414762,3.081430565039474,15.96313760860018,90.93118503874106,93.41797677516035,140.4749776276064,MBA,2026-06-05,0
5263,Arrius,25.615,11.77,,2461200.5,.01691162059084419,3.194260076133094,14.84101026835771,225.9254306317473,339.2641966060159,33.64379781231164,MBA,2026-06-05,0
5264,Telephus,68.472,9.44,,2461200.5,.1121924779445545,5.208277047433759,33.57888088136807,121.8982562660185,359.9835486010313,56.05304564165529,TJN,2026-06-05,0
5274,Degewij,15.881,12.83,,2461200.5,.1390286718462798,2.674754208468161,11.58000432084156,359.5012056888255,218.2776193763339,240.6105194902505,MBA,2026-06-05,0
5281,Lindstrom,16.985,11.80,,2461200.5,.1153087649210781,3.014467752437051,11.1002441338474,121.1609414783573,261.7928171060031,50.01709563532829,MBA,2026-06-05,0
5283,Pyrrhus,48.356,9.79,,2461200.5,.1495910052963255,5.198815985844765,17.47812649334888,71.12357494817421,357.5189081164319,108.394527178872,TJN,2026-06-05,0
5284,Orsilocus,50.159,10.12,,2461200.5,.08401107336356976,5.227233155370225,20.22264487046837,102.7444116897337,344.4506316090599,90.48851701754309,TJN,2026-06-05,0
5285,Krethon,49.606,10.12,,2461200.5,.05015831991601652,5.201379508789212,25.12993798102832,144.2717962582115,259.4953966626294,161.2294007675649,TJN,2026-06-05,0
5290,Langevin,17.957,12.54,,2461200.5,.06367243253423292,2.735023415902139,11.20634480441939,189.0160712443737,159.4298335763295,309.3273708655889,MBA,2026-06-05,0
5295,Masayo,21.045,11.99,,2461200.5,.09237609398431072,3.147278650851744,6.304709754813127,81.50207310573529,92.99681425175937,91.53920079196904,MBA,2026-06-05,0
5296,Friedrich,19.266,12.44,,2461200.5,.1187148541799434,3.118021596203211,2.838158841995047,100.1187577847053,131.9778256916311,79.51040426098395,MBA,2026-09-01,0
5299,Bittesini,17.731,12.30,,2461200.5,.0624662411477558,3.112868105161553,4.879309800511159,325.518489752901,83.14696028183015,341.49194627368,MBA,2026-08-08,0
5301,Novobranets,20.970,12.22,,2461200.5,.1083780375865875,3.357964565086192,10.04690970081241,243.6674132045021,129.9963903139032,145.7701320942452,OMB,2026-06-05,0
5304,Bazhenov,18.001,12.79,,2461200.5,.07652934706243739,2.981483697176414,8.981216470480373,114.3480869366849,321.0584516747217,52.71353183045279,MBA,2026-06-05,0
5316,Filatov,45.693,11.79,,2461200.5,.02455610189958997,3.160660008612685,14.70762103506812,229.9718171161352,254.6478122535134,206.5458503785296,MBA,2025-11-06,0
5320,Lisbeth,16.531,12.63,,2461200.5,.1598809328693309,3.144694771957549,5.636655580770118,126.5918591426587,219.35744307,145.3248084419442,MBA,2026-06-05,0
5330,Senrikyu,16.541,12.45,,2461200.5,.1556994715071372,2.766601722055689,33.75230304606076,307.6134379365871,21.42008857386494,127.278498079947,MBA,2026-06-05,0
5336,Kley,25.260,11.95,,2461200.5,.1458833002123645,3.113562255640215,11.35632993461601,178.4449599786483,63.48035189606886,120.5625875419917,MBA,2026-08-07,0
5337,Aoki,30.782,11.88,,2461200.5,.09885086581973708,3.198877672220886,6.431342407510805,237.4341038893898,2.319801987634416,44.78084261661444,MBA,2026-06-05,0
5339,Desmars,16.356,12.54,,2461200.5,.07133181362983346,3.185209250397172,2.385297758038508,335.9962051339859,153.2407055136588,39.70596431431355,MBA,2026-06-05,0
5346,Benedetti,15.861,12.50,,2461200.5,.1766733607426829,3.144752633282163,2.44584771403324,71.59285994313419,260.8607974234412,26.00139372310447,MBA,2026-06-05,0
5348,Kennoguchi,15.170,12.90,,2461200.5,.1714714500085293,2.792624899249542,7.068719595208532,301.3616229921815,175.0104849000855,72.45051481267465,MBA,2026-06-05,0
5354,Hisayo,15.610,12.14,,2461200.5,.062964598280062,3.188301188533522,4.90875881637297,133.038367508301,69.51071005189232,67.2583787504748,MBA,2026-06-05,0
5360,Rozhdestvenskij,28.062,12.02,,2461200.5,.0128846654863386,3.240173347692546,21.75411485615381,17.69991632931873,25.9709656072139,255.7869435682146,OMB,2026-06-05,0
5361,Goncharov,23.522,11.85,,2461200.5,.08867686607047921,3.128162531257131,7.237726981358448,82.29705971378517,127.3345075839394,215.8206013360044,MBA,2026-06-05,0
5362,Johnyoung,21.882,11.97,,2461200.5,.02752370667254252,3.383293199408115,6.148135425598519,135.9669866152822,275.7420559837853,351.6848379267488,OMB,2026-06-05,0
5368,Vitagliano,34.807,11.13,,2461200.5,.08279712154931763,3.983526815707946,6.264379349598046,159.3836076755076,335.5823173726399,332.4445830527315,OMB,2026-06-05,0
5371,Albertoaccomazzi,18.235,12.57,,2461200.5,.09463066144003664,3.168826922488051,9.584191424212053,262.3684335920076,74.58371552450414,7.657138443444039,MBA,2026-06-05,0
5374,Hokutosei,38.657,11.51,,2461200.5,.1022459343795708,3.17112215770437,12.30670872314651,299.8658917363827,249.5221707209924,150.4665519521888,MBA,2026-03-12,0
5385,Kamenka,16.768,12.42,,2461200.5,.2257904824471579,3.153646064834613,9.781988095162491,41.30859217019282,302.4908004419338,60.59943535346214,MBA,2026-06-05,0
5399,Awa,17.410,12.69,,2461200.5,.1893459077162821,2.803724677391337,3.750832491308123,270.691394124279,178.0310589920288,12.40230861897154,MBA,2026-06-05,0
5403,Takachiho,15.291,11.92,,2461200.5,.06562116942145357,3.024925386664152,10.3211172600123,123.4119696577698,40.37929909301691,318.538287138715,MBA,2026-06-05,0
5406,Jonjoseph,16.857,12.57,,2461200.5,.1223782184530448,2.666730625706963,6.131539182082338,235.0817856608731,343.003655404128,116.7139245037265,MBA,2026-03-12,0
5411,Liia,19.288,12.42,,2461200.5,.04515529442722774,3.071938496433841,5.633253178440194,317.7311494483342,222.5018670685408,260.6516288307361,MBA,2026-06-05,0
5413,Smyslov,17.572,12.29,,2461200.5,.1440727943154189,3.160977597352653,.4241799386399464,41.95111840780221,134.0848960616721,281.2969409080132,MBA,2026-06-05,0
5416,Estremadoyro,19.006,12.97,,2461200.5,.235628244535825,2.783917491822194,8.381665295347615,66.53766246340822,286.1039356513181,136.5848674705275,MBA,2026-06-05,0
5422,Hodgkin,16.336,12.83,,2461200.5,.2405869141547188,2.970028582432488,6.613606161255055,32.83527994871174,8.758363424841972,204.5083109087535,MBA,2026-06-05,0
5434,Tomwhitney,17.226,12.45,,2461200.5,.08696689883567559,3.18183236214896,17.05605106505528,172.355688467493,316.8213158004837,234.6250277185073,MBA,2026-06-05,0
5435,Kameoka,26.301,11.93,,2461200.5,.1271506337115814,3.155755298142306,18.12103848535057,108.9382702152566,4.139666655192329,197.2164723300197,MBA,2026-06-05,0
5436,Eumelos,37.696,10.47,,2461200.5,.07817837462005019,5.201719766625813,7.433439421337458,253.9676062363798,222.2054780491008,62.86214026731805,TJN,2026-06-05,0
5438,Lorre,28.072,11.80,,2461200.5,.274638074137088,2.749244931597138,26.50962196084296,298.1394007238392,239.3180685309704,99.17070770908481,MBA,2026-06-05,0
5439,Couturier,22.099,11.93,,2461200.5,.1650839950273188,3.92368713753998,1.218290400464396,350.8471756656386,325.6104260432634,217.6964134542549,OMB,2026-06-05,0
5441,Andymurray,15.420,12.12,,2461200.5,.07748556312331184,3.052132257832201,10.99279499490919,131.0654869396362,137.6811326277597,176.6358528407408,MBA,2026-06-05,0
5446,Heyler,18.883,12.50,,2461200.5,.1335265145908769,3.212230587704501,2.373872247894755,100.5210108878107,334.3732435689926,284.9224194568061,OMB,2026-08-07,0
5450,Sokrates,20.526,12.56,,2461200.5,.1202612176098766,2.81360324649085,5.244805051665596,145.0778057167052,321.3063077765914,250.6881623832724,MBA,2026-03-12,0
5454,Kojiki,16.763,12.67,,2461200.5,.1300501487726228,3.161001546370453,5.432570840481572,335.8843245677145,89.90136573174883,357.9996621088503,MBA,2026-06-05,0
5457,Queen's,20.553,12.24,,2461200.5,.03022384814588673,3.071626539502178,3.950723812012463,269.4640684534433,54.67237539586336,219.4161260271801,MBA,2026-06-05,0
5458,Aizman,18.135,12.44,,2461200.5,.02288736616692149,3.169702902365925,9.196011262988312,222.2350887174427,134.3181983316288,62.67640013591072,MBA,2026-06-05,0
5461,Autumn,21.485,11.90,,2461200.5,.1398319014350209,3.163522033431272,12.84877652159584,111.7843138035318,194.6112404072617,163.2134675146643,MBA,2026-06-05,0
5468,Hamatonbetsu,23.936,12.45,,2461200.5,.2234132939651944,2.873828813671782,11.96578257101852,135.0031104987463,68.9371353329169,250.0710251173784,MBA,2026-06-05,0
5471,Tunguska,15.954,11.69,,2461200.5,.07090233246511224,2.996570325377735,9.320107527448776,250.2282443230927,28.35668349083967,148.6890272290211,MBA,2026-06-05,0
5476,Mulius,35.096,10.69,,2461200.5,.07386152821318592,5.122005028422257,13.69819323503073,198.5110446346314,97.32164626180054,129.5515440362389,TJN,2026-06-05,0
5480,5480,15.104,11.46,,2461200.5,.09761056962326828,3.131969186201823,6.666152670313532,120.3907013149419,160.426735461474,10.03495758286034,MBA,2026-06-05,0
5483,Cherkashin,17.048,11.68,,2461200.5,.08202560358404883,3.121618629164905,10.18582727526615,59.84182912277501,220.0891266601959,284.5011151293178,MBA,2026-06-05,0
5488,Kiyosato,18.819,11.38,,2461200.5,.07801862519873601,3.033268933497019,11.29697914260251,96.38292419557874,221.9834234358412,272.2070437934059,MBA,2026-06-05,0
5495,Rumyantsev,25.518,11.81,,2461200.5,.05914847108580432,3.410902090795663,9.188357905905926,32.63744763188031,278.0998683906331,229.6673743814418,OMB,2026-06-05,0
5505,Rundetaarn,22.042,12.30,,2461200.5,.1412580196490613,2.874686424928053,11.0298604995991,315.4155384720156,58.22154088155126,56.70700439438468,MBA,2026-06-05,0
5508,Gomyou,15.358,12.52,,2461200.5,.2250874712892037,2.843406860400614,6.76640358513272,36.08683026647072,70.61446522697015,29.23909839399469,MBA,2026-06-05,0
5511,Cloanthus,39.773,10.34,,2461200.5,.1173533233919545,5.259407095115498,11.16000896410968,172.6323709786422,122.778519679639,125.4146331330491,TJN,2026-06-05,0
5519,Lellouch,19.917,12.60,,2461200.5,.04299586937790132,3.169204589204294,6.724839665602671,157.3197518363611,287.8332860393531,20.48894544048368,MBA,2026-06-05,0
5524,Lecacheux,19.902,13.13,,2461200.5,.02687919063118545,2.366298739356014,7.489066146859315,108.1610952566585,119.1161804969423,303.0348437699408,MBA,2026-06-05,0
5528,5528,21.001,11.58,,2461200.5,.0476195103848295,3.245915254468037,16.3867158956028,140.4413448070465,331.3363249334791,327.0124236944639,OMB,2026-06-05,0
5532,Ichinohe,17.929,12.74,,2461200.5,.1235466850258783,3.13209884426375,1.179184390913491,123.7974075017931,68.8173715562931,358.7393270087067,MBA,2026-06-05,0
5550,5550,18.320,12.33,,2461200.5,.1824665303766233,3.090283286567151,1.115461222470711,145.7418326284961,284.9246325773667,42.1345717993835,MBA,2026-06-05,0
5567,Durisen,36.475,11.51,,2461200.5,.2182119233720797,2.94114010942398,16.1556776958783,8.968466780322348,308.062755759285,72.53975459541665,MBA,2026-06-05,0
5570,Kirsan,15.471,12.68,,2461200.5,.07368026604394171,3.230717072460779,10.77597538227343,173.9889674640708,324.7722152158556,283.9738472560599,OMB,2026-06-05,0
5572,Bliskunov,20.015,12.65,,2461200.5,.1664961199263014,3.119849372570134,8.927740492255149,197.3879901192033,76.81384473111711,292.380750178269,MBA,2026-06-05,0
5576,Albanese,24.332,12.54,,2461200.5,.07030958920908439,2.759832925820957,5.610222270330603,30.79908977627185,68.12027997890556,153.1773287612741,MBA,2026-06-05,0
5591,Koyo,17.075,13.35,,2461200.5,.08656951119968746,2.779997963381608,4.239968133414306,188.0356278857286,190.0130519115879,258.3869692702918,MBA,2026-06-05,0
5592,Oshima,22.657,12.12,,2461200.5,.0735357950646334,3.170475320946482,8.475708733527192,231.3861656962135,102.051748292962,187.3807053751376,MBA,2026-06-05,0
5594,Jimmiller,25.856,12.00,,2461200.5,.05077645593111445,3.163976722355363,10.29787429848996,128.4468754887436,109.6065169145335,144.5469742514358,MBA,2026-08-07,0
5603,Rausudake,45.677,10.75,,2461200.5,.05379637434083212,3.991013496568166,4.370669670519066,195.9117047991564,7.722120887450735,75.16152134256365,OMB,2026-06-05,0
5637,Gyas,28.168,11.65,,2461200.5,.1219671472297781,5.203439179388291,22.36296493006552,1.808347349777316,333.4911622141906,101.4206202422212,TJN,2026-06-05,0
5638,Deikoon,41.455,10.55,,2461200.5,.1063033290336105,5.226063701731104,10.92188900603983,156.0425326023455,92.02953581188295,147.0050535029204,TJN,2026-06-05,0
5644,Maureenbell,15.926,12.25,,2461200.5,.1131054886634085,3.122857438392921,14.33739908684464,165.8354321005801,261.62158623779,99.1547165390741,MBA,2026-06-05,0
5648,Axius,59.295,9.82,,2461200.5,.1660540504652324,5.140929184662178,22.70589978857776,71.03842228872338,269.7170460742948,70.92704932239164,TJN,2026-06-05,0
5651,Traversa,26.88,11.72,,2461200.5,.1571962774921657,3.141414147967966,14.63689294188088,139.0164796041976,228.028124258336,237.8939555805722,MBA,2026-06-05,0
5652,Amphimachus,53.921,10.21,,2461200.5,.07595265645788284,5.21941834088474,1.897141043310032,281.6338997307031,109.769902209511,149.7818237578892,TJN,2026-06-05,0
5654,Terni,18.720,12.73,,2461200.5,.1972279962465115,2.779785282835438,8.800385962467386,13.31656008450132,130.5473894304398,85.70026805315919,MBA,2026-06-05,0
5661,Hildebrand,34.37,11.09,,2461200.5,.2341417262822127,3.957458133722679,13.31863861498068,317.0299127221897,2.117918351533688,85.02417609269,OMB,2026-06-05,0
5670,Rosstaylor,29.619,11.54,,2461200.5,.1126356232658595,3.177576882745252,19.85000508705157,270.6030161180274,197.1545154855806,357.9955515235931,MBA,2026-06-05,0
5697,Arrhenius,16.501,12.69,,2461200.5,.07535281241413071,3.141119915980324,13.69947029496971,170.4167159141481,112.6331427087477,349.2115503689079,MBA,2026-06-05,0
5698,Nolde,16.690,12.77,,2461200.5,.1161054745144832,3.117033229653523,1.547828627870414,74.1091518222111,163.0657642264754,335.5025348967162,MBA,2026-06-05,0
5704,Schumacher,23.597,12.17,,2461200.5,.122241940035083,3.209575676476323,11.59631359338497,151.310227048667,44.48769617982843,59.79169202555138,OMB,2026-06-05,0
5709,Tamyeunleung,18.36,12.58,,2461200.5,.2426432807997587,3.088277873042845,4.205247365953652,113.5496945949358,261.3544089832524,5.90404702648163,MBA,2026-08-08,0
5711,Eneev,38.81,11.16,,2461200.5,.1632028747737722,3.935003046226857,6.371743296829313,14.12365927002264,296.1630331970242,84.24531092662447,OMB,2026-06-05,0
5714,Krasinsky,19.916,12.34,,2461200.5,.1977119919026174,3.135684588213197,1.075067210990398,30.45892449172842,336.8835348698728,307.104985055561,MBA,2026-06-05,0
5715,Kramer,16.106,12.59,,2461200.5,.1649996090725435,3.193504474689101,3.997628536941566,283.4097892940849,90.03900185040671,237.8955888623338,MBA,2026-06-05,0
5733,5733,20.670,12.72,,2461200.5,.1494931196016479,3.213989626984276,1.96868209425507,80.04379489755559,335.2692582296859,228.5467604689129,OMB,2026-06-05,0
5742,5742,17.205,11.87,,2461200.5,.07230297525510543,3.106460376890619,14.4448192741268,77.46977976366931,123.0333962883379,21.42499610709814,MBA,2026-06-05,0
5755,5755,15.247,11.87,,2461200.5,.114513675400681,3.023156397296632,9.271416121702861,308.3449271231418,84.42861711649805,84.20605899295133,MBA,2026-06-05,0
5757,Ticha,20.931,12.36,,2461200.5,.182455622192359,2.943826514221799,13.61605878500903,37.70460426772313,245.2475711154568,233.3060398026603,MBA,2026-06-05,0
5771,Somerville,28.306,12.45,,2461200.5,.2159549852114842,3.140444331160657,8.265790280012007,287.8544456549205,103.5085131309863,339.8623123085025,MBA,2026-08-08,0
5780,Lafontaine,22.593,12.12,,2461200.5,.1387367714153451,3.345702638031761,8.644349257938268,232.9080015593359,116.1359706107609,147.7635024084347,OMB,2026-06-05,0
5788,5788,17.748,12.36,,2461200.5,.05548210675384959,3.19754088962735,22.86373471930896,26.43120204522775,17.52170088158377,242.6052992529371,MBA,2026-06-05,0
5803,Otzi,15.614,12.73,,2461200.5,.2173149251778253,2.640671065283071,16.6171057986506,133.2861766643871,208.3806204129839,244.6468063631548,MBA,2026-06-05,0
5814,5814,15.914,11.97,,2461200.5,.1044515664982277,3.026905677740026,10.67506023472505,69.00904284675055,316.7132734736751,89.1756537878916,MBA,2026-06-05,0
5815,Shinsengumi,18.081,12.28,,2461200.5,.03650819767958793,3.190215540614672,22.82085329795431,98.24715037749382,219.5219353312651,358.1865482279075,MBA,2026-08-08,0
5826,Bradstreet,18.818,12.12,,2461200.5,.1376885422252689,3.072095127651136,2.482080500119438,157.5580011509084,90.51175308874362,185.9675158037819,MBA,2026-06-05,0
5831,Dizzy,15.677,13.09,,2461200.5,.1406221786788628,2.688770594478362,12.77628604794412,63.64271810272925,167.0114653957161,332.653299982038,MBA,2026-06-05,0
5832,Martaprincipe,23.787,12.41,,2461200.5,.1177440217060042,2.62523069345116,28.17146715258109,110.5864622303217,262.3486016483862,345.5054899797634,MBA,2026-03-12,0
5833,Peterson,27.077,11.21,,2461200.5,.03419003951844612,3.490486051281854,19.38540540033132,306.61231062,112.8265545601127,22.11468032453593,OMB,2026-06-05,0
5839,GOI,24.675,11.87,,2461200.5,.08547491021350113,2.760553739933485,16.94504141482619,4.595533262369733,142.0841470300953,322.4730370096669,MBA,2026-06-05,0
5845,Davidbrewster,17.337,12.53,,2461200.5,.02866069519163325,3.118420755863139,8.030215995843246,292.9638895270331,221.9980748720995,132.2085498597116,MBA,2026-06-05,0
5849,Bhanji,28.39,11.16,,2461200.5,.008119160741043902,3.179457613038695,22.56784376662865,129.5830806211653,100.3518962283691,128.5921874360184,MBA,2026-08-07,0
5852,Nanette,23.738,12.32,,2461200.5,.2102574428919785,2.744215196136501,18.61743054972483,78.51712806669849,178.0251727861713,224.8085757149733,MBA,2026-06-05,0
5854,5854,17.727,12.52,,2461200.5,.1443096608432928,3.166392253671057,2.496675497360874,69.31759358171071,163.2547777585408,134.1030071950911,MBA,2026-08-07,0
5883,Josephblack,21.092,11.99,,2461200.5,.1658907192685529,3.17701204823345,17.45271500394916,39.18110450573768,15.57357806514131,251.2585110992305,MBA,2026-06-05,0
5885,Apeldoorn,17.292,12.32,,2461200.5,.04616118342826864,3.119617269429459,5.669463141884032,160.258623390203,49.66852613244836,357.0047876503621,MBA,2026-06-05,0
5886,Rutger,17.270,11.61,,2461200.5,.106764504371139,3.008604559382097,11.48249239785438,78.32400154123209,276.2621364423768,198.7576000981256,MBA,2026-06-05,0
5889,Mickiewicz,26.414,12.42,,2461200.5,.1530641404327619,3.052990254449186,19.16296253072641,181.7873177538263,40.15552272118975,288.2088542242423,MBA,2026-06-05,0
5900,Jensen,19.934,12.24,,2461200.5,.208865179870822,3.153020757592135,9.05661054879995,301.7211537783743,35.82487209686506,65.2887268592449,MBA,2026-06-05,0
5907,Rhigmus,31.248,11.21,,2461200.5,.09729308340587461,5.151087612838224,1.92048524279262,107.7495191915246,142.261873849182,169.424550467432,TJN,2026-06-05,0
5914,Kathywhaler,38.097,11.03,,2461200.5,.1010887002504868,3.545729060770879,10.31702265310911,72.88250025372166,251.210873540722,177.132955234676,OMB,2026-06-05,0
5919,Patrickmartin,20.45,12.35,,2461200.5,.1262930834227357,3.194812118668077,.6623481434045485,5.429990540321889,187.2548673886476,159.2347344683268,MBA,2026-08-07,0
5920,Davidbell,16.514,11.26,,2461200.5,.1250266283668715,3.130999915198594,19.39063396755053,347.5184474662967,65.1432659896892,356.809904572034,MBA,2026-08-07,0
5922,Shouichi,29.417,12.04,,2461200.5,.115070796452591,2.999174301109277,7.869279967368027,232.0149939396216,147.4261559636746,176.2496877192776,MBA,2026-06-05,0
5927,Krogh,15.807,13.05,,2461200.5,.1977944459415288,3.162908339658204,11.15403057135431,39.54515974645627,218.6483098078441,216.9548800079538,MBA,2026-06-05,0
5928,Pindarus,30.402,11.65,,2461200.5,.1198237390267597,3.972115287445841,9.275577248937621,163.8642785092051,103.8967797023532,317.7629925802959,OMB,2026-06-05,0
5931,Zhvanetskij,20.927,12.18,,2461200.5,.1964733438453596,3.180626215088732,16.90764589795885,195.761195196392,265.5336175735169,15.26889926735437,MBA,2026-06-05,0
5957,Irina,15.271,12.52,,2461200.5,.106557373217223,3.232295300511627,22.86033009806332,150.1555272214835,100.7659885460737,184.6857977679415,OMB,2026-06-05,0
5959,Shaklan,19.94,12.43,,2461200.5,.09210300416110147,3.197500345022702,17.84825797840501,135.289877988024,151.2809808295665,184.8074508485637,MBA,2026-06-05,0
5974,5974,15.552,12.69,,2461200.5,.1480355491195965,3.136214868044961,1.860757755120106,157.9688607244416,44.9439197262377,296.0407516602658,MBA,2026-06-05,0
6002,Eetion,40.408,10.59,,2461200.5,.0923833450770688,5.22561738001508,15.55586548716626,209.6994502763817,159.7401647120899,50.87272231158519,TJN,2026-06-05,0
6019,Telford,15.985,11.81,,2461200.5,.03972549512614338,3.007696648341252,8.590451621718206,289.6488536445091,184.2887125574883,99.45996758655085,MBA,2026-06-05,0
6025,Naotosato,18.442,11.56,,2461200.5,.06600123756288349,3.023422715755681,9.003559930426364,279.9310205952688,157.1994214863126,159.8111407457559,MBA,2026-06-05,0
6031,Ryokan,15.680,11.70,,2461200.5,.02872749198793343,3.015739292402741,10.87072425563997,84.0644387328979,145.5472307683312,69.20583816988369,MBA,2026-06-05,0
6033,Southwood,15.914,12.63,,2461200.5,.1156607988701567,3.187665179580628,16.26370158970598,216.1029852464579,77.78253664344075,194.6354179081253,MBA,2026-06-05,0
6038,6038,22.248,12.73,,2461200.5,.1939807104913744,3.047065862901639,8.27888914188944,313.3533186292372,123.6072999820438,58.68565962207324,MBA,2026-06-05,0
6039,Parmenides,22.030,11.95,,2461200.5,.04850667996100672,3.416563769156454,13.09744085637906,185.6378936609272,176.3371427062374,287.7269525170774,OMB,2026-06-05,0
6052,Junichi,24.771,11.26,,2461200.5,.05206057267256126,3.245227783168811,21.80044681677493,169.7038810566638,272.3099083023634,21.35403248103827,OMB,2026-06-05,0
6057,Robbia,29.368,12.03,,2461200.5,.09970996855105634,3.321065278892684,17.81778058805368,170.6819171654431,193.318200006292,24.63269891867232,OMB,2026-09-01,0
6062,Vespa,17.275,12.53,,2461200.5,.1542645154542611,3.215496242047704,2.793866665824323,116.7044491595535,154.6096627335151,154.0715456641136,OMB,2026-06-05,0
6072,Hooghoudt,15.225,12.26,,2461200.5,.02109057895859923,3.156541088840195,9.160765584744965,188.5984271267606,138.5789578647899,172.3789392114801,MBA,2026-06-05,0
6076,Plavec,17.283,12.93,,2461200.5,.1752556057525037,2.639893030303003,8.16039960604828,142.6792191450406,83.09190080512153,230.861974186123,MBA,2026-06-05,0
6079,Gerokurat,21.964,12.47,,2461200.5,.06991372390362435,3.210233742933564,15.22042371169342,327.6754707061062,262.0254644818317,284.2593243343157,OMB,2026-06-05,0
6090,Aulis,59.568,9.56,,2461200.5,.05587558839051573,5.28930948624575,20.21390300568208,328.44772262,74.50469188980884,118.5665947871845,TJN,2026-06-05,0
6103,6103,28.761,11.85,,2461200.5,.1937018206151991,3.429493867629188,14.13599290144281,182.6699659290875,149.655533394735,7.545945414732049,OMB,2025-11-20,0
6124,Mecklenburg,19.592,12.46,,2461200.5,.241480158578538,3.984810105382375,9.368614555603534,159.6813846777658,243.473982675337,296.4742425761521,OMB,2025-11-20,0
6129,Demokritos,17.096,12.99,,2461200.5,.171693908568626,2.791927586469597,6.515427589837645,293.5349072493296,296.428607097141,53.43086759031443,MBA,2026-06-05,0
6136,Gryphon,15.583,11.72,,2461200.5,.06059716835382827,3.022780365660017,11.2044776643837,135.8296887319306,326.4116577812875,273.4124561559564,MBA,2026-08-07,0
6137,Johnfletcher,30.720,11.52,,2461200.5,.06280375633412223,3.214711712851523,15.42512821923065,336.7244116869955,82.28140348912007,130.0392042561046,OMB,2026-06-05,0
6144,Kondojiro,32.492,11.68,,2461200.5,.3607528989576027,4.783488474257788,5.880232943780785,117.0961454536349,96.12038261151402,34.60771687623023,AST,2026-06-05,0
6153,Hershey,19.397,13.19,,2461200.5,.281504022027585,2.839231753031322,17.38317365375577,198.5267067358544,193.8805137243099,120.3870470258457,MBA,2026-06-05,0
6161,Vojno-Yasenetsky,17.180,12.74,,2461200.5,.2258819129610356,2.792193298130245,8.94094956976136,279.9585167671226,181.9811941085748,224.2534080822636,MBA,2025-10-30,0
6174,Polybius,21.008,12.01,,2461200.5,.2193483522787353,3.054526058939831,14.68187456865485,21.58795788919666,300.5398059915665,29.61055003890802,MBA,2026-03-12,0
6175,Cori,15.125,12.81,,2461200.5,.2058817276079351,3.192870282863058,.3997054715216888,35.28288785409456,6.593241060904324,189.3506821914797,MBA,2026-06-05,0
6214,Mikhailgrinev,16.819,12.38,,2461200.5,.1861487946984223,3.156766482412926,2.367142591258371,82.79143959354946,259.2748047418588,267.9721280832323,MBA,2026-06-05,0
6222,6222,27.451,11.73,,2461200.5,.1264646470982607,3.237854166297672,21.35419694705864,53.79544468425605,135.2947893348467,49.54653151645025,OMB,2026-06-05,0
6223,Dahl,19.634,12.81,,2461200.5,.1185318397716375,2.735961696085342,3.853862316172056,294.2443979514157,75.89024056425326,16.04583893526847,MBA,2026-03-12,0
6237,Chikushi,37.4,11.65,,2461200.5,.07146334087015109,3.924965252383005,5.363347742906516,25.46783607000705,206.0069968880142,179.034763767027,OMB,2026-06-05,0
6255,Kuma,16.955,13.04,,2461200.5,.03634046322287261,2.743382078924045,5.125724276489877,275.2792937997648,193.6989685190584,11.46266953597241,MBA,2026-06-05,0
6279,6279,16.508,12.87,,2461200.5,.1845136725215879,3.133787258653852,2.374047296315296,68.01141312459578,358.6207056838766,271.1963873137026,MBA,2026-06-05,0
6297,6297,16.325,12.71,,2461200.5,.1304380318322458,3.146564110441331,.2545760426074046,14.95572247442012,134.6881984541369,165.5678585685649,MBA,2026-06-05,0
6301,Bohumilruprecht,18.020,12.35,,2461200.5,.1624055353543519,3.172366938278665,.4910608086545641,15.99239422679323,242.1903573565053,109.259953551743,MBA,2026-06-05,0
6306,Nishimura,15.573,12.88,,2461200.5,.2358451235442308,2.670999626427666,14.60500056499612,84.28967075477235,352.3243774649826,114.9482047003534,MBA,2026-06-05,0
6328,6328,15.501,12.59,,2461200.5,.09406098872002311,3.166836175455019,2.158670723743881,72.80812655489092,180.2182346273791,123.6128519650866,MBA,2026-08-07,0
6338,Isaosato,23.065,11.90,,2461200.5,.08833691961543755,3.166489288663961,15.32015603841283,74.93700681797242,209.3946390877101,92.30283567361708,MBA,2026-06-05,0
6340,Kathmandu,19.078,12.51,,2461200.5,.148672921503417,3.217623103224365,2.279698714271678,77.11011558001063,76.87730962403893,122.7306174463021,OMB,2026-06-05,0
6343,6343,20.564,12.58,,2461200.5,.09040865660640547,3.170029629908246,8.673295633692966,335.5377221237612,27.15336050785801,330.4812973878854,MBA,2025-11-06,0
6346,Syukumeguri,19.383,12.79,,2461200.5,.1265770301999052,3.108535293274159,7.387251738019436,119.7246580720684,232.1544763108016,29.20744710107093,MBA,2026-03-12,0
6349,Acapulco,20.429,12.40,,2461200.5,.1361068682784786,2.667979710514521,10.77587440966959,327.7510824707463,237.876314886226,26.46451229946896,MBA,2026-06-05,0
6350,Schluter,21.930,12.34,,2461200.5,.09945616329713344,3.117231309817269,11.46339443891281,335.8677370769463,50.39142635223742,332.9109038989852,MBA,2026-03-12,0
6351,Neumann,17.402,12.39,,2461200.5,.00342810183855936,3.252214979154459,8.130772108150543,173.401567363727,259.6974464100373,264.4544265051292,OMB,2026-03-12,0
6353,Semper,15.497,12.78,,2461200.5,.1602090406812191,3.095413837757277,2.508441325730145,31.29052231579985,62.02433278315801,282.3235969292958,MBA,2026-09-01,0
6355,Univermoscow,28.38,11.84,,2461200.5,.07928370799900596,3.202570350302852,22.38153355086977,23.91948975994448,231.7575282905522,71.66115771430134,OMB,2026-03-12,0
6359,Dubinin,31.902,11.65,,2461200.5,.1073087806286331,3.207578039528725,10.72356821275222,89.14132743419796,40.4186450298407,189.7857333351353,OMB,2026-06-05,0
6362,Tunis,22.678,12.16,,2461200.5,.1700850215669901,3.191234221901877,19.19930837057056,104.8342953069097,301.7455356465614,327.4889957261418,MBA,2026-08-08,0
6366,Rainerwieler,15.046,12.29,,2461200.5,.0705280560142179,3.16658690531089,3.678680270211815,153.2418516430052,14.04451789262878,204.0287212758831,MBA,2026-06-05,0
6371,Heinlein,20.586,12.19,,2461200.5,.1379236029779574,3.064555731064221,15.62968350341457,125.1408079786759,31.29846672910024,268.266302021329,MBA,2026-06-05,0
6372,Walker,42.129,11.37,,2461200.5,.1615471095107503,3.183444089033155,15.78900787783496,63.96522257620951,187.0491844415831,55.30975235293703,MBA,2026-06-05,0
6374,Beslan,16.233,12.22,,2461200.5,.0761058907546676,3.169365427567757,9.734980501981269,163.3893699670944,217.5249282831969,342.117356552903,MBA,2026-08-08,0
6379,Vrba,15.158,11.84,,2461200.5,.07681458120877917,2.988394566182365,13.88693837818027,31.66460308386084,179.8940800552761,12.93070894628702,MBA,2026-06-05,0
6392,Takashimizuno,25.221,11.72,,2461200.5,.1319802341891136,3.218505500018675,17.58971425764807,53.11632969099951,246.5333851237853,36.58687918655522,OMB,2025-11-20,0
6404,Vanavara,17.276,13.16,,2461200.5,.09292348336950096,3.06710855698571,4.274469890139395,109.6046948043792,40.36150617660742,346.670807911283,MBA,2026-06-05,0
6415,6415,15.848,12.69,,2461200.5,.1425501330240041,3.14516986407281,4.108039406969342,310.6719636510057,134.8278746766451,276.7609324152357,MBA,2026-08-07,0
6419,Susono,16.571,11.07,,2461200.5,.07623300768857544,3.131208312132491,11.3794736625828,274.4782313512421,76.32684659543332,31.80074778346709,MBA,2026-06-05,0
6432,Temirkanov,21.168,12.53,,2461200.5,.1173028023150964,3.079728579831869,4.141940673444922,132.0053448507133,180.7973826149711,197.2965486658224,MBA,2026-06-05,0
6439,Tirol,17.456,12.03,,2461200.5,.07556735875681868,3.184552773117588,19.08157726993913,147.8661629400351,118.2220231446046,165.7770086896691,MBA,2026-06-05,0
6462,Myougi,21.465,12.60,,2461200.5,.05728659600823161,3.205446894719183,16.4082524153039,107.7534872268289,271.4372368034212,326.5322702609301,OMB,2026-03-12,0
6465,Zvezdotchet,15.324,12.77,,2461200.5,.1570885559999353,2.673538034310582,11.3680894438189,5.55639987144802,97.01788635092413,119.8140490297568,MBA,2026-06-05,0
6467,Prilepina,16.788,13.15,,2461200.5,.1129386976770784,2.655601836098139,4.633061885202971,189.8681440140565,231.9079290504625,256.1904130088239,MBA,2026-06-05,0
6475,Refugium,29.642,11.27,,2461200.5,.1593833100689231,3.145073687236933,8.925259968852187,277.0899035423976,75.31308298532845,349.6965598278645,MBA,2026-06-05,0
6479,Leoconnolly,15.494,12.95,,2461200.5,.1839605286846739,2.613020434557574,13.25773790563096,161.5289832750618,53.1445978248975,29.51991776352351,MBA,2026-06-05,0
6505,Muzzio,15.558,11.06,,2461200.5,.1919820491540741,3.194796406031645,17.65172099894452,257.8806668324428,254.0205697855459,271.7225652077735,MBA,2026-06-05,0
6509,Giovannipratesi,15.004,12.87,,2461200.5,.2385366356836677,2.78974535498722,6.395584418801312,288.0887762305058,103.3282053258586,181.2167589408124,MBA,2026-06-05,0
6545,Leitus,50.951,10.18,,2461200.5,.05228239707670645,5.172272212695439,11.97404122483827,278.0088070434123,150.4443021660634,131.8486597738868,TJN,2026-06-05,0
6546,Kaye,21.624,11.91,,2461200.5,.1035682980662175,3.224005725404434,14.41301751160449,274.7721590425256,271.2044378198103,266.2612061488861,OMB,2026-06-05,0
6557,Yokonomura,15.958,12.53,,2461200.5,.1915545888907726,3.154433587716356,7.806101367621344,42.94530452262767,11.13003479477954,118.3357169924708,MBA,2026-06-05,0
6570,Tomohiro,23.041,12.18,,2461200.5,.1673386809540681,3.139749390373689,14.41079078870287,215.2483530340197,322.3929604583188,320.1021796123469,MBA,2026-06-05,0
6574,Gvishiani,25.393,11.59,,2461200.5,.1924988635794352,3.402247059203392,17.70707306211097,349.2751493466996,240.07863267,81.15850943467417,OMB,2026-03-12,0
6576,Kievtech,16.759,12.68,,2461200.5,.1848022622578437,3.110794927680453,2.629692651539469,93.57936802824686,267.4564370824528,232.3255216682648,MBA,2026-06-05,0
6582,Flagsymphony,19.311,12.96,,2461200.5,.2876171472732231,2.778424992316545,8.90637756100897,206.3848529156415,204.9285003322794,220.6139385622582,MBA,2026-06-05,0
6613,Williamcarl,19.338,12.36,,2461200.5,.1777370958405837,3.158357882643635,25.42846400192663,198.8991993079627,92.97795011429987,233.8621274718666,MBA,2026-06-05,0
6619,Kolya,29.519,11.74,,2461200.5,.1845665988411768,3.172164482607112,19.07395908685818,17.8792823701929,111.5526019776321,37.09816985702776,MBA,2026-06-05,0
6655,Nagahama,16.161,11.68,,2461200.5,.07735999431918139,2.99529034186124,10.75072588346498,74.94417108065838,333.4863070630782,334.6372084113364,MBA,2026-06-05,0
6656,Yokota,18.655,12.59,,2461200.5,.1433366039172493,3.176038858751729,1.891103269532257,55.05466896538033,87.82473967972192,57.80300156864053,MBA,2026-06-05,0
6677,Renoir,18.573,12.39,,2461200.5,.09805457326905802,3.252868991388179,14.62230157406437,31.79011163621595,316.1582705634816,131.043400147224,OMB,2026-06-05,0
6716,Jacobsen,15.985,13.29,,2461200.5,.05815093087880974,2.790156439352415,4.647231748700331,162.033385784406,258.6824026558936,178.6160823373146,MBA,2026-06-05,0
6720,Gifu,21.191,12.29,,2461200.5,.14793747466457,3.09455722969869,14.86432675294236,50.27793586282161,9.541702889108381,184.9186038888458,MBA,2026-06-05,0
6722,Bunichi,15.135,12.89,,2461200.5,.1774860596955583,3.183796245624384,2.815253741260894,63.11294240409737,55.11765837765837,106.5621026940814,MBA,2026-06-05,0
6723,Chrisclark,19.052,12.47,,2461200.5,.1376293078419275,3.201973160474909,17.69815215429145,23.29731225773667,72.95478371080036,110.4464965772431,OMB,2026-06-05,0
6724,6724,20.506,12.13,,2461200.5,.1464143010788962,3.056079502273072,9.569311944348863,103.5962252264343,26.1940490839585,217.1086598567235,MBA,2026-08-07,0
6759,6759,18.673,12.69,,2461200.5,.1969066962766833,3.218983457825414,8.652230995469518,129.5442544760331,85.6742906722417,5.266059321039609,OMB,2026-06-05,0
6782,6782,15.057,13.08,,2461200.5,.06139378134772545,2.789711267125178,3.290463547891369,288.0004558254286,124.4724543131459,190.9078865181816,MBA,2026-06-05,0
6785,6785,27.930,11.24,,2461200.5,.09176261320320125,3.192116942697904,20.01532905635629,46.09799674769374,118.3095330062468,357.2057761645732,MBA,2026-06-05,0
6794,Masuisakura,26.82,11.28,,2461200.5,.2109805347178937,3.086109442182043,16.33141106490823,40.9833368398896,348.2771968092961,240.7642642477616,MBA,2026-06-05,0
6830,Johnbackus,15.286,12.79,,2461200.5,.1464523460496955,3.167466816311339,5.080924562445829,78.94698018606005,152.7887708359357,60.29334256464308,MBA,2025-10-31,0
6850,6850,22.140,12.57,,2461200.5,.0940760532395826,3.147408496909923,5.911186471581757,359.4900051945535,245.1317380543767,77.69707318841496,MBA,2026-03-12,0
6861,6861,17.827,12.47,,2461200.5,.1381976743891783,3.141119408101337,10.7107005508651,21.53263663760979,255.6157732830014,41.48970252776657,MBA,2026-03-12,0
6862,Virgiliomarcon,22.747,11.41,,2461200.5,.009661766792713525,3.174581929867989,12.12218114000442,17.387178724683,34.61373997091326,216.9888717914893,MBA,2026-06-05,0
6869,Funada,23.388,12.26,,2461200.5,.05291802800034896,3.190209959117056,17.01375647439275,127.2257039908492,85.51129853613993,6.115442740708047,MBA,2026-06-05,0
6879,Hyogo,18.772,12.68,,2461200.5,.1678976522892614,3.127544109261404,8.553869941737029,102.9116244690342,307.6268007079398,262.898594554614,MBA,2026-06-05,0
6890,Savinykh,19.196,12.14,,2461200.5,.1677831012320996,3.20685738593691,.9128121287201453,194.8851768259779,113.1480472320658,292.4570797386077,OMB,2026-06-05,0
6924,Fukui,29.616,11.79,,2461200.5,.09834574446803675,3.390147999897994,12.22310727582151,25.22508037217065,290.59591954,123.3069146999964,OMB,2026-06-05,0
6925,Susumu,22.860,12.33,,2461200.5,.1011439323758232,2.834218584258922,14.2170935879391,207.3819367736969,84.05684405922584,49.00344026120142,MBA,2025-11-20,0
6952,Niccolo,15.962,13.10,,2461200.5,.2660838176893635,2.903671813204471,7.488882412906066,207.5048420955736,68.71321096340759,4.014126904586965,MBA,2026-06-05,0
6953,Davepierce,15.849,12.86,,2461200.5,.1736313898138492,3.118921943252935,1.748572120644496,157.2934753245036,131.8046795135776,110.3904696555221,MBA,2026-06-05,0
6955,Ekaterina,16.049,12.53,,2461200.5,.1624329903026263,3.116214559549805,.9431020932287842,31.54613718087803,320.9735621106259,41.71512872419653,MBA,2026-06-05,0
6960,6960,16.360,12.65,,2461200.5,.1424147059817656,3.195904560264003,1.396472511713326,25.93160535733021,275.5266673274297,24.05843567569745,MBA,2025-10-29,0
6975,Hiroaki,18.256,12.44,,2461200.5,.2901970781046453,2.866618489058742,4.860303398340124,322.0731889409936,335.5519197283,3.53172842332873,MBA,2026-06-05,0
6983,Komatsusakyo,26.889,12.36,,2461200.5,.1219463358513258,3.21876899481226,7.782936011669765,110.0482118300701,227.9607844975369,331.4959884252063,OMB,2026-06-05,0
6984,Lewiscarroll,48.053,10.72,,2461200.5,.1888536566887141,3.98674805405594,16.7673856938578,205.9549054355139,246.9196100569633,32.86067086328658,OMB,2026-06-05,0
6996,Alvensleben,18.809,12.34,,2461200.5,.09436058186307857,3.434668841121923,4.101041894970559,157.6678669613576,119.4343129375762,184.7937053875453,OMB,2026-06-05,0
6997,Laomedon,37.549,10.59,,2461200.5,.1009294108391768,5.177669697626313,19.12701524466138,195.2854210773081,58.76298390816837,162.0254257970378,TJN,2026-06-05,0
6998,Tithonus,27.828,11.52,,2461200.5,.07010643345579057,5.172654807502219,1.729981458442245,35.24249205542183,259.5114338116746,115.744432097471,TJN,2026-06-05,0
7003,Zoyamironova,16.594,12.92,,2461200.5,.201173811218967,3.201023422863865,3.772906908578331,11.68643989032775,17.07623668559843,237.774130911168,OMB,2026-06-05,0
7024,Impey,17.223,12.46,,2461200.5,.1677140613113125,3.118294087833991,.3248533320092771,252.4579291975284,117.6589380975239,24.47814026671302,MBA,2026-08-07,0
7027,Toshihanda,23.833,11.87,,2461200.5,.1946377919696962,3.979432663492183,12.35310186743611,77.05156040698408,10.73385889314923,47.97959967356879,OMB,2026-06-05,0
7029,7029,17.961,12.28,,2461200.5,.05386459141684382,3.239874704142732,10.66691617465259,163.2234501920456,91.56700656057698,48.83685865995528,OMB,2026-06-05,0
7036,Kentarohirata,19.172,12.36,,2461200.5,.2016061743467132,3.096396724126856,8.945016773205662,273.4588106513636,293.6983222137424,205.5718691019228,MBA,2026-06-05,0
7037,Davidlean,16.601,12.04,,2461200.5,.1080459640082595,3.10245611519352,11.09009677506397,278.7988901360334,293.2644107569045,185.231693697039,MBA,2026-06-05,0
7050,Shanekelly,15.632,13.04,,2461200.5,.1864038782742426,2.796238019552533,7.761666442413193,20.62876502623767,245.6199853954683,108.5857557982352,MBA,2026-08-08,0
7051,Sean,15.259,12.83,,2461200.5,.1249664211185111,3.225953802887379,3.126700050913873,56.93850797340795,182.4144133363068,349.4355883804109,OMB,2026-06-05,0
7065,Fredschaaf,15.986,12.94,,2461200.5,.03567056772609482,2.777976017131107,7.526627948723165,199.146950198657,179.440890783982,65.94535137392508,MBA,2026-06-05,0
7085,Franksienkiewicz,16.573,12.78,,2461200.5,.2538968721453599,3.103771109814528,2.752962066206751,121.2118599942769,197.5550208911513,155.4055757791615,MBA,2026-06-05,0
7102,Neilbone,21.426,12.21,,2461200.5,.2420702245839685,3.108479637309828,18.66503038489777,297.8134367763418,347.6638791750717,205.5862665846597,MBA,2026-06-05,0
7113,Ostapbender,17.813,12.24,,2461200.5,.05061199044597619,2.961063195404222,12.64046043249607,303.6971459323441,75.14796440442049,258.859376620448,MBA,2026-06-05,0
7119,Hiera,59.150,9.78,,2461200.5,.1017884039431676,5.122211732183269,19.34682288578451,285.4646787788214,123.6963289509089,118.474330069749,TJN,2026-06-05,0
7131,Longtom,29.896,11.90,,2461200.5,.1676847882446472,3.175604262227305,16.14424764291866,78.46344305271252,290.8575086368403,35.73999877388717,MBA,2026-06-05,0
7142,Spinoza,20.287,12.99,,2461200.5,.1086078057993423,3.161371664542435,.3275536082643078,117.3969728711655,119.32129053,327.0140110812052,MBA,2026-06-05,0
7152,Euneus,39.770,10.32,,2461200.5,.06381381005180314,5.1578808636011,3.711817940860765,113.0419936145436,308.2718174401452,118.8368673614738,TJN,2026-06-05,0
7167,Laupheim,23.229,12.29,,2461200.5,.2110490168720334,3.123526186620409,23.49365789248162,219.4697824963224,181.3988944266735,95.5906469093463,MBA,2026-06-05,0
7174,Semois,25.526,11.72,,2461200.5,.1749908935102047,3.999594497988612,12.64474438293265,354.3708850973439,289.7034088102968,310.2094410259866,OMB,2026-06-05,0
7192,Cieletespace,15.028,12.21,,2461200.5,.09569012740116255,3.168622359242331,10.84442114468127,186.2807510421572,133.5383006346417,320.4655020065769,MBA,2026-06-05,0
7214,Anticlus,19.996,11.79,,2461200.5,.03482487862740254,5.207586021612834,13.43714131591008,195.5368575942692,219.8974056647802,149.2111706642491,TJN,2026-06-05,0
7215,Gerhard,24.354,12.07,,2461200.5,.005724576230756541,3.208979122335402,20.69817317826581,317.7279302777248,38.33507439746745,31.4748236658556,OMB,2026-08-08,0
7217,Dacke,24.418,11.72,,2461200.5,.1641534859508982,3.214291470488017,10.14423726833954,325.4583301296668,354.9168303226288,62.51418541079229,OMB,2026-08-08,0
7222,Alekperov,16.069,13.02,,2461200.5,.20205297856577,3.224167061851626,2.879876908066363,112.5468058493646,282.1662661927537,281.9967819921851,OMB,2025-10-31,0
7226,Kryl,16.087,12.82,,2461200.5,.175654815885142,3.214060942806818,2.419662811228724,124.8697390619916,268.2008928402756,30.17112162398451,OMB,2026-06-05,0
7231,Porco,18.328,12.54,,2461200.5,.0715352016808045,3.170835945194415,9.429472339534811,21.22183854346116,324.4186890290802,95.94923821808833,MBA,2026-06-05,0
7253,Nara,22.369,12.01,,2461200.5,.05317970504910743,3.184859431481143,4.692162569947611,82.6552826213432,349.5093030040587,30.33632208939382,MBA,2026-06-05,0
7278,Shtokolov,19.567,12.53,,2461200.5,.1964044289631494,3.15388238781266,6.929125023346135,103.0150056109449,238.653535651501,140.8956612231608,MBA,2026-06-05,0
7284,7284,23.411,11.69,,2461200.5,.166774691074671,3.985584250524815,6.359077248122626,47.05612338266345,40.7844334875351,188.4961219193564,OMB,2026-06-05,0
7286,7286,21.561,12.37,,2461200.5,.2106698505113152,3.124911911723877,15.18469958533457,137.5270060602461,238.3552088679715,135.2814545781891,MBA,2026-06-05,0
7291,Hyakutake,15.933,12.15,,2461200.5,.2346912863078581,3.121152074770645,8.406195076622213,83.89452191542368,302.7776736927675,112.8007390353638,MBA,2026-06-05,0
7305,Ossakajusto,23.779,12.29,,2461200.5,.2278749300177177,2.739673023277242,14.48736439437075,314.5776787126495,336.2201542637271,276.1653213443191,MBA,2026-06-05,0
7322,Lavrentina,15.478,12.13,,2461200.5,.1110346191896644,3.200575033010974,15.97996400512958,3.221144547728144,346.5706402524007,76.16063688902929,OMB,2026-06-05,0
7331,Balindblad,22.407,11.91,,2461200.5,.03732120020887832,3.183259357763789,22.3702685712948,24.19668661622619,357.1129422577303,52.51189711761728,MBA,2026-06-05,0
7352,Hypsenor,47.731,9.96,,2461200.5,.03679291982543435,5.11881133815691,8.184620704972668,130.3374410698522,126.4555482950648,152.0736585658222,TJN,2026-06-05,0
7366,Agata,24.046,12.52,,2461200.5,.1481062420518724,3.146972749514829,6.336322587805379,49.79304832567804,336.83704989,119.0544567555418,MBA,2026-06-05,0
7384,7384,15.203,13.64,,2461200.5,.1098222796405541,2.7916278675265,4.348927021685536,231.0881950591422,126.80042244549,214.9325693683331,MBA,2026-06-05,0
7388,Marcomorelli,16.385,12.74,,2461200.5,.1028072876312041,3.134016350306279,11.5119154380655,183.6535474953179,329.15857806,28.21848630967944,MBA,2026-06-05,0
7394,Xanthomalitia,32.471,11.24,,2461200.5,.03540809718804688,3.923535734196867,8.615730216849427,174.6343927230957,194.0669839222841,66.12042526947668,OMB,2026-06-05,0
7411,7411,19.366,12.83,,2461200.5,.2405113228678791,3.131258796359204,15.47161336948029,340.8034059929151,93.32309787373063,94.10722578832258,MBA,2026-06-05,0
7458,7458,24.718,11.94,,2461200.5,.1721234223574137,3.72808648062849,1.76633145967434,323.4970632028941,239.3082204872979,233.5810117758436,OMB,2026-06-05,0
7466,7466,23.913,12.32,,2461200.5,.138478257782511,3.348746314145334,6.375243601380872,17.78664745149743,1.685146542848559,353.1825575797926,OMB,2026-08-07,0
7476,Ogilsbie,18.494,11.71,,2461200.5,.2204276649896358,3.165090465139762,25.69101254744723,57.32819603882078,145.6745737791109,322.4522822152321,MBA,2026-06-05,0
7483,Sekitakakazu,18.379,12.74,,2461200.5,.06536990247610978,3.190049239977928,3.928085990253607,81.19709109201909,347.1230246938422,187.3105753883696,MBA,2026-06-05,0
7496,Miroslavholub,21.449,12.20,,2461200.5,.3403156085216529,3.102293723676113,15.1530362984047,95.12242571265905,307.7036489277429,222.2466852771871,MBA,2026-06-05,0
7498,Blanik,17.017,12.14,,2461200.5,.02047358847433881,3.178332892657321,20.71856832642686,319.6389455427432,28.18112797304649,263.1520734275013,MBA,2026-06-05,0
7501,Farra,20.013,12.82,,2461200.5,.1102465240605919,3.327451353733287,1.566671650824323,191.9424861242606,199.3299250368981,340.0681060738248,OMB,2026-08-11,0
7536,Fahrenheit,24.053,12.36,,2461200.5,.1551003227948774,2.847615273962061,12.64249704078854,303.4451017952636,354.9958509454652,245.835917812605,MBA,2026-06-05,0
7543,Prylis,42.893,10.67,,2461200.5,.06379145803411797,5.213588693874848,14.05151478849078,195.571723080364,209.0138792565093,148.7411208072643,TJN,2026-06-05,0
7551,Edstolper,19.581,12.71,,2461200.5,.1071020421150581,3.214283679957211,6.966733090933731,174.7277067113461,311.0241865160834,353.4243225015992,OMB,2026-06-05,0
7554,Johnspencer,15.689,12.98,,2461200.5,.2498925883842988,3.167613083142978,13.63958577590807,13.09650596506533,157.1057533241625,63.60945109559599,MBA,2026-06-05,0
7563,7563,15.857,12.82,,2461200.5,.2300888145603209,2.676518505286126,12.63425039159347,83.19062258639329,54.61960028442041,252.697541202755,MBA,2026-06-05,0
7571,Weisse Rose,15.379,12.87,,2461200.5,.1424883253420603,3.110317279681101,2.181362235614805,117.2024060073116,155.4954546324707,175.1146636008576,MBA,2026-06-05,0
7574,7574,23.774,11.98,,2461200.5,.1699651253327394,3.440382898776376,11.10972094247769,61.37974255210663,350.3920979658516,266.9970842691729,OMB,2026-06-05,0
7585,7585,16.238,12.31,,2461200.5,.1108835389362961,3.181044181350012,13.04532202992447,129.4742549529531,180.1497814406027,59.64098215469382,MBA,2026-03-12,0
7588,7588,37.034,11.51,,2461200.5,.1421079738992314,3.215595916907517,20.74439931286782,319.5242578256017,263.2151472555538,315.5401771020594,OMB,2026-06-05,0
7595,Vaxjo,15.654,13.20,,2461200.5,.1448662808159467,2.797877854293249,3.036170649108351,273.6362112769189,235.8421649716268,65.08599580844185,MBA,2026-06-05,0
7605,Cindygraber,38.463,11.67,,2461200.5,.07076281686718383,3.152935272960689,25.91612028266906,311.4423174236902,273.7969078092246,304.8906358148041,MBA,2026-06-05,0
7611,Hashitatsu,23.740,12.29,,2461200.5,.1499165866630308,2.991557680174167,8.492599914874731,109.1976129712364,171.0631585211278,192.7869612289342,MBA,2026-06-05,0
7612,7612,23.056,12.09,,2461200.5,.07227918402997592,3.170859677997364,9.81196164981187,153.8755582902583,262.6223430570039,217.0446814416579,MBA,2026-06-05,0
7626,Iafe,17.198,12.59,,2461200.5,.08530233172980971,3.169782089116809,9.920770189843699,35.22116833573571,358.6896200133484,237.8665147551233,MBA,2026-06-05,0
7635,Carolinesmith,24.186,12.06,,2461200.5,.099350026508153,3.08571357973502,11.08302751647259,78.75771497758141,318.8030394299691,315.3646254292532,MBA,2026-06-05,0
7641,Cteatus,71.839,9.46,,2461200.5,.05337213710281746,5.209224105484608,34.69968672598767,242.0634387764462,230.0721627833435,59.38379274059361,TJN,2026-06-05,0
7650,Kaname,17.848,12.62,,2461200.5,.0349336470844066,2.936732449189854,11.57760029054844,205.2837497495679,223.3214721244111,348.8976138888841,MBA,2026-06-05,0
7662,7662,19.724,12.52,,2461200.5,.1033830262933352,3.23707655723319,16.68786102527815,197.8945310161339,111.091296947999,203.3866100394752,OMB,2026-06-05,0
7710,Ishibashi,17.498,12.57,,2461200.5,.05982021911856424,3.412177341775979,6.278713515311837,41.41699908872727,13.19637520135716,19.2217802096554,OMB,2026-06-05,0
7711,Rip,17.087,13.03,,2461200.5,.2684862421820929,3.077238344733901,12.09076707975762,60.83175760131662,358.4836918509083,314.1129768351105,MBA,2026-06-05,0
7746,7746,18.804,12.29,,2461200.5,.1585003659301064,3.178867106082901,1.2220655931606,35.80060223145389,253.6890741603301,321.3914144855283,MBA,2026-06-05,0
7755,Haute-Provence,18.210,12.42,,2461200.5,.1261204729006725,3.137711640606767,2.604538881541515,92.88895876949377,130.4320201361104,70.10490213569408,MBA,2026-06-05,0
7756,Scientia,16.193,12.85,,2461200.5,.0115067434710325,3.160943742858641,16.64555404096592,107.2083242554622,208.3320898839751,21.47692967909996,MBA,2026-06-05,0
7812,Billward,16.889,12.88,,2461200.5,.2263313761090371,2.785907271257877,16.1408489769215,231.8718835375187,203.2296044318924,323.1443789134672,MBA,2026-03-12,0
7814,7814,18.743,12.77,,2461200.5,.1656877499034867,2.750907720190184,16.95610739901387,314.8000643580499,65.92035946072519,48.36638075639213,MBA,2026-06-05,0
7815,Dolon,42.516,10.29,,2461200.5,.05884153351240386,5.253939438133044,20.3798696228823,147.5199780820432,220.0037369214915,31.76414118671822,TJN,2026-06-05,0
7838,Feliceierman,15.383,12.97,,2461200.5,.05793277669707739,3.14784779712024,21.10435215658417,206.4559172011034,159.6858095455032,328.3337155808212,MBA,2026-03-12,0
7859,Lhasa,16.00,13.60,,2461200.5,.1338168214230146,2.764458794052732,3.739182172492468,7.917443575070209,37.35690298112648,47.53435151056819,MBA,2026-06-05,0
7864,Borucki,15.286,13.06,,2461200.5,.04487175673553122,2.703044090555495,9.366873929831119,109.8110908662908,21.74263180733135,14.37478110452727,MBA,2026-06-05,0
7880,7880,15.731,13.19,,2461200.5,.04376420527135373,2.782963529116326,3.269094882708864,292.1130245382034,1.698061123261757,107.4244081871924,MBA,2026-08-07,0
7895,Kaseda,28.51,11.49,,2461200.5,.1527155013347348,3.14762256787946,13.23532599845936,133.4202022997902,36.94534211054317,201.6166071876853,MBA,2026-06-05,0
7896,Svejk,15.305,12.73,,2461200.5,.1395102278750494,3.136470282295408,1.906646032304535,52.30389309485307,139.2422736612311,195.5432896957488,MBA,2026-08-11,0
7922,Violalaurenti,15.345,13.10,,2461200.5,.1704523075539355,3.085729400800582,14.15975688318432,282.718008071553,222.1595989310491,346.8742126307466,MBA,2026-06-05,0
7928,Bijaoui,15.965,12.86,,2461200.5,.1747779554201742,3.097232621922287,12.04550354162834,293.5436175373198,359.2944730727598,152.0000766896278,MBA,2026-06-05,0
7949,7949,16.605,12.66,,2461200.5,.2708984750308072,2.972509889355574,17.58894187953317,176.3814180237122,262.8286968865249,169.4462563086993,MBA,2026-06-05,0
7950,Berezov,23.803,12.34,,2461200.5,.09657008061376897,3.104251181641879,11.62421778588766,351.3711741037422,335.9539452165257,99.35471449454219,MBA,2026-06-05,0
7965,Katsuhiko,20.684,12.50,,2461200.5,.2868115550042025,2.439846424087328,25.0322459734131,309.9773019330033,280.2350117694781,285.2996400560943,MBA,2026-06-05,0
7992,Yozan,15.614,12.87,,2461200.5,.3301410190754662,3.080898298544433,9.619559342807015,63.31098455604972,311.0271300095806,101.5927283863576,MBA,2026-06-05,0
7994,Bethellen,17.420,12.87,,2461200.5,.1022430549313143,3.059455899868615,.04931697917685803,232.1412166234559,281.439289155009,34.6456283222733,MBA,2026-06-05,0
7999,Nesvorny,25.143,12.58,,2461200.5,.08827845271279611,3.049300447382871,11.69822218820127,281.6312776639821,162.5883714157885,82.86104238969621,MBA,2026-06-05,0
8010,Bohnhardt,16.064,12.69,,2461200.5,.1140040614127495,3.159017003931671,5.530730848740661,222.1651246443569,254.2989579202169,289.4151669626126,MBA,2026-08-07,0
8027,Robertrushworth,20.111,12.47,,2461200.5,.1624601917968295,3.193893209423845,7.672944416781223,256.2832174501749,23.75890628335855,84.15429479377649,MBA,2026-08-07,0
8028,Joeengle,19.123,12.32,,2461200.5,.2073155572574233,3.121164723363266,23.30577076738833,21.82693765807107,310.9037942793785,100.879915477029,MBA,2026-06-05,0
8029,Miltthompson,15.683,12.82,,2461200.5,.1326332184611125,3.145464817906861,6.537121429536601,24.43922059391653,23.74112067175519,14.94893770750365,MBA,2026-06-05,0
8030,Williamknight,20.579,12.08,,2461200.5,.06580327282052403,3.233630294462746,7.204225681089121,10.68235021269977,324.3350137978662,6.509497019900755,OMB,2026-06-05,0
8036,Maehara,15.418,12.92,,2461200.5,.1611161789066919,3.005256649268738,6.754591793371804,61.5008266088661,274.5072803057517,205.8664819205287,MBA,2026-06-05,0
8060,Anius,37.873,11.02,,2461200.5,.09219672906790048,5.218349628367195,7.074189275934174,6.350994890097801,34.94427667221739,155.1663435832783,TJN,2026-06-05,0
8064,Lisitsa,15.165,13.35,,2461200.5,.2049737893875742,2.785841136838764,7.554922279629499,3.130981782411277,285.6157490321926,142.6661778274348,MBA,2026-06-05,0
8066,Poldimeri,20.473,12.75,,2461200.5,.09425954015473431,3.187349616552026,10.49885483070155,189.7802883166022,108.3357887681042,62.52590565624631,MBA,2026-03-12,0
8067,Helfenstein,23,12.74,,2461200.5,.1427567888684622,2.576245641568864,15.34008050072399,344.6379505663326,29.90192861045741,357.3681844495659,MBA,2025-11-20,0
8086,Peterthomas,25.629,11.75,,2461200.5,.2067239035169454,3.947867900338607,12.12092921736682,28.41638394863563,287.3039108444113,261.8920959852353,OMB,2026-06-05,0
8095,8095,15.353,12.86,,2461200.5,.1620559293762054,3.149638096147977,1.108443926673529,23.23773563414599,277.5355890099092,107.6052768791324,MBA,2026-06-05,0
8125,Tyndareus,27.088,10.82,,2461200.5,.04693538018367834,5.211839949590045,13.09807367862822,323.1171323552715,60.00755890897656,180.333064702696,TJN,2026-06-05,0
8128,Nicomachus,15.661,12.72,,2461200.5,.1027879359090589,3.13723099315858,4.126299273338985,326.7252513539274,260.3504612857137,258.918543363008,MBA,2026-06-05,0
8130,Seeberg,23.617,11.83,,2461200.5,.1329489960163676,4.005347991117898,5.962308131021453,113.5752176474251,91.51537415458755,55.90468052807568,OMB,2026-06-05,0
8146,Jimbell,19.073,13.11,,2461200.5,.2214778025191413,2.801669761144267,11.3008448018269,76.75426024755427,29.4683328996845,353.2008971728716,MBA,2026-06-05,0
8174,8174,22.708,12.23,,2461200.5,.142866718997348,3.173843788760318,10.33027933394773,67.60079197191807,335.554632833515,13.60999959942295,MBA,2026-06-05,0
8188,Okegaya,20.453,12.49,,2461200.5,.1350243599252759,3.155259656570648,12.12874178800134,104.780077975045,53.81309451940867,291.9626545335916,MBA,2026-06-05,0
8189,Naruke,15.730,12.64,,2461200.5,.1567239948204451,3.141425698700378,1.781947853078663,124.2013605440965,13.44422721714541,345.6758704279459,MBA,2026-06-05,0
8241,Agrius,27.174,11.32,,2461200.5,.04140586783811019,5.170042414387747,4.340208098213943,22.6847206103809,263.8505529818776,272.771806606201,TJN,2026-06-05,0
8284,Cranach,19.628,12.74,,2461200.5,.128533936626413,3.110487096874833,11.60619548259927,279.4756285762753,242.4110796087857,27.5628720023399,MBA,2026-06-05,0
8316,Wolkenstein,15.939,12.04,,2461200.5,.1260493969178137,2.991985223138268,9.545822814076434,294.3104397727275,51.49075233224055,257.5935143669981,MBA,2026-06-05,0
8317,Eurysaces,26.210,11.20,,2461200.5,.04460757379950184,5.319537702184995,.9447715650933178,208.0254356911565,115.6223489062703,223.058468062272,TJN,2026-06-05,0
8340,Mumma,20.198,12.25,,2461200.5,.01279941268577549,2.969430031317925,8.282642293875071,278.5869237387903,357.1562751665524,75.85501173486007,MBA,2026-03-12,0
8354,8354,15.624,12.61,,2461200.5,.1487088077791753,3.204931338879367,4.347279492169694,207.6487267701358,115.6255078412523,161.6882458961561,OMB,2026-06-05,0
8374,Horohata,15.405,12.62,,2461200.5,.1834781782000465,3.217774379992005,2.923055585865867,98.51543686157379,300.7225715119648,30.34769937428597,OMB,2026-06-05,0
8376,8376,27.689,11.86,,2461200.5,.1965488228183686,3.980670176296973,3.509842297368254,50.23807918372021,257.9678933693577,91.83743826479373,OMB,2026-06-05,0
8405,Asbolus,66,9.20,,2461200.5,.6173477845441102,18.05538325863325,17.61794439245444,6.071492125526565,290.4882833178889,112.3214546365659,CEN,2026-06-05,0
8409,Valentaugustus,15.303,12.66,,2461200.5,.158862181137794,3.208017384548268,4.321613343317015,261.9319333490534,102.6131714634121,110.6659106809767,OMB,2026-06-05,0
8427,8427,16.953,12.45,,2461200.5,.09141168617682975,3.0876272934338,10.55516560749536,147.8286135070348,344.8448058288719,.998840439216913,MBA,2026-06-05,0
8453,Flaviataldini,16.296,13.15,,2461200.5,.1320309498807131,3.210684039638421,10.66456789258239,10.40717231888884,235.5622243653015,281.9637692701469,OMB,2026-06-05,0
8456,Davegriep,17.817,12.85,,2461200.5,.04347781032416636,3.162004922942429,7.838194696303321,306.7172286234617,26.74466556185251,216.3137367831686,MBA,2026-06-05,0
8478,8478,23.802,12.68,,2461200.5,.09797284394404356,3.065325252889467,7.90107295917421,327.7992721128822,46.49300897210757,253.0174841286482,MBA,2026-06-05,0
8512,8512,15.027,13.14,,2461200.5,.1612783772908704,2.665542773226373,7.196911257073898,146.0152108561649,248.0029342485255,315.0856387732831,MBA,2026-08-07,0
8550,Hesiodos,24.725,12.38,,2461200.5,.2598953688073558,3.943696630617461,2.876707011631168,23.45172264295064,336.4233939270312,3.925119262647712,OMB,2026-08-07,0
8560,Tsubaki,18.952,12.73,,2461200.5,.07086031667225502,2.956653558926743,13.39154212984002,350.2590849360372,328.431397955769,60.11847471241669,MBA,2026-03-12,0
8564,Anomalocaris,16.870,12.95,,2461200.5,.1197452989909873,3.254958994591722,12.26017669760995,6.712825476727986,338.8726735542394,123.2228727038494,OMB,2026-06-05,0
8565,8565,15.606,13.25,,2461200.5,.1494812214394234,2.788262059814825,8.567986144968833,188.8792197819929,127.8652488237654,284.112012668416,MBA,2026-06-05,0
8585,Purpurea,16.823,12.52,,2461200.5,.1591510174079864,3.231640624917253,9.467994103790115,357.2635143581655,235.8501536783014,289.6255004547854,OMB,2026-06-05,0
8591,Excubitor,15.220,13.10,,2461200.5,.1938149347618248,3.150526041210552,2.083039778331721,81.98702859953853,249.8198561547907,251.9847928876733,MBA,2026-06-05,0
8701,8701,16.757,12.61,,2461200.5,.1515574323031004,3.154537546259023,6.729282085136123,198.8797923101152,122.7386258261917,248.3685917592379,MBA,2026-06-05,0
8712,Suzuko,15.709,12.70,,2461200.5,.1471050098769597,3.125019897760797,2.542142115186542,105.4162526837183,190.6970023116501,319.6296407193381,MBA,2026-06-05,0
8721,AMOS,49.91,11.49,,2461200.5,.02805197324401747,3.884033040786039,5.447590708259686,265.2343687510269,89.519695946439,81.58136537623615,OMB,2026-06-05,0
8737,Takehiro,17.785,12.41,,2461200.5,.1219227025936145,3.113038040499028,11.50099712269037,348.3806622840071,288.2331885798745,337.8899480460251,MBA,2026-06-05,0
8770,Totanus,15.335,12.89,,2461200.5,.1131127074380007,3.121425575454652,2.101125719529441,73.99503756669009,64.97177922333715,83.99705012488472,MBA,2026-06-05,0
8787,Ignatenko,16.814,12.60,,2461200.5,.1639774611909112,3.148925161196871,10.5704893914051,47.74289153928938,357.0746249733743,165.5494815487492,MBA,2026-06-05,0
8813,Leviathan,16.403,12.45,,2461200.5,.3210013956535421,3.160231875598737,21.09183936607947,96.15890699250224,274.1372959096237,230.3808828325896,MBA,2026-06-05,0
8814,Rosseven,17.048,12.80,,2461200.5,.1659036944035951,3.173953435495319,4.852422193556306,208.626239204745,157.9999191548279,228.9867728792205,MBA,2026-06-05,0
8830,8830,19.806,12.31,,2461200.5,.2336648415843563,3.17845002127171,9.747111821700566,37.30126437579266,310.6063290789947,259.1716508979142,MBA,2026-06-05,0
8833,Acer,17.731,13.10,,2461200.5,.1275761096184779,2.87757513438381,9.634664170907614,214.1152595145513,51.01346125039191,251.714043465256,MBA,2026-06-05,0
8848,8848,19.301,13.53,,2461200.5,.1491034885696554,2.896821192116537,3.013296135587095,23.19654931724781,351.777667986132,106.8580570873898,MBA,2026-06-05,0
8866,Tanegashima,21.589,12.16,,2461200.5,.171014616614559,3.115607078383262,11.63326018292437,316.6031397417929,108.2732578052089,147.8942445960193,MBA,2026-06-05,0
8889,Mockturtle,22.773,12.28,,2461200.5,.1344402431755678,3.041329041310932,11.98524281483912,322.4853458528052,60.07232331107857,312.6991000991821,MBA,2026-06-05,0
8891,Irokawa,16.220,12.78,,2461200.5,.2252490234272044,3.148572859212409,9.392376476538352,192.3965664647438,190.4518754475248,232.1013846264615,MBA,2026-06-05,0
8901,8901,15.058,12.00,,2461200.5,.05607364079473874,3.001568764903876,11.42800152942181,48.61806457207512,143.0244460309055,180.5405293422724,MBA,2026-06-05,0
8911,Kawaguchijun,15.013,13.12,,2461200.5,.05973536940857968,3.007056487449763,7.490235737683922,73.7275212018972,163.4641394652609,131.0075598897535,MBA,2026-06-05,0
8913,Shohinighose,19.853,12.79,,2461200.5,.1290291018849285,3.952796620508618,1.859797292912018,309.690700966524,245.1185195903677,231.6349848541047,OMB,2026-06-05,0
8915,Sawaishujiro,30.135,11.62,,2461200.5,.04970629445570573,3.931193132623722,3.690361373974806,245.145432543346,325.2573822087634,233.2679659686382,OMB,2026-06-05,0
8917,Tianjindaxue,37.122,11.42,,2461200.5,.119825441122119,3.40395391367232,15.48396031004602,263.3781675918476,170.1070824986181,318.4827479791547,OMB,2026-06-05,0
8934,Nishimurajun,16.026,12.79,,2461200.5,.1166448373511592,3.138272301956455,12.5286654467656,114.7305231948541,296.9147307836151,163.7560395384431,MBA,2026-06-05,0
8941,Junsaito,18.313,12.25,,2461200.5,.05048439153636228,3.248467090644775,11.17843053685522,142.4235416609528,217.0645924421872,143.4395831030877,OMB,2026-06-05,0
8962,Noctua,16.988,12.98,,2461200.5,.07878064898590224,3.195527002294779,4.738083923924855,38.87060946120892,16.94068822759205,131.2181052883593,MBA,2026-06-05,0
8988,Hansenkoharcheck,15.643,12.63,,2461200.5,.2141308308563366,3.412566977301046,4.162221483505925,186.8593690396787,148.9509292827461,123.8210408250251,OMB,2026-06-05,0
8990,Compassion,16.624,12.79,,2461200.5,.09898852731005757,3.155492224316369,8.050393861260581,128.2389200486072,74.89503899320609,40.26511005298391,MBA,2026-06-05,0
9003,Ralphmilliken,15.124,13.20,,2461200.5,.07622630039314506,2.781393077253273,5.341247718737303,124.8081152799062,273.0238819188193,224.2605153676622,MBA,2026-06-05,0
9015,Coe,16.530,13.03,,2461200.5,.1237166106916592,2.797687711673016,7.116495914796289,88.88654412672184,312.0293627110086,248.4464833278945,MBA,2026-06-05,0
9023,Mnesthus,49.151,10.23,,2461200.5,.06381106250296019,5.204309839647907,23.94608589093919,159.9114143461905,159.6325636797426,79.26646137150689,TJN,2026-06-05,0
9030,Othryoneus,32.186,11.22,,2461200.5,.01776162849331817,5.326080035206094,4.220453391968727,76.59313082275796,7.579511674662759,347.0828117117953,TJN,2026-06-05,0
9033,Kawane,16.003,11.30,,2461200.5,.2098781361977896,3.154191042426681,16.00343581907407,100.6962461545236,301.0044049096118,238.00808298401,MBA,2026-06-05,0
9043,9043,23.892,12.67,,2461200.5,.1250547804732962,3.065839795245282,4.116413095372856,313.591615224414,324.7112745375687,94.80359658997391,MBA,2026-08-07,0
9057,9057,15.689,12.68,,2461200.5,.1835040826950009,3.172900458963291,2.132687007772839,88.13074424251558,234.0459384091582,278.090103117795,MBA,2026-06-05,0
9072,9072,24.454,11.94,,2461200.5,.08146524416402987,3.201984333368924,15.24218907936371,289.7062635301734,13.2678985803691,277.1226746330674,OMB,2026-06-05,0
9090,Chirotenmondai,17.625,12.81,,2461200.5,.09499475629279441,2.748211038328717,13.74447609162625,65.93510072138801,12.91910660684029,231.440306277281,MBA,2026-06-05,0
9092,Nanyang,16.753,12.28,,2461200.5,.05175039804279371,3.02089326601244,10.83764259117617,116.7072012899689,138.7511374049463,161.3177811945926,MBA,2026-06-05,0
9107,Narukospa,19.07,13.19,,2461200.5,.2057950608141961,2.86344430936473,6.814630680554799,126.1067975145332,12.63067215673673,10.76936669232425,MBA,2026-06-05,0
9132,Walteranderson,15.741,12.79,,2461200.5,.1663473943508285,3.111472617339169,2.591078332428274,116.1953072606,157.6448128417007,48.87101747226503,MBA,2026-06-05,0
9141,Kapur,21.078,12.62,,2461200.5,.19642429236262,3.158192162321548,13.12801970769801,82.23909826616348,173.6682760297705,327.3071539104837,MBA,2026-06-05,0
9142,Rhesus,42.306,10.70,,2461200.5,.1294684850185994,5.153773432866703,12.80960550929414,141.1981072569245,174.066039617833,90.8182462197375,TJN,2026-06-05,0
9167,Kharkiv,18.007,12.89,,2461200.5,.1639075367164724,3.148178334580536,6.946793040266403,359.6767188193958,324.4604165285884,17.1206145878165,MBA,2026-06-05,0
9180,Samsagan,16.064,12.70,,2461200.5,.05786887354080627,3.181125513902006,15.7570403681129,218.4890598238765,318.9736659458829,91.69567559462425,MBA,2026-06-05,0
9203,Myrtus,18.165,12.64,,2461200.5,.1120937802748302,3.162707600012021,2.571761108588189,84.82302521585953,161.8713177121139,45.18411486016442,MBA,2026-06-05,0
9219,9219,18.950,12.11,,2461200.5,.2290743823871686,3.188777099539941,14.00411412725898,141.8915073089634,68.66071196578361,14.39112522261679,MBA,2026-06-05,0
9228,Nakahiroshi,21.676,12.32,,2461200.5,.02261538040044435,3.08171973027828,5.798541837742084,31.35930616846681,196.6183293044022,139.6171973212686,MBA,2026-08-11,0
9247,9247,21.518,11.64,,2461200.5,.06873822347840805,3.112816312650676,26.49455917131797,212.9582221289286,254.3006776194946,201.5982950639724,MBA,2026-06-05,0
9293,Kamogata,15.048,12.95,,2461200.5,.1303106579905204,3.182727054901337,1.755753738380543,149.3233560502013,76.61737932919787,49.96263784693192,MBA,2026-06-05,0
9338,9338,22.697,12.53,,2461200.5,.1974877946933682,3.121455960762213,13.74046001978687,181.9513597938893,103.9598610845868,63.45864278389227,MBA,2026-06-05,0
9340,Williamholden,15.331,13.23,,2461200.5,.1534563024408715,3.197130304308127,2.267379366707066,103.8861995904719,147.4314046567459,32.88907821764394,MBA,2026-06-05,0
9344,Klopstock,17.05,14.34,,2461200.5,.08836197218014173,2.364007076020592,5.032127837622054,340.2219399383326,156.1643705537525,76.33009750545175,MBA,2026-06-05,0
9402,9402,20.436,12.49,,2461200.5,.1248566547757866,3.348676941040981,9.971144949128307,216.8649391998046,158.5319732374443,71.13557384377638,OMB,2026-06-05,0
9410,9410,16.997,12.74,,2461200.5,.1120880837369925,3.233661517386055,2.278082400710832,95.99449715997339,38.80458093520703,131.5953704907275,OMB,2026-06-05,0
9430,Erichthonios,27.532,11.45,,2461200.5,.05324665936898468,5.249995482089189,1.002673039588707,326.377721265894,310.5909603912078,124.0838305608809,TJN,2026-06-05,0
9431,Pytho,38.358,10.64,,2461200.5,.08498768418323667,5.119995151456903,21.33194802051242,201.4949769257214,186.2638650322066,150.6112581103617,TJN,2026-06-05,0
9464,9464,15.755,13.27,,2461200.5,.2992080123486127,2.857231602318178,7.966063762251468,99.39530222258553,243.3077500416236,198.6551392084538,MBA,2026-06-05,0
9522,Schlichting,16.831,12.65,,2461200.5,.06182951429481304,3.562442267661906,9.869389151046967,238.8405060856834,209.729507144431,347.2446913756394,OMB,2026-06-05,0
9544,Scottbirney,15.140,12.71,,2461200.5,.104469446679214,3.182329454819053,5.874087441335682,55.88337289252501,119.9446173232617,132.3864873938589,MBA,2026-08-08,0
9552,9552,16.946,12.31,,2461200.5,.08505499815648257,3.433190112156285,9.951585935219006,177.3224614598076,209.4093047420779,142.3095689819683,OMB,2026-06-05,0
9562,Memling,17.688,12.65,,2461200.5,.173673738281124,3.098262213084814,3.52889068064554,120.5368298323825,202.6044082742301,70.03015533866659,MBA,2026-06-05,0
9661,Hohmann,27.664,11.52,,2461200.5,.2326547879990394,3.93896667035828,13.00201412242006,56.48730318533257,286.9921802586073,195.4250791835645,OMB,2026-06-05,0
9694,Lycomedes,31.736,10.78,,2461200.5,.03501255247768639,5.068543767185886,4.9538158922427,349.9221659477302,59.31606344720659,119.4930490068205,TJN,2026-06-05,0
9712,Nauplius,33.423,10.99,,2461200.5,.127277974039142,5.223742246534467,8.469622572816203,176.5836177497337,275.4581936303627,82.49062497251245,TJN,2026-06-05,0
9713,Oeax,18.651,11.35,,2461200.5,.05432812537687771,5.164394146200144,4.160830394592218,155.9513753536027,315.7181893281276,62.0275676875174,TJN,2026-06-05,0
9714,Piazzismyth,21.717,12.64,,2461200.5,.05294235004308624,3.109485940167369,19.53268969195147,24.64466694052841,273.0532358611396,66.61298036138007,MBA,2026-06-05,0
9789,9789,17.239,12.51,,2461200.5,.1368983835535244,3.136692584998741,1.896938725562623,44.74134747589174,128.2726367508963,239.0122145691449,MBA,2026-08-11,0
9790,Deipyrus,32.771,11.00,,2461200.5,.05393893021565892,5.236926489759701,5.918728591817472,231.1463883915947,152.1665679471234,144.9435213992977,TJN,2026-06-05,0
9799,Thronium,68.033,9.64,,2461200.5,.04685583179040113,5.191110558168659,30.51270344780228,259.5593137497432,115.3240300704947,159.6742252254411,TJN,2026-06-05,0
9807,Rhene,24.683,11.46,,2461200.5,.154156276708714,5.210063180823826,4.96941617117291,232.53872269222,198.1430155958262,107.3252703367449,TJN,2026-06-05,0
9817,Thersander,22.879,11.55,,2461200.5,.03908257969428477,5.223422985532252,9.177363031834609,24.1369560375276,87.3998617004038,48.18294503592337,TJN,2026-06-05,0
9818,Eurymachos,28.076,11.10,,2461200.5,.00425628424176184,5.175874432420217,7.499639436131657,18.43622450990835,153.8671965015739,351.1559099494134,TJN,2026-06-05,0
9827,9827,19.825,12.71,,2461200.5,.1748932189491622,3.172213619821576,17.58769005041958,203.2760158399196,164.6834825814186,23.67911982926277,MBA,2026-06-05,0
9828,Antimachos,20.272,12.05,,2461200.5,.08623621409141281,5.195766010266697,3.212563746102203,97.10212712279169,20.73866408783357,70.40175233211133,TJN,2026-06-05,0
9829,Murillo,25.941,12.24,,2461200.5,.1286920481555529,3.955997417564557,2.643243301770984,181.7175305632528,4.227639199049124,65.52723615666062,OMB,2026-06-05,0
9857,Hecamede,49.518,10.32,,2461200.5,.02483928913992939,5.171745339467128,19.59589760489874,289.3992658744217,3.896781527605257,262.0485212074816,TJN,2026-06-05,0
9936,Al-Biruni,24.187,12.26,,2461200.5,.1847298256041018,3.087974480252064,15.42906812037057,310.2502920859393,15.67338209794869,140.8561045277716,MBA,2026-06-05,0
9970,9970,20.035,12.80,,2461200.5,.2066263503003795,2.792238571670094,7.536423657713541,314.9427954599556,334.2141247576448,152.8226211110413,MBA,2026-06-05,0
10007,Malytheatre,25.855,12.16,,2461200.5,.1161850662932072,3.141326945916303,13.42164831511521,250.641001884492,244.4769905183777,267.2057572666932,MBA,2026-06-05,0
10043,Janegann,15.752,12.20,,2461200.5,.1306338836899647,3.12655185456343,17.33776744745069,151.608857262997,267.8378426148298,58.09683113933158,MBA,2026-06-05,0
10045,Dorarussell,16.044,13.00,,2461200.5,.12230456134418,3.127431140036363,1.853510756162292,173.3492547789909,94.02139131223753,221.4763022723405,MBA,2026-06-05,0
10080,Macevans,16.728,12.92,,2461200.5,.1851972225274258,3.127801617164641,14.39340284094079,159.4626318598456,143.1862292792833,187.3303396795959,MBA,2026-06-05,0
10085,Jekennedy,19.261,12.57,,2461200.5,.05971032721040456,3.19677786526462,15.0086555962102,352.0000709749106,242.2946549263414,193.4697433249246,MBA,2026-06-05,0
10143,Kamogawa,22.314,12.42,,2461200.5,.2121865992425993,2.992205304875799,19.43873808153633,316.4052281620036,192.3645249162857,82.77044410969403,MBA,2026-06-05,0
10148,Shirase,15.513,12.74,,2461200.5,.1398495193184915,3.210935707225673,.453897983712247,9.061205170176315,220.5040379781127,194.6107051783747,OMB,2026-06-05,0
10199,Chariklo,302,6.55,,2461200.5,.1708195854003942,15.73437332078415,23.43190431353433,300.4768909592962,241.2066068296425,130.0890828375457,CEN,2025-11-06,0
10226,Seishika,15.511,13.12,,2461200.5,.1239518734371156,2.488066081033779,6.106858331622566,269.38826414,349.9694255503317,267.5428180709545,MBA,2026-06-05,0
10227,Izanami,17.392,12.49,,2461200.5,.07480724749061823,3.130319042759079,12.66453017230669,243.8158197244663,166.2636215747844,62.5306572570133,MBA,2026-06-05,0
10247,Amphiaraos,26.826,11.21,,2461200.5,.009693305009314757,5.296234628918553,4.185092754364284,162.4769243065518,332.274187946765,77.71851321215097,TJN,2026-06-05,0
10259,Osipovyurij,21.518,12.52,,2461200.5,.2539530948925976,3.100293954616914,16.59249959620842,211.909232096355,62.05796374318424,291.798519088887,MBA,2026-06-05,0
10263,Vadimsimona,15.908,13.17,,2461200.5,.1680644247363526,2.66317682071016,10.36489989564234,209.082146685025,290.8389510512162,56.67622052127916,MBA,2026-06-05,0
10269,Tusi,15.674,12.72,,2461200.5,.1742582714272439,3.138119554563435,2.494674128824919,88.10461153707483,273.773944754285,145.792675305728,MBA,2026-06-05,0
10291,10291,22.098,12.83,,2461200.5,.1087842693716578,2.984065997308486,8.094547384015252,57.47414345079463,255.2368227859972,17.44496883774386,MBA,2026-08-08,0
10314,10314,21.783,12.19,,2461200.5,.05859936619474482,3.215097651443354,16.39435186833704,174.26783981699,212.5971125959685,32.13620511089167,OMB,2026-06-05,0
10331,Peterbluhm,19.568,11.96,,2461200.5,.2247443920021295,3.989395290689537,4.639308726568927,105.4758351077337,233.0689578253607,22.36056017349181,OMB,2026-08-07,0
10386,Romulus,16.064,12.58,,2461200.5,.08060627100233012,3.248986341474795,23.00614949771465,32.20847665908025,289.7343659276308,89.6333428038587,OMB,2026-06-05,0
10388,Zhuguangya,21.698,12.26,,2461200.5,.08273872886663784,3.216027129653102,16.98857985203168,64.03115117955571,269.1727787109827,102.2567545240511,OMB,2026-06-05,0
10422,10422,20.874,12.52,,2461200.5,.2069590139680768,2.854567475347101,17.89955528542638,67.9798490361279,203.5020824093955,138.896172902776,MBA,2026-06-05,0
10442,Biezenzo,16.217,13.18,,2461200.5,.02745873442988037,3.180319188897159,10.77178076284702,172.4416932935544,292.6979056364754,339.4820536077187,MBA,2026-06-05,0
10465,Olkin,20.606,12.56,,2461200.5,.1133794464646544,3.124896771697975,14.21538645375417,229.5453082696847,192.4533787018422,81.56330836809583,MBA,2026-06-05,0
10490,10490,18.241,12.70,,2461200.5,.0239515167536262,3.175314142153712,14.46980014048433,209.0262343808353,316.3008735190776,310.9432191808842,MBA,2026-06-05,0
10513,Mackie,18.324,11.94,,2461200.5,.07178267858006632,3.218982074200046,24.37816041091983,172.2643401286032,195.4742284667746,116.5921498284842,OMB,2026-06-05,0
10551,Goteborg,15.491,12.20,,2461200.5,.0571868253644214,2.995215592675021,11.37737609098493,92.76379077293748,8.86740316600434,160.1871813654627,MBA,2026-06-05,0
10555,Tagaharue,15.845,12.53,,2461200.5,.06814638834128085,3.210199580316851,16.79137044899534,37.3797157073377,141.4099035619705,300.2447831686446,OMB,2026-06-05,0
10582,Harumi,15.391,12.80,,2461200.5,.1820905271553531,3.09415039767927,12.18255460184505,60.22277793376951,300.721181858735,235.5021769536288,MBA,2026-06-05,0
10583,Kanetugu,20.792,12.07,,2461200.5,.2274769019453894,3.10783790527818,14.69182305610713,61.61242596387658,273.6256947028039,264.6461971961455,MBA,2026-06-05,0
10608,Mameta,25.184,11.90,,2461200.5,.2556282398790426,3.998199873598917,4.521401839505625,159.8619654407708,258.5495749026257,249.3400228860816,OMB,2025-10-31,0
10610,10610,23.153,12.37,,2461200.5,.2186810004977502,3.960586982016137,4.632298905559034,87.40958765926366,283.6520018380817,329.6624928313654,OMB,2025-11-06,0
10611,Yanjici,17.309,12.24,,2461200.5,.07433255994444105,3.197923844536426,11.43598564068045,253.8341584639946,355.910106752685,218.4304879837147,MBA,2026-06-05,0
10631,Koppes,17.458,12.96,,2461200.5,.04531645803680263,3.156775189758765,2.661513088491839,258.7962335714553,62.1831712286349,191.0780779021455,MBA,2026-06-05,0
10632,10632,19.703,12.36,,2461200.5,.2049718999913181,3.930023999017814,8.400158240419101,111.1065694572228,294.5767564340523,300.8855118291225,OMB,2026-06-05,0
10638,McGlothlin,15.032,12.94,,2461200.5,.1498225822810408,3.150899767992666,6.293714898568629,167.4433837525365,68.07787914199201,92.2584603886766,MBA,2025-11-20,0
10664,Phemios,30.963,11.41,,2461200.5,.03280326409193746,5.211022198289658,8.566803307895483,240.1222842405047,234.6374011308891,86.63932963545825,TJN,2026-06-05,0
10672,Kostyukova,22.209,11.81,,2461200.5,.1150014134882215,3.03355611049082,15.00010372220802,283.3150824542564,61.75384386382373,359.7205306546529,MBA,2026-06-05,0
10688,Haghighipour,16.735,12.74,,2461200.5,.1787542723640062,3.143431418952532,9.597521192215718,280.7031194624587,116.489616841877,162.6961562406761,MBA,2026-06-05,0
10716,Olivermorton,15.090,13.21,,2461200.5,.1177573202628285,2.672424382659591,9.802449969350587,56.09295672839001,295.5674316907904,329.4108635883507,MBA,2026-06-05,0
10766,10766,21.495,12.06,,2461200.5,.1599680390253565,3.137075649073586,14.77995531778567,32.44592095105614,13.44532145344266,139.3305229613309,MBA,2026-06-05,0
10791,Uson,16.751,12.65,,2461200.5,.08362084362881109,3.239041444769078,23.56383205666203,139.7399960582531,223.8947964723314,103.8709910838086,OMB,2026-06-05,0
10793,Quito,16.060,12.87,,2461200.5,.09647364400390371,3.167714709404372,8.081003434276887,276.2799767992958,104.24589722104,122.1541280988162,MBA,2026-06-05,0
10795,Babben,17.035,12.24,,2461200.5,.03282003374435113,3.217917870111199,22.56515748568132,151.1201791224863,9.070340790453892,337.6155198233312,OMB,2026-06-05,0
10817,10817,16.169,12.75,,2461200.5,.1323227460758546,3.117927925590054,4.1984581718095,333.5989658834777,127.0505290069396,81.02205136542388,MBA,2026-06-05,0
10840,10840,23.704,12.05,,2461200.5,.04490688045261867,3.079451489807353,12.6798692530953,94.36414721621621,140.7410077927652,341.3728332939687,MBA,2026-06-05,0
10856,Bechstein,17.313,12.79,,2461200.5,.2370633073547952,3.172350329521191,25.88868028564304,354.1562877737803,309.7790712936704,78.68073250511613,MBA,2026-08-11,0
10864,Yamagatashi,20.641,12.54,,2461200.5,.134865910038641,3.164283017098698,12.3887683964944,304.9968724962028,71.09753955199231,131.2134795049404,MBA,2026-06-05,0
10886,Mitsuroohba,19.519,12.92,,2461200.5,.01600402121496472,3.181272042872457,6.626738221207949,268.0818906791389,235.9949722838101,359.1608651610792,MBA,2026-06-05,0
10888,Yamatano-orochi,16.906,12.87,,2461200.5,.07583011533966029,3.191746522702422,18.08315772843288,80.2282498247632,152.2027680256422,281.3414751762582,MBA,2026-06-05,0
10889,10889,33.20,11.81,,2461200.5,.06691603221887847,3.926347054494342,5.19745513148133,112.3996675228857,172.9837739458213,112.1263893064996,OMB,2026-06-05,0
10920,10920,15.712,12.98,,2461200.5,.1512524830715224,3.179487446688147,.3007899209370539,182.0089788710986,279.2362513045392,28.15536232760898,MBA,2026-06-05,0
10934,Pauldelvaux,17.390,12.71,,2461200.5,.06220841233128347,3.219219395269451,3.518038201633274,102.0938519674429,54.51793308122141,339.0948773319881,OMB,2026-06-05,0
10938,Lorenzalevy,24.392,11.93,,2461200.5,.06850131840260226,3.221750579952372,21.74497036849871,8.571697990505418,291.1403897877861,341.3688589404759,OMB,2026-06-05,0
10946,Guyidong,16.120,13.07,,2461200.5,.2181112032964124,2.853256405332397,15.86053342665881,47.1368863742069,65.62797766437032,289.2444382808736,MBA,2026-03-12,0
10989,Dolios,23.564,11.33,,2461200.5,.08655357274943468,5.181774419958901,10.57517908508944,187.3212389650195,207.9268175135484,149.6644536563197,TJN,2026-06-05,0
11004,Stenmark,23.041,12.03,,2461200.5,.1664517757627865,3.20935598548945,16.78513721448226,351.4294948059216,347.317223765191,192.6489427356337,OMB,2026-06-05,0
11021,Fodera,17.903,12.24,,2461200.5,.1548387672193038,3.161011759286087,19.23624455891905,147.698924203295,287.6485556702211,107.6043845078617,MBA,2026-06-05,0
11029,11029,16.173,12.77,,2461200.5,.1220903987202266,3.096745715392752,5.633487279316822,28.8261312693376,267.1533153286653,263.9935325557504,MBA,2026-06-05,0
11082,Spilliaert,15.375,12.76,,2461200.5,.05393042455386956,3.235788890265513,12.54676656588967,68.2623262075728,161.4899599200731,266.7725921487919,OMB,2026-06-05,0
11089,11089,37.047,10.77,,2461200.5,.0223580743627884,5.166491481534817,6.936242526050783,120.1112360234148,18.4930944880187,252.2208868496801,TJN,2026-06-05,0
11181,11181,15.515,12.53,,2461200.5,.05174938642716254,3.042831002163861,3.962797622417922,295.8494621367019,251.7734042708587,121.668837596534,MBA,2026-06-05,0
11184,Postma,15.335,12.86,,2461200.5,.15767536653386,3.030270316931407,12.70472461931276,166.6958304454265,205.2680286089929,344.476005391561,MBA,2026-06-05,0
11188,11188,15.908,12.46,,2461200.5,.08290648247468077,3.377819863958785,11.49840537328797,183.0272679588943,148.3782463357342,101.1399065435358,OMB,2026-06-05,0
11205,11205,19.791,12.65,,2461200.5,.1700928563761767,3.198041256947134,7.434125667917757,26.24348287014754,50.03476692661801,9.26686437934352,MBA,2026-06-05,0
11221,11221,21.635,12.06,,2461200.5,.111178330770988,3.227423426959707,12.49073249297006,49.24891027986738,267.0733992533676,166.2473648949151,OMB,2026-06-05,0
11232,11232,19.343,12.57,,2461200.5,.06489407910582255,3.198380736595643,11.2810823751906,91.04533641393783,160.1017123869265,245.02435372268,MBA,2026-06-05,0
11251,Icarion,22.012,12.15,,2461200.5,.002017767931076216,5.175630955624911,4.201345765415304,102.0048968389213,93.9280207268323,351.4495751929509,TJN,2026-06-05,0
11252,Laertes,41.093,10.67,,2461200.5,.02988685296747046,5.139119705376427,5.857145926102589,78.31002534251647,329.1064017914957,129.4891726485907,TJN,2026-06-05,0
11275,11275,25.570,11.70,,2461200.5,.09058119236007039,5.196440621234147,25.15433630810937,122.5651505536,218.523679197623,80.44718424937055,TJN,2026-06-05,0
11351,Leucus,34.155,10.87,,2461200.5,.06495789797701287,5.312382832170665,11.54341670108032,251.0799335752079,162.4048390063255,139.1721755085774,TJN,2025-04-11,0
11388,11388,24.602,11.26,,2461200.5,.1218524535366588,3.938898600851714,8.208483671756243,217.2016386855965,279.3180708051683,120.5813862751145,OMB,2026-06-05,0
11394,11394,17.397,12.72,,2461200.5,.1432865292358492,3.13617575270547,12.28837175172308,102.4201715924697,279.0335196045247,16.14942646178965,MBA,2026-06-05,0
11395,Iphinous,68.977,9.92,,2461200.5,.0660895249350809,5.218850798033833,24.1296114719336,213.2319139968909,118.9211819945771,204.4041676106761,TJN,2026-06-05,0
11396,11396,37.109,10.63,,2461200.5,.06338264153008104,5.220083603571264,12.57638670631073,195.6647906425821,178.3012735276304,164.4927893239332,TJN,2026-06-05,0
11397,Eriopis,45.431,10.19,,2461200.5,.06248919301099404,5.27751859163957,20.97073131418214,261.2081464857459,153.582403342449,149.9463345246369,TJN,2026-06-05,0
11409,Horkheimer,15.355,12.97,,2461200.5,.1146514761159443,3.190046311086537,2.298873538000426,115.9015799074733,73.82957815026504,270.2183978552382,MBA,2026-06-05,0
11428,Alcinoos,32.354,11.17,,2461200.5,.01331073898355342,5.331146348630489,17.30228599361847,3.319934644059249,62.54290846043948,107.2961436500972,TJN,2026-06-05,0
11429,Demodokus,37.630,10.49,,2461200.5,.02728708126132108,5.201502223015593,17.12233121152677,6.061033379042588,99.50215417165609,50.85579340820205,TJN,2026-06-05,0
11479,11479,16.906,12.74,,2461200.5,.1750397985143145,3.16859626440039,2.159637414299034,163.6180268502386,120.8131287415399,306.1615758203501,MBA,2026-06-05,0
11487,11487,32.139,11.36,,2461200.5,.04852958934230833,5.151214708139735,3.525822284050873,342.353918220176,8.329756038659077,71.35731000108015,TJN,2026-06-05,0
11488,11488,22.193,11.48,,2461200.5,.03716679666462765,5.194789259209674,3.350624376291845,140.5889976469599,234.5411540400067,55.43740760199393,TJN,2026-06-05,0
11505,11505,16.840,12.62,,2461200.5,.02127752744279747,3.377558434868396,1.957282418692774,336.0821723772103,327.6378710376962,157.934758769819,OMB,2026-06-05,0
11509,Thersilochos,49.960,10.23,,2461200.5,.1434906371080533,5.176336234504859,18.50841031219057,214.6958623674431,129.3678695858281,73.21896756948661,TJN,2026-06-05,0
11513,11513,16.151,12.69,,2461200.5,.06878211963200304,3.170303045990735,5.548559176765788,216.0767219084637,355.2019169679898,40.30306284876209,MBA,2026-06-05,0
11536,11536,20.235,12.52,,2461200.5,.07820171765032476,3.114731246191123,9.047483578341009,353.985579914811,168.1756581583083,112.7259097499777,MBA,2026-06-05,0
11542,Solikamsk,29.686,11.55,,2461200.5,.2429099978564692,3.95478019168029,6.868276473757479,16.48183671824351,48.89393372326212,53.05683757845653,OMB,2026-06-05,0
11552,Boucolion,51.136,10.08,,2461200.5,.153682337112161,5.297391758935761,14.6644434776591,138.2514602773233,183.8573335858493,103.2286609048884,TJN,2026-06-05,0
11554,Asios,41.561,10.50,,2461200.5,.06371049557565749,5.284516511446647,13.69631681364411,128.0516718589945,128.23084342826,165.0225493670271,TJN,2026-06-05,0
11569,Virgilsmith,23.923,12.14,,2461200.5,.1707803412907891,3.098091519685828,18.21843560798785,174.9582608922473,101.0611593840826,352.3787386943324,MBA,2026-06-05,0
11590,11590,15.359,13.17,,2461200.5,.1733506843835714,3.158766369758365,1.968183531903662,111.337808245283,258.88268173518,266.0716762746261,MBA,2026-06-05,0
11607,11607,15.683,13.20,,2461200.5,.1402953146581154,3.194523903128172,14.52206113785696,238.6134524869761,325.7860130891856,1.587840523963755,MBA,2026-06-05,0
11663,11663,31.327,10.98,,2461200.5,.1270653351840168,5.135205704630138,14.47302701892062,226.0073732685539,89.89962774324164,99.83439978180283,TJN,2026-06-05,0
11668,Balios,24.636,11.59,,2461200.5,.1415979496883654,5.15410822547671,4.677676557499475,19.92663236283565,16.0252021113792,135.3977897725598,TJN,2026-06-05,0
11726,Edgerton,15.585,12.66,,2461200.5,.153114921932292,3.077387275232286,8.101628939167744,143.356245162494,127.5594213363812,44.11649635323972,MBA,2026-06-05,0
11729,11729,17.079,12.85,,2461200.5,.128596975128676,3.146580763630434,2.804311039530408,77.73702558296696,166.8271722687147,348.082289598245,MBA,2026-06-05,0
11738,11738,17.722,12.64,,2461200.5,.1612228276204526,3.177712252027307,2.208500686153376,115.8749293707349,168.1992186368718,27.14724894424245,MBA,2026-03-12,0
11739,Baton Rouge,16.739,12.06,,2461200.5,.2459584151283868,3.949404543738485,12.08116917978802,269.3025820103697,114.2601018085403,163.1190109979943,OMB,2026-06-05,0
11750,11750,18.244,12.52,,2461200.5,.05206675238037095,3.971897402148707,2.680011449940331,327.0311776892396,331.1303562089998,135.7124939040857,OMB,2026-06-05,0
11785,Migaic,15.113,12.94,,2461200.5,.0653503751352867,2.781806079633417,7.721511289100497,65.26515635636369,87.38593388071806,148.5274036948935,MBA,2026-06-05,0
11825,11825,17.629,12.38,,2461200.5,.1750158257847308,3.174737780630839,9.956238504359462,197.5465198811312,139.5535930016881,292.0420322075035,MBA,2026-06-05,0
11869,11869,26.794,11.54,,2461200.5,.04181183664411296,5.22228881566268,11.31458849837124,149.6834102414473,159.3569087164042,93.84290113143506,TJN,2026-06-05,0
11875,Rhone,22.222,12.16,,2461200.5,.1528576515851402,3.163127030820222,15.01960005216265,86.55774545259156,97.78227544674942,90.40636654639624,MBA,2026-06-05,0
11887,Echemmon,31.190,10.86,,2461200.5,.092334612671961,5.178460009959426,24.05137021230878,242.6455529037202,112.7769089770372,62.0455896940308,TJN,2026-06-05,0
11909,11909,17.317,12.78,,2461200.5,.1661170115924008,3.140404861642414,17.91577331849153,39.64891134458681,293.0439611899523,304.9809237327026,MBA,2026-06-05,0
11911,Angel,27.233,11.93,,2461200.5,.1554905521895365,3.198638713596461,20.14472578396453,152.2217995595957,220.2545600903174,243.2991562921736,MBA,2026-06-05,0
11951,Marcoschioppa,15.014,13.15,,2461200.5,.1346205619296387,3.98959087095304,4.438619612301514,160.7723058050298,309.3365931188571,17.94406749009737,OMB,2026-06-05,0
12003,Hideosugai,22.751,12.29,,2461200.5,.09094503331611528,3.364424385690346,9.812893574790895,10.30095894423373,74.45438826780453,71.67904719311596,OMB,2026-06-05,0
12005,Delgiudice,19.211,12.74,,2461200.5,.167853834860785,3.160190215971539,10.91621132047109,132.8562616689442,135.591782877142,18.20484240678572,MBA,2026-06-05,0
12006,Hruschka,19.405,12.22,,2461200.5,.08683217280376689,3.964972400709217,10.25274861497691,231.6051088550949,8.452379567724167,334.6674621402073,OMB,2026-06-05,0
12039,12039,15.786,12.82,,2461200.5,.09263945179229341,2.786658126231824,6.712534046390009,348.2104107387913,282.1149661551629,8.20650117591668,MBA,2026-06-05,0
12052,Aretaon,39.151,10.66,,2461200.5,.06729384211095686,5.211954513484726,11.48308670344364,219.7528967886487,87.04362521234415,83.60486456088081,TJN,2026-06-05,0
12054,12054,22.617,11.89,,2461200.5,.06564769750847725,5.170069248956962,10.07573703269226,44.54005594300681,41.75151867126711,115.1269074202858,TJN,2026-06-05,0
12098,12098,15.649,13.02,,2461200.5,.2110418767404596,3.11007815793127,10.27259663501843,96.3986571792997,260.3839781412917,290.9797525460825,MBA,2026-06-05,0
12114,12114,16.076,13.27,,2461200.5,.1588240813373934,3.189147637379781,14.75312602821319,140.0456240995729,276.4997944517604,242.3547733269834,MBA,2026-06-05,0
12115,Robertgrimm,20.254,12.17,,2461200.5,.07797369765373399,3.237051763454819,17.75711375522064,187.148375016641,335.4161669067845,38.8663191316882,OMB,2026-06-05,0
12126,Chersidamas,53.202,10.14,,2461200.5,.2079239430646616,5.212052268466826,2.044545544128045,350.9876060206805,304.7229869499587,107.4616148973146,TJN,2026-06-05,0
12211,Arnoschmidt,16.235,12.91,,2461200.5,.1570379280719875,3.12094247833852,15.22186800080243,35.67336775555358,260.2684619011861,21.33217920166773,MBA,2026-03-12,0
12214,Miroshnikov,22.418,11.92,,2461200.5,.1609201348934901,3.197485790532897,14.40457229704634,254.3779029214719,30.95007037418183,325.0915739680009,MBA,2026-06-05,0
12235,Imranakperov,25.452,12.18,,2461200.5,.1060375785728193,3.203841283419192,14.64159920547776,264.9241842624801,82.48638164261767,341.604692172124,OMB,2026-08-08,0
12238,Actor,30.252,10.92,,2461200.5,.1239147987689871,5.182292638719645,21.08218995323998,227.574767600359,178.6843889072518,135.7031137520979,TJN,2026-06-05,0
12242,Koon,37.861,10.90,,2461200.5,.06800182961872953,5.119813086959936,29.75744947490409,222.6250243562205,96.10415084021488,111.7803786183123,TJN,2026-06-05,0
12253,12253,16.067,12.83,,2461200.5,.1468920453805986,3.177879578600908,6.172777120748353,272.9626222103047,143.3750153234656,240.1190106202289,MBA,2026-06-05,0
12254,12254,18.574,12.94,,2461200.5,.03627778342127298,3.145096027343498,13.61002048480752,73.13586469928006,312.7184066872423,299.7267688344115,MBA,2026-08-08,0
12281,Chaumont,15.985,12.95,,2461200.5,.01566310421960799,2.738551808682219,6.353860658288627,119.0124336176842,134.5403805396296,115.8954299827948,MBA,2026-08-07,0
12316,12316,17.251,12.30,,2461200.5,.1233874997837806,3.091233859583318,7.981679454420246,215.8198195133384,89.95111410777602,22.04234765738111,MBA,2026-08-07,0
12352,Jepejacobsen,16.077,12.00,,2461200.5,.1135467127031097,3.027849862604082,15.93137092928731,116.6834176971065,326.3468210755689,311.2848221920279,MBA,2026-03-12,0
12365,Yoshitoki,27.53,12.95,,2461200.5,.03460898354921384,3.172299419177175,14.82759658958365,100.0363499714888,72.55915750641614,189.8009403885535,MBA,2025-11-27,0
12389,12389,19.936,12.79,,2461200.5,.1647952009819013,3.084797427592874,13.09500883202292,253.5605797795332,300.5482273135237,179.0444779245208,MBA,2026-06-05,0
12395,Richnelson,16.014,12.26,,2461200.5,.05277581376831543,3.23430972698993,21.09857924273889,232.2153546834375,12.85174776934052,50.5653579255306,OMB,2026-06-05,0
12444,Prothoon,63.835,9.93,,2461200.5,.07089065021200981,5.23010276609199,30.85825257546347,213.2198275973222,65.46780607638384,126.6683045721124,TJN,2026-06-05,0
12552,12552,19.161,12.49,,2461200.5,.08903898970812982,3.114119545373848,13.60234982612049,323.6630759484204,196.8718787795449,206.2786612128584,MBA,2026-08-11,0
12559,12559,30.143,11.64,,2461200.5,.03898145740716386,3.200490687255133,13.97336442924846,298.8193546120666,274.6188174247948,65.42793453496408,OMB,2026-06-05,0
12560,12560,16.157,13.20,,2461200.5,.1304557310621142,3.142189958047595,1.737519877484455,139.3003573176161,111.5117586864675,84.97988276376627,MBA,2025-11-06,0
12562,Briangrazer,24.668,12.00,,2461200.5,.1023018245715822,3.156111422489766,12.55353372137137,13.0974632846255,202.9465503937986,126.9408250183662,MBA,2026-03-12,0
12569,12569,16.442,12.78,,2461200.5,.09937507216572122,3.199246310214479,5.002172718422383,137.6696471190509,209.7968989709234,351.1348266183774,MBA,2026-06-05,0
12583,Buckjean,25.76,12.43,,2461200.5,.07020515870249633,2.983037745288152,10.85341123660686,26.60574604060345,18.93468590676576,43.03060118540126,MBA,2026-06-05,0
12649,Ascanios,25.102,11.83,,2461200.5,.1487475031501372,5.176000532984382,6.563102743536027,337.4931668126093,343.8002639343509,104.0212141981001,TJN,2026-06-05,0
12658,Peiraios,26.458,11.30,,2461200.5,.05867982534640635,5.190826352323909,1.776191072839928,111.8742315527403,327.847877372622,124.735541050283,TJN,2026-06-05,0
12662,12662,15.202,12.82,,2461200.5,.04696231268179635,3.183276415149845,20.69774827593479,309.6026806962734,161.078362456304,205.1378871649377,MBA,2025-10-31,0
12690,Kochimiraikagaku,15.287,12.11,,2461200.5,.1178763014851004,3.007914495951062,11.35530481567546,219.2935288917444,297.2038464820357,346.3324580213884,MBA,2026-06-05,0
12714,Alkimos,47.819,10.25,,2461200.5,.03744878035909417,5.247987247896469,9.50002990723301,298.9071284736191,164.4215371662084,83.9219022447369,TJN,2026-06-05,0
12742,Delisle,24.965,12.32,,2461200.5,.2178195488339738,3.120083666836784,9.69633804881615,124.6761796138514,230.7584340099448,26.76608652981204,MBA,2026-08-07,0
12743,12743,15.543,12.28,,2461200.5,.07234000437253381,3.184696852740577,20.38198899320119,295.4782000689508,270.1477180051776,93.27766213836072,MBA,2026-06-05,0
12764,12764,19.469,13.06,,2461200.5,.08451766294821154,3.057082381842046,11.07224890962616,41.08568339766594,289.4125620727598,106.4598909552136,MBA,2026-06-05,0
12882,12882,17.980,12.48,,2461200.5,.124121034970431,3.19677743086734,13.8977712288885,347.241608585707,293.6262148687136,348.4125273854493,MBA,2026-06-05,0
12888,12888,17.142,12.82,,2461200.5,.1395361154929944,3.128754442440664,15.84917100072499,177.0889165071085,353.1941352872865,174.2549092585437,MBA,2026-06-05,0
12916,Eteoneus,22.289,11.41,,2461200.5,.01762521776120268,5.118025614339874,26.44542075123574,219.2761122179601,223.3943545550676,79.10270978939252,TJN,2026-06-05,0
12917,12917,24.505,11.48,,2461200.5,.08933055576243462,5.151522589786743,11.86514511840936,204.1518870871413,231.0417417881608,88.33905255505134,TJN,2026-06-05,0
12921,12921,32.174,11.08,,2461200.5,.09284119206780993,5.240407735383458,12.80216340188159,160.1659308100911,274.8538801755406,98.73424228782531,TJN,2026-06-05,0
12922,12922,15.989,13.19,,2461200.5,.04829643951155185,3.186371126880385,7.869029924626247,96.2184760915153,269.3133048119923,352.0965940898714,MBA,2026-08-11,0
12929,Periboea,54.077,10.07,,2461200.5,.04094015627914734,5.254562499545703,43.40996932527218,200.2136532876523,132.2466475342319,98.28249120070429,TJN,2026-06-05,0
12949,Milogrootjen,18.001,12.71,,2461200.5,.1543029683238641,3.341206839118101,12.26042891249502,22.2965775002027,234.21068149,279.4651507450261,OMB,2026-06-05,0
12972,Eumaios,22.991,11.76,,2461200.5,.1508392428129905,5.153094515638034,8.437694404722965,40.51641062215769,340.4698988174448,161.5128359150874,TJN,2026-06-05,0
12974,Halitherses,24.746,11.43,,2461200.5,.05101312171471464,5.190675900464413,7.604294455995812,15.16501083588843,4.951001986313382,161.383339653455,TJN,2026-06-05,0
12983,Mattcox,15.635,13.00,,2461200.5,.06542325320801483,3.184961808124361,12.3067222072232,137.0208184453515,105.4804396763888,137.8221071634246,MBA,2026-08-08,0
13010,Germantitov,18.375,12.45,,2461200.5,.1066597661834895,3.122754081401518,13.66736430137304,325.5649796615725,119.4208804147359,339.5510501170895,MBA,2026-06-05,0
13023,13023,16.030,12.99,,2461200.5,.3003726542850571,3.055511741687527,17.92325069265528,41.08152348399798,9.987417308967087,19.99201145950596,MBA,2026-06-05,0
13035,13035,27.435,11.92,,2461200.5,.1593624230370942,3.980672412476571,3.631603689952394,58.12918190686715,211.008285781319,327.0448743095785,OMB,2026-06-05,0
13060,13060,36.148,10.78,,2461200.5,.1223625518220001,5.148172900509042,22.94905864773524,280.4343061585495,97.58316286642142,152.0843829384861,TJN,2026-06-05,0
13062,Podarkes,28.958,11.17,,2461200.5,.0102403537432076,5.191921017275199,8.221252431950196,91.01106025406729,294.9178104744366,184.050732710382,TJN,2026-06-05,0
13176,Kobedaitenken,19.828,12.25,,2461200.5,.1442114877712762,3.188615375346917,18.68658783937289,56.65342022378865,131.6097887540591,117.6947504169361,MBA,2026-06-05,0
13182,13182,30.901,10.80,,2461200.5,.112071909848191,5.212147947456141,5.083247140206183,302.9161600182946,66.47203078342767,157.5762735657181,TJN,2026-06-05,0
13183,13183,41.483,10.79,,2461200.5,.08877453698490669,5.230898378035072,17.94252291468305,8.062809683647911,315.2977902468575,221.5948268894714,TJN,2026-06-05,0
13184,Augeias,33.962,11.13,,2461200.5,.04732960196113471,5.189601990159054,4.507341009383658,227.4464013401792,98.87081668672985,229.714299764173,TJN,2026-06-05,0
13219,Cailletet,16.073,12.79,,2461200.5,.09456221079915179,3.205072856393284,21.63842032426705,301.5776808817619,90.68583198950053,305.1389050148949,OMB,2025-10-31,0
13224,Takamatsuda,18.662,12.97,,2461200.5,.01610014426556679,3.160312274169252,6.559392532314731,322.8274597216985,153.3368280389951,260.5835480933712,MBA,2026-08-11,0
13229,Echion,27.554,11.79,,2461200.5,.07636553596300434,5.271114809554295,3.835366847832382,343.0267577039435,166.7197285510324,41.87987272172465,TJN,2026-06-05,0
13230,13230,23.927,11.38,,2461200.5,.06292670280227042,5.09481587763657,4.32132077313504,53.84401226418293,38.97956843351817,109.6464622293324,TJN,2026-06-05,0
13244,Dannymeyer,31.63,11.82,,2461200.5,.01168444286203941,3.162937478102946,19.54323516359565,284.7645986992482,322.6030459634662,98.45486705913844,MBA,2026-08-11,0
13249,Marcallen,20.818,12.21,,2461200.5,.1669962746476807,2.674416498870733,14.06068397532322,284.1899039674426,135.5235158562116,42.87172294665654,MBA,2026-06-05,0
13295,13295,17.859,12.50,,2461200.5,.09862980443611617,3.140621902124726,13.68099118499963,58.12590172535544,122.865416891727,239.4523824202208,MBA,2026-06-05,0
13297,13297,22.936,12.77,,2461200.5,.05046491680801215,3.217863191896275,10.4466239115541,357.6705570786457,35.90948031536116,270.8790481942833,OMB,2026-03-12,0
13323,13323,23.198,11.14,,2461200.5,.08925750312517562,5.069356126265907,.9212140584247924,182.5707930793166,257.0027595881029,91.82764727096009,TJN,2026-06-05,0
13331,13331,17.676,11.49,,2461200.5,.1093824325220712,5.08052972885785,2.295172990952933,284.7677729170692,150.5529895602068,110.95607431372,TJN,2026-06-05,0
13353,13353,23.551,11.52,,2461200.5,.1345089625652168,5.175978527658197,15.42778782868728,41.93365400825573,76.16558689062742,66.8182649471261,TJN,2026-06-05,0
13356,13356,17.205,13.27,,2461200.5,.03696875542988779,3.20678548680434,7.628968897613491,175.7181662611048,334.4723459449738,184.8745911148985,OMB,2026-03-12,0
13362,13362,28.324,11.09,,2461200.5,.02903124507050527,5.166324266355517,9.3427642451061,57.86147394543053,122.951776946396,349.678999354256,TJN,2026-06-05,0
13366,13366,33.302,11.33,,2461200.5,.1041562766380445,5.217133144376098,6.638475292335597,96.26476474153753,357.0090892845482,80.00563166756622,TJN,2026-06-05,0
13367,Jiri,15.415,13.15,,2461200.5,.06957610129883493,3.200645773640133,16.1598404908268,63.23875271686687,261.9675225932078,14.67074817956248,OMB,2025-11-06,0
13372,13372,25.420,11.36,,2461200.5,.04728939147538784,5.247053880113222,7.300486043991415,96.6875773305496,306.055051537386,138.729742108286,TJN,2026-06-05,0
13379,13379,21.300,11.62,,2461200.5,.06567335743251601,5.16816451796516,4.913005289205849,89.55688484209685,338.1483207364601,120.9108117120919,TJN,2026-06-05,0
13381,13381,15.728,12.58,,2461200.5,.2119251397455219,3.985618224355028,4.204613182990869,233.6241009487004,80.96708204839911,247.6687727309325,OMB,2026-06-05,0
13383,13383,24.267,11.39,,2461200.5,.06506072968247832,5.174409116762145,6.391180247525864,252.2108651740629,162.9201255204594,141.9343411885113,TJN,2026-06-05,0
13385,13385,36.053,10.99,,2461200.5,.04463993577401498,5.237556303734088,13.96012369984593,157.1359024854094,166.8468969187507,215.3706673639109,TJN,2026-06-05,0
13387,Irus,18.989,12.23,,2461200.5,.09522646045741151,5.203653623704827,7.246259032466681,355.9126615412254,20.92521606387157,154.0483468668142,TJN,2026-06-05,0
13402,13402,22.511,11.69,,2461200.5,.1208797290754212,5.273159672194563,7.526014175016178,160.7932793126358,128.4930525494404,131.2140953679526,TJN,2026-06-05,0
13436,Enid,15.740,12.65,,2461200.5,.1191852636299744,3.208453284086569,.9045807318379012,184.0530997740738,307.3477935803047,161.634235325686,OMB,2026-06-05,0
13463,Antiphos,25.326,11.30,,2461200.5,.007567238614835449,5.201579264221482,10.51620646316812,323.57901028,100.0896329294618,128.4631075902213,TJN,2026-06-05,0
13475,Orestes,22.073,11.65,,2461200.5,.074657091786285,5.176385210224058,7.941385183828095,353.4112728538107,124.210795863098,61.40460252546202,TJN,2026-06-05,0
13561,Kudogou,20.216,12.66,,2461200.5,.1568911499695692,3.178850439665781,17.00624079611682,1.526333467365083,344.9652082388546,5.85387667362455,MBA,2025-11-20,0
13650,Perimedes,21.640,11.90,,2461200.5,.09901248381154394,5.240446035316021,10.69805795985192,206.8223751997404,245.0636976611615,107.7028674954387,TJN,2026-06-05,0
13684,Borbona,16.575,12.76,,2461200.5,.09688286942228941,3.174427599457326,16.87573037184022,297.5777456453039,181.9401354628981,238.6553149940854,MBA,2026-08-11,0
13694,13694,29.285,10.99,,2461200.5,.0701729625066651,5.282673289954859,5.636811354149819,249.7450602303585,166.3575506668539,151.2202594321601,TJN,2026-06-05,0
13782,13782,24.971,11.57,,2461200.5,.1332639875600344,5.194713031710516,28.5690123353157,150.1529622193726,233.4086871499296,160.8802134625706,TJN,2026-06-05,0
13790,13790,19.437,11.86,,2461200.5,.1129886256917138,5.269690323705379,7.969600461461876,67.23681823669435,56.02983278796075,55.04299722527667,TJN,2026-06-05,0
13808,Davewilliams,22.569,12.08,,2461200.5,.08921726241898972,3.193392265615458,14.67077415838405,289.6431185572973,102.5868458160909,359.282670440314,MBA,2026-06-05,0
13809,13809,15.136,13.10,,2461200.5,.05423693163591037,3.085434236165164,7.261845593017247,2.852899969150905,211.0784649578447,268.5187558900913,MBA,2026-06-05,0
13815,Furuya,16.210,12.49,,2461200.5,.1854520270702552,3.215562885838888,12.56567775299422,227.8563034906782,117.7983503999906,13.60638150695436,OMB,2026-03-12,0
13817,Genobechetti,18.492,12.39,,2461200.5,.03834757223409951,3.225581741906691,16.57295970175019,175.179338995627,17.29018066889671,59.99104795260868,OMB,2026-06-05,0
13832,13832,37.543,10.77,,2461200.5,.1020693330393956,3.379204117192772,16.33208790069504,84.86257903335537,131.8155373892396,308.6274354602386,OMB,2026-06-05,0
13851,13851,23.003,12.54,,2461200.5,.1815342014751494,3.159488421665813,10.94265797339604,96.64128468585986,244.7034097286034,14.68716360237023,MBA,2026-06-05,0
13859,Fredtreasure,15.041,12.38,,2461200.5,.2087856977126,2.795972880685322,13.21591849965441,298.6395700387761,252.5825748960732,194.9862818438921,MBA,2026-06-05,0
13860,Neely,26.385,12.32,,2461200.5,.1974066133031052,3.116056232923372,17.09279809919483,121.0975173725524,186.4146815469522,42.29718240382445,MBA,2026-06-05,0
13862,Elais,24.835,11.73,,2461200.5,.08363207463283846,5.25645036969284,8.404687837296956,132.1158890837066,279.8304353120657,111.2719808199499,TJN,2026-06-05,0
13897,Vesuvius,15.379,12.56,,2461200.5,.1345085760555655,3.992649699062086,9.24151074655455,168.3943254295398,142.334304295031,289.4396548183856,OMB,2026-06-05,0
13936,13936,19.697,12.23,,2461200.5,.005078409232297638,3.202989129775044,22.65672814375786,82.38677866582849,319.5639378596662,338.6970103484127,OMB,2026-03-12,0
13945,13945,16.653,12.87,,2461200.5,.1761014993481421,3.174344973730172,4.75783780067767,349.1420956569697,278.4910730413171,162.0382779127687,MBA,2026-06-05,0
13968,13968,18.386,12.19,,2461200.5,.1516201814908833,3.184228794833533,17.54167569083546,7.775964522107705,277.8952454844573,105.730981465029,MBA,2026-08-07,0
14039,14039,18.768,12.42,,2461200.5,.08792515346623464,3.202700718549845,16.11024222883209,224.3195135294668,12.4116774102048,159.4303631889677,OMB,2026-06-05,0
14195,14195,21.065,11.97,,2461200.5,.1306882106120556,3.977898938026516,7.738943925535628,318.1743253691061,192.6317662957563,133.7164040986891,OMB,2026-06-05,0
14208,14208,18.52,13.11,,2461200.5,.1639585866419592,2.590049931226325,12.81035962987657,198.0608688813992,134.608106341169,3.195464191513339,MBA,2026-03-12,0
14220,Alexgibbs,21.031,12.61,,2461200.5,.1640220124731948,2.667055065497393,10.8695060700036,305.1456207484101,325.8078115881026,141.5097383267266,MBA,2026-06-05,0
14227,14227,17.639,12.60,,2461200.5,.1202261004618577,3.104103954852956,2.252869385057769,132.8955920020865,84.6784896905219,200.5992895388295,MBA,2026-06-05,0
14235,14235,28.530,11.39,,2461200.5,.08542125312708877,5.154441589116684,8.663805736385619,41.39886889310998,26.91010193027639,131.4377707880076,TJN,2026-06-05,0
14241,14241,15.042,12.97,,2461200.5,.1884285194245988,3.125067280643868,2.391134200866837,113.1472397211008,117.362359735962,195.1518259154363,MBA,2026-06-05,0
14268,14268,57.54,10.55,,2461200.5,.08821223210299016,5.191470828812529,15.01510032782972,284.4090523742138,127.8171838317587,106.7811217407248,TJN,2026-06-05,0
14274,Landstreet,20.659,12.57,,2461200.5,.1272612466310212,3.184582636180539,16.66488920486999,313.3398015197226,24.55320964917045,20.65390652053338,MBA,2026-03-12,0
14316,Higashichichibu,17.641,12.64,,2461200.5,.08745627184136849,3.197975074345824,15.26640684941676,356.2991758060649,142.5596255188931,240.8355392915282,MBA,2025-11-20,0
14360,Ipatov,16.595,13.35,,2461200.5,.1591551621609416,3.185397869750145,18.19068362664631,181.8227182383215,148.4218120150623,97.17114048625371,MBA,2026-06-05,0
14380,Bussey,17.541,13.46,,2461200.5,.243181795586298,2.637739825941826,28.46336203967302,37.38225794916075,255.2887654804957,263.8718200272673,MBA,2026-06-05,0
14394,14394,21.248,12.26,,2461200.5,.06821006467345245,3.224811496591268,15.64092634765704,192.9108512637315,64.66762962697661,145.1659146883214,OMB,2026-06-05,0
14409,14409,19.785,12.18,,2461200.5,.21267222261642,3.201341298485503,27.86147380254389,36.49907792624165,257.9018794409438,69.6973375484101,OMB,2026-06-05,0
14518,14518,17.245,12.17,,2461200.5,.1445610329028039,5.261609479467081,6.481954011772276,179.0084982213305,255.0838072200175,97.44443664586527,TJN,2026-06-05,0
14535,Kazuyukihanda,17.925,13.50,,2461200.5,.2027131283309963,3.213725037272077,23.55626037508312,169.9557774096658,300.3130915862586,248.4045804316196,OMB,2026-06-05,0
14569,14569,18.173,12.51,,2461200.5,.2824852039090642,3.986500255535721,10.86651775674296,345.8912327726024,36.72509737575924,153.3063096896817,OMB,2026-06-05,0
14612,Irtish,16.447,12.89,,2461200.5,.0977110423637723,3.152772262581264,7.317706809334998,140.9323714699954,76.19379468559954,153.9750680723194,MBA,2026-08-11,0
14631,Benbryan,17.461,12.17,,2461200.5,.07641463267163309,3.153905993891724,15.26994473899178,91.22612762742349,162.555385674312,213.1302944841985,MBA,2026-06-05,0
14669,Beletic,16.109,11.53,,2461200.5,.1289081971011605,3.99322949107311,5.762728317903873,195.4982255630873,248.552572761504,207.7831420547824,OMB,2026-08-11,0
14690,14690,43.169,10.61,,2461200.5,.03049431247007299,5.21859589006382,4.445169522365337,1.489590007885616,8.201524768107053,175.1227729653076,TJN,2026-06-05,0
14699,Klarasmi,16.195,13.37,,2461200.5,.2533802128122957,2.797380727847127,6.106865378859543,291.2342858560552,107.4681409134162,311.6110307861832,MBA,2026-08-11,0
14705,14705,15.097,12.98,,2461200.5,.1713333866633986,2.773213110182764,13.02082975294008,5.055440210968569,318.84815535,86.53685010471837,MBA,2026-06-05,0
14707,14707,25.942,11.39,,2461200.5,.04265721709048374,5.256137931680511,13.64223950117862,156.0453887896075,289.4852337828536,122.5022750344119,TJN,2026-06-05,0
14717,14717,19.663,12.67,,2461200.5,.1486119188411799,3.164282199462944,8.46294367286089,133.0245879559424,75.80735036956081,195.1108896226357,MBA,2026-06-05,0
14726,14726,19.453,12.79,,2461200.5,.02942861788310087,3.091051325531743,8.656598521497447,112.6671002831678,330.4321084813324,31.24438681957976,MBA,2026-06-05,0
14789,GAISH,15.256,13.00,,2461200.5,.09604901593444119,3.127899088856354,5.814457857500344,199.9317736394153,163.8196198811252,115.2300091037213,MBA,2026-06-05,0
14791,Atreus,22.330,11.94,,2461200.5,.1605001334464786,5.160086605714787,2.934706438212484,194.7643827541833,186.6434893594778,166.5025953372876,TJN,2026-06-05,0
14792,Thyestes,19.176,12.23,,2461200.5,.08304174356837377,5.192097484050469,11.35748618049207,154.7717823957761,246.6129937601017,151.5491810503104,TJN,2026-06-05,0
14822,14822,16.786,13.06,,2461200.5,.1031572934378944,3.242494143238492,5.429063528022994,17.10188845188851,352.6563687123198,30.9163471192314,OMB,2026-06-05,0
14962,Masanoriabe,25.708,12.32,,2461200.5,.02213300750083335,3.197037675975148,21.25108879413973,207.5612751523806,335.5856746472971,269.9518417541997,MBA,2026-06-05,0
14991,14991,15.181,13.38,,2461200.5,.02892718032108272,2.881074257393519,8.113290525546496,201.0991011466046,138.3216000153023,12.52355188440287,MBA,2025-11-06,0
14995,Archytas,16.045,13.10,,2461200.5,.09703618203949566,3.067501791678768,3.246299680030411,224.1631253818364,154.3972801890326,148.8642674662561,MBA,2026-06-05,0
15033,15033,33.292,10.68,,2461200.5,.2030759567695106,5.186256643945986,12.01965136606847,258.3877985273467,165.712838596531,119.192246742299,TJN,2026-06-05,0
15056,Barbaradixon,15.379,13.25,,2461200.5,.09241660237132387,2.999276574535699,1.836263757840208,299.284280591324,62.1066703565098,206.5258921295313,MBA,2026-06-05,0
15066,15066,21.533,12.58,,2461200.5,.04412244226458784,3.163942783119327,9.068877181103439,359.7160439439012,228.8968704311361,215.6475789849581,MBA,2026-06-05,0
15082,15082,18.076,12.51,,2461200.5,.009835473939688963,3.154066490284329,9.063228724768864,339.2175975688671,117.4222881952029,2.149447843289749,MBA,2026-06-05,0
15094,Polymele,21.075,11.77,0.22,2461200.5,.09592245810512318,5.191514133435046,12.97735158439746,50.33105662992578,5.86529887136951,143.4220008064438,TJN,2024-09-12,0
15102,15102,22.587,11.97,,2461200.5,.03586100276273477,3.235160987075761,20.82067679133835,301.45968648,110.7631592951556,282.6127774670057,OMB,2026-06-05,0
15104,15104,15.599,12.85,,2461200.5,.04885095191869935,2.782645428342342,9.797448361010984,113.7326661907644,288.1958088596023,340.5358108859701,MBA,2026-08-11,0
15127,15127,19.323,12.27,,2461200.5,.2769374979786256,2.997555778423309,20.48952654800386,1.287779637645925,5.896175525315156,192.066073616619,MBA,2026-06-05,0
15136,15136,22.077,12.73,,2461200.5,.04967372936896415,3.230244106546813,15.93415536605317,128.8046294236413,44.5046227617311,188.2258503667873,OMB,2026-08-11,0
15147,Siegfried,18.102,12.92,,2461200.5,.00576000058273976,3.246339355752423,8.937826976111779,57.88768345241815,320.9338268207539,343.5351853184303,OMB,2026-03-12,0
15153,15153,20.225,12.85,,2461200.5,.1512484543289132,3.107254739720133,10.43813262577641,147.3160495912282,229.1621709843637,84.42853638396471,MBA,2026-06-05,0
15161,15161,35.539,11.75,,2461200.5,.2009710467238771,3.215399246458736,18.22348620488703,230.5838011143061,100.0999180714372,85.66595752372731,OMB,2026-06-05,0
15200,15200,19.975,12.85,,2461200.5,.09801575650416067,3.138315245123526,12.90580629527581,187.895267367132,338.7958049094674,245.5693655840641,MBA,2026-06-05,0
15213,15213,15.676,13.24,,2461200.5,.03466423448111406,3.141550626754523,21.56478680582887,220.0740605214781,116.2008490182505,123.5769294975793,MBA,2026-06-05,0
15222,15222,15.233,12.71,,2461200.5,.1509725047965991,3.150996635664773,1.400692876080531,25.14922735838878,88.53962151045747,7.505904670691707,MBA,2026-06-05,0
15231,Ehdita,23.457,12.08,,2461200.5,.2926780461858519,3.940937033433358,6.815302489786367,158.2355306063057,216.035227359364,331.0404495079068,OMB,2026-06-05,0
15249,Capodimonte,21.370,12.25,,2461200.5,.1263943185486821,3.151044786330838,16.79314966801112,58.97790680874076,168.4485654887876,54.4120243782079,MBA,2026-06-05,0
15256,15256,15.408,12.84,,2461200.5,.08700121314045729,3.165819286766629,9.604331861904148,169.2867642277159,248.2390422002768,63.53958465667674,MBA,2026-06-05,0
15278,Paquet,25.417,11.62,,2461200.5,.220378057607601,3.990576054523943,9.317028251175236,344.3820167427661,63.79212881986606,69.80553771143896,OMB,2026-06-05,0
15376,Martak,18.026,12.64,,2461200.5,.3091492244515217,3.938358275887447,2.89893984971369,256.2805717622293,101.9191530003107,357.4364825521786,OMB,2025-11-06,0
15398,15398,35.516,10.90,,2461200.5,.02714787675983858,5.136981732218686,28.45714094780948,189.6049569396499,317.5975698144404,37.30752869726575,TJN,2026-06-05,0
15410,15410,22.904,12.48,,2461200.5,.09554414095877323,3.11498589760207,17.13921608794011,236.9425640133881,295.8639618532261,314.6719966721188,MBA,2026-06-05,0
15428,15428,16.269,13.36,,2461200.5,.005938261731015802,3.171505893361227,9.134260103369376,34.29868952847299,261.6088827837937,46.50487170200802,MBA,2025-10-31,0
15436,Dexius,87.646,9.11,,2461200.5,.04431032134876084,5.212837713213117,16.26022286634123,253.4272848806569,181.0351755483447,102.9672160764376,TJN,2026-06-05,0
15440,Eioneus,62.519,9.59,,2461200.5,.02131314919867498,5.284190750086786,28.76695203895681,120.5532277841099,282.8741769935331,121.0514365823228,TJN,2026-06-05,0
15454,15454,15.826,13.04,,2461200.5,.2099557937031059,2.86674467107548,14.20731100553895,290.0393684853915,294.4630464679384,138.7617596726854,MBA,2026-06-05,0
15457,15457,18.903,12.70,,2461200.5,.07647943671586588,3.209857744760765,22.96127084824317,125.173557818251,33.49621005450479,251.5218895209407,OMB,2026-06-05,0
15488,15488,18.373,12.60,,2461200.5,.03560162685123356,3.166831941388393,21.95868854570562,176.2005555197285,274.0645039759538,359.9353968425353,MBA,2026-06-05,0
15489,15489,15.116,13.09,,2461200.5,.2112225380333077,3.176705918305019,7.811033380496704,189.0100581523873,207.7135505054941,23.41194012654557,MBA,2026-06-05,0
15502,Hypeirochus,53.100,10.08,,2461200.5,.01624414370881848,5.114329060046895,16.82814071472913,308.7234408316446,180.3758672057486,283.069905889992,TJN,2026-06-05,0
15505,15505,24.788,11.77,,2461200.5,.1128396038051391,3.967418490263202,7.963220829086613,1.351003484296901,214.9994791549974,246.7468810261329,OMB,2026-06-05,0
15514,15514,24.69,11.89,,2461200.5,.07989451536968774,3.152164727836674,19.59282741485691,258.2032715237652,263.3199128640621,186.7392579310416,MBA,2026-03-12,0
15519,15519,16.342,12.67,,2461200.5,.1049523575627122,3.219744657577515,12.99524407611703,80.43328557029935,325.6235487154048,248.4557947034892,OMB,2026-06-05,0
15521,15521,27.941,11.29,,2461200.5,.0710533207703473,5.246989266400798,10.67767664420853,10.40120462413679,171.0735222526921,3.244038067042919,TJN,2026-06-05,0
15527,15527,36.433,10.95,,2461200.5,.1528655121375766,5.219078837000283,21.25916271126807,173.7707414794786,168.8722476415181,193.0577673258282,TJN,2026-06-05,0
15529,15529,16.432,11.51,,2461200.5,.0261807882607918,5.263116975583026,5.084921565709588,169.5234744228725,85.15056837517898,283.1173961621871,TJN,2026-06-05,0
15532,15532,19.248,12.71,,2461200.5,.02405387774972111,3.136832384676002,11.63787843479702,297.0304740441587,346.2915872851148,116.7060397271257,MBA,2026-06-05,0
15535,15535,39.767,10.64,,2461200.5,.08582825563110257,5.192617384466559,13.1695201507499,155.1020053484315,303.401796072015,92.17504341953207,TJN,2026-06-05,0
15536,15536,28.974,11.35,,2461200.5,.1445173463816079,5.215681294828457,14.65210988244046,192.6784037559034,259.7384375851231,93.85595169036509,TJN,2026-06-05,0
15539,15539,42.208,10.50,,2461200.5,.03786873192578171,5.21402218190366,28.03965184897418,108.5767383014371,334.4964814433067,64.39817970797358,TJN,2026-06-05,0
15540,15540,19.528,12.25,,2461200.5,.1102784434438328,3.987162730090061,16.96206169002178,142.4435858543465,78.07294581104341,38.69231709214674,OMB,2026-06-05,0
15545,15545,15.559,13.25,,2461200.5,.1767396850602889,3.978217750275353,2.174007950776612,348.1929606727546,121.3978353425095,169.3684137863346,OMB,2025-11-06,0
15562,15562,29.594,12.36,,2461200.5,.1935605493282717,3.153012054240335,11.56842527343336,23.9657775541272,217.5426583992752,222.4229746603567,MBA,2026-06-05,0
15615,15615,22.296,12.48,,2461200.5,.2407172680725275,3.967821807981638,2.999219790392521,180.1471521182846,152.7465297085532,30.28781845760028,OMB,2026-08-20,0
15626,15626,18.600,12.53,,2461200.5,.1137986853534691,3.953892684307468,1.802384688915014,137.9244778453313,288.7589873273333,274.7421821026727,OMB,2026-09-01,0
15637,15637,17.582,12.75,,2461200.5,.07907162683266709,3.171401979088411,15.37621957117646,238.1240274298828,327.0098692286658,217.6506131476517,MBA,2026-06-05,0
15638,15638,32.265,11.49,,2461200.5,.1841119990981576,3.989831017661035,9.410599895315904,118.5757783369796,224.8543928084138,11.39434691162831,OMB,2026-08-20,0
15651,Tlepolemos,24.341,11.47,,2461200.5,.0418043213777677,5.317792571943651,2.958360238427936,45.34687195425216,32.43127180742782,116.5815868620338,TJN,2026-06-05,0
15652,15652,15.841,12.79,,2461200.5,.08194529106890999,3.231775151559608,22.36426141733901,192.4773667421227,268.0618287907519,253.084113215119,OMB,2026-06-05,0
15663,Periphas,36.200,10.88,,2461200.5,.1046303999699952,5.210042585448086,33.85835125480622,12.10643504043927,25.05492200483242,150.3368940993325,TJN,2026-06-05,0
15671,Suzannedebarbat,16.854,12.40,,2461200.5,.1032736577634721,3.968936664081858,7.204343906100209,185.0434147231526,17.35453597804,85.24976637810006,OMB,2026-08-08,0
15712,15712,16.99,13.07,,2461200.5,.2119015593932614,3.180802397196166,11.27073735021477,348.0878473022703,322.3937591934126,197.4959318453194,MBA,2026-06-05,0
15732,Vitusbering,15.322,12.68,,2461200.5,.06215257993950678,3.167093011091281,10.45215454701273,122.2090653934959,195.6826752938511,206.9417516798914,MBA,2026-06-05,0
15752,Eluard,15.420,13.19,,2461200.5,.238307876473452,3.14922070424598,10.87451410218411,144.8698362470159,238.1776322747933,107.9548430283956,MBA,2026-06-05,0
15789,15789,328,7.09,,2461200.5,.1835286651099575,39.68327981437692,5.159874843339515,354.7265728778696,318.200319852755,79.34412839501447,TNO,2021-04-13,2
15811,Nusslein-Volhard,15.520,12.96,,2461200.5,.1660166997827137,3.216274862123599,9.540927710116387,224.8553864903301,78.38268973016737,186.2765994073866,OMB,2026-06-05,0
15848,15848,18.044,12.44,,2461200.5,.2987961224832283,3.145875941732236,25.97515362959417,131.9884011922383,281.147021500941,170.0323398910623,MBA,2026-06-05,0
15913,Telemachus,16.669,12.05,,2461200.5,.05950627147986399,5.191445597820154,7.249962338446973,49.02932691205781,11.42023832011771,114.1785887990398,TJN,2026-06-05,0
15951,15951,16.329,12.23,,2461200.5,.1287551874783053,3.126672686416362,17.78538694448512,101.7043024300958,164.4095804543637,269.2699581593735,MBA,2026-06-05,0
15974,15974,15.510,13.18,,2461200.5,.1315173809328413,3.050389847493245,8.136754882457895,332.7773392871139,87.16850887611787,221.7681218008163,MBA,2026-06-05,0
15977,Pyraechmes,43.530,10.49,,2461200.5,.048474590634558,5.163897388198547,17.36632254981934,209.5565384344705,229.5374957748379,323.7480641298026,TJN,2026-06-05,0
16015,Snell,15.65,13.90,,2461200.5,.1297995514141535,3.154532931200887,1.937876403121363,73.64861805987647,189.063312307289,234.9087130559855,MBA,2026-06-05,0
16018,16018,20.892,12.69,,2461200.5,.03545145092196458,2.542145353140385,12.39012911557038,277.7710552846026,74.71373054681922,56.68610456911739,MBA,2026-06-05,0
16029,16029,20.707,12.27,,2461200.5,.1648704895424834,3.145539106652681,15.13481652148333,175.3920966432431,345.5681563859217,9.502445376187284,MBA,2026-06-05,0
16035,Sasandford,21.532,12.96,,2461200.5,.09012290254812223,2.786720328400691,9.554372734716821,128.4639257308772,166.7432434819816,222.1105859145182,MBA,2026-06-05,0
16054,16054,15.467,13.00,,2461200.5,.1460544492277782,3.150216720900262,9.395435660404726,107.7144465062773,246.6375746772748,192.2114227073741,MBA,2026-06-05,0
16070,Charops,63.191,9.79,,2461200.5,.1247706548840951,5.160450406161313,16.22790520307452,300.7564850189756,355.5417055582106,132.4788402303166,TJN,2026-06-05,0
16099,16099,36.774,10.79,,2461200.5,.08144046763962999,5.193187936366132,13.44876405628144,96.37539897954363,278.5930218639859,163.7955936880497,TJN,2026-06-05,0
16133,16133,25.982,12.75,,2461200.5,.01865266391731707,3.10111988618614,8.676965778867393,90.26076431138966,173.1600327503009,131.5384308892454,MBA,2026-06-05,0
16152,16152,16.177,12.02,,2461200.5,.09574515993700181,5.145279664635276,3.454214215951087,64.16510270070103,349.1592252388068,137.0694380329901,TJN,2026-06-05,0
16156,16156,16.880,12.55,,2461200.5,.1720313932211532,3.158292592987862,12.22275019866289,287.8345520600373,328.3717529219921,110.0284011295382,MBA,2026-08-11,0
16159,16159,15.076,13.24,,2461200.5,.06799961561153721,3.136485032871425,12.02126581182428,311.3312212108518,196.0504788484858,253.0449965186114,MBA,2026-08-11,0
16194,Roderick,19.461,12.83,,2461200.5,.1111648450301355,3.160931618716817,13.02477573072935,163.7481254459227,36.17632129646004,181.8880539063636,MBA,2026-08-11,0
16213,16213,20.131,13.10,,2461200.5,.07773806745835159,3.238265533385884,15.86816916288523,336.7905966479805,58.60130219618911,294.8944854520352,OMB,2025-10-30,0
16216,16216,15.275,13.29,,2461200.5,.09673072082408539,2.672458720067818,9.379177511278792,5.562539572724247,239.8484762514451,280.3174925942611,MBA,2026-06-05,0
16232,Chijagerbs,15.291,12.82,,2461200.5,.1140114633455123,3.957116019191153,7.924539710656591,251.1876840563172,254.1705639771252,143.3150261346478,OMB,2026-08-11,0
16257,16257,18.468,12.59,,2461200.5,.1109450556573073,2.778455327164686,19.96520808160809,129.3516979964429,130.7730914586786,218.519102447182,MBA,2026-06-05,0
16272,16272,16.063,12.62,,2461200.5,.2027393316433386,3.108753144469833,17.22196394103454,69.61617742576126,3.394086615933003,64.2824416817801,MBA,2026-06-05,0
16368,Citta di Alba,17.203,12.93,,2461200.5,.1032183634705808,3.159586653543886,12.88189697037973,331.212801733597,145.3397629916468,55.44390204946207,MBA,2026-06-05,0
16428,16428,22.468,11.71,,2461200.5,.06894253668829124,5.204467268787355,3.977679277314166,339.9991866969475,345.513977457251,77.30500905550497,TJN,2026-06-05,0
16433,16433,15.816,12.68,,2461200.5,.09392216847901504,3.15792992407305,14.22797339990515,222.6511994619693,80.86431775869028,337.7199785144971,MBA,2026-06-05,0
16445,Klimt,19.503,13.09,,2461200.5,.2013243590858949,3.178924610014339,12.16411478703253,185.8723104415484,308.7609000714518,227.5357544898957,MBA,2026-06-05,0
16449,Kigoyama,16.186,12.77,,2461200.5,.1726438031833358,3.177802653291196,4.889150159161132,253.8928301171995,149.3850821869578,152.2411946682249,MBA,2026-06-05,0
16454,16454,15.725,13.37,,2461200.5,.1745790415304021,3.113374656946096,6.300369365323983,125.2250096352004,232.2727502222214,259.1172457067761,MBA,2026-06-05,0
16461,16461,27.713,12.02,,2461200.5,.09867627603256283,3.188999651120558,15.65677212039147,304.627669465146,82.91477939657254,235.8021999541937,MBA,2026-06-05,0
16467,16467,21.886,12.46,,2461200.5,.0438418322701986,3.142615044838387,15.72707072446154,158.0841426742049,85.76992261399293,101.9363698718014,MBA,2025-11-20,0
16489,16489,15.540,13.26,,2461200.5,.1088205340447699,3.18804443458495,20.30701745426268,69.95500244021692,304.7353458673119,84.19238169270878,MBA,2026-06-05,0
16546,16546,18.948,12.76,,2461200.5,.1285181186135174,3.198688712216297,21.85299531994092,176.7296962339451,91.85679402081954,108.4968300854296,MBA,2026-03-12,0
16560,Daitor,43.861,10.74,,2461200.5,.04063974571985621,5.061865758881932,15.30279288777175,100.7286958053336,160.1944194834878,162.8698259129374,TJN,2026-06-05,0
16563,Ob,15.519,12.81,,2461200.5,.09289972128420289,3.129809676023015,12.51456679888843,143.5023896180174,314.6655430377763,91.94721742586722,MBA,2026-06-05,0
16565,16565,15.829,12.72,,2461200.5,.1192898667358288,3.150427597545161,3.525308227191283,321.0048185610914,198.6273367350772,53.20586966245465,MBA,2026-06-05,0
16583,Oersted,22.102,12.27,,2461200.5,.05767293431714995,3.230573161435403,22.60153571571846,135.2453889384628,140.7266372315623,333.3466136910161,OMB,2026-06-05,0
16667,16667,35.390,10.77,,2461200.5,.199309990401326,5.193300346208106,16.69918664161612,96.59774747517197,239.8703614081659,71.60871574402265,TJN,2026-06-05,0
16671,Tago,19.624,12.86,,2461200.5,.194895649837605,3.043418493597929,11.53980555134573,284.1131761968106,157.0244504616821,59.97585229482876,MBA,2026-06-05,0
16712,16712,16.853,12.81,,2461200.5,.2030352964814242,3.144412028491416,25.53756787008026,317.6468333668514,110.5616931582281,155.2386377568599,MBA,2026-06-05,0
16785,16785,31.056,11.58,,2461200.5,.0991686027766973,3.155159965913895,18.42328826584017,300.625212709663,88.308008403595,168.0444736691953,MBA,2026-06-05,0
16786,16786,24.595,12.26,,2461200.5,.1043084162266861,3.17230183404039,12.6489857809039,296.4919936934572,168.5129591740197,77.89988290654375,MBA,2026-06-05,0
16843,16843,16.659,12.22,,2461200.5,.1813680929859208,3.947940275305722,5.373813749793567,158.5526690719664,136.122009300432,118.4952254860415,OMB,2026-06-05,0
16885,16885,15.548,13.21,,2461200.5,.07643070854457314,2.889123060021049,11.62667411603984,294.1032767661571,160.2557422308068,306.0268907334793,MBA,2026-08-11,0
16927,16927,22.595,12.17,,2461200.5,.1388417323420239,3.973725120045497,12.92317062163726,207.1144634201868,94.08521170260516,114.3713626709438,OMB,2026-06-05,0
16941,16941,19.140,12.84,,2461200.5,.198067979788641,2.739179696933308,14.07938716925047,91.49390294144656,329.2375796809402,195.2133616833609,MBA,2026-06-05,0
16942,16942,17.639,12.62,,2461200.5,.1172810521735282,3.191870703277864,16.11727831296373,202.6291636279996,185.3334768610251,143.9125260352771,MBA,2026-06-05,0
16953,Besicovitch,17.093,13.00,,2461200.5,.207667691104159,3.148748766462345,14.75669751194803,175.8793639306722,181.91431714,319.0720864525518,MBA,2026-06-05,0
16956,16956,38.583,10.72,,2461200.5,.1119375994939168,5.209432337360271,30.93466281224898,137.5635992092914,203.1824430048185,55.77002207716811,TJN,2026-06-05,0
16970,16970,25.310,11.84,,2461200.5,.113623924124738,3.96335140769031,8.76783319017866,233.0810970826433,39.83401682803884,303.2596420284346,OMB,2026-06-05,0
16974,Iphthime,57.341,9.94,,2461200.5,.06883512722454006,5.176284504365422,15.03754418613124,241.5198873525889,136.7463664271175,151.0092609838235,TJN,2024-09-12,0
17109,17109,27.04,12.77,,2461200.5,.1730646850114486,2.76754695740946,7.583865077946006,260.573341374169,82.33852252008698,227.0964212294224,MBA,2026-06-05,0
17117,17117,15.188,12.78,,2461200.5,.1467653627465422,3.10903353419305,6.048023470117105,43.52733672884118,267.4398979372034,273.0927740276467,MBA,2026-06-05,0
17137,17137,15.099,12.96,,2461200.5,.1108516353514267,3.185607681492114,16.84634382631871,143.5457681218534,304.2124307233425,57.31219697850044,MBA,2026-06-05,0
17156,Kennethseitz,16.131,12.66,,2461200.5,.04391405598406271,3.204493166392667,25.47475176571468,229.7398645817668,214.9196869164856,47.3161427281542,OMB,2026-06-05,0
17161,17161,16.454,13.24,,2461200.5,.1609957071895502,3.348019744870838,6.720909451016849,185.3404964622955,146.7472193624969,90.97174118565022,OMB,2026-06-05,0
17164,17164,18.111,12.38,,2461200.5,.1026871567963712,3.142785763089788,12.76338055441186,251.2890252726374,141.028600355249,175.9999057328233,MBA,2026-06-05,0
17171,17171,40.946,10.60,,2461200.5,.08266211824820649,5.139343011966325,25.28533033573757,317.9919682214955,357.9163636952097,105.868197288537,TJN,2026-06-05,0
17172,17172,34.482,10.83,,2461200.5,.05840889954463126,5.226079385193979,29.15062005676119,135.2051554415758,216.3297010058145,74.90252523614015,TJN,2026-06-05,0
17175,17175,18.207,12.06,,2461200.5,.08332681869397045,3.170994452065261,21.68910718700472,355.082267914817,85.32603582876196,248.841302898417,MBA,2025-10-31,0
17213,17213,16.223,13.33,,2461200.5,.1873739819648244,2.906162193048059,10.63839262465206,116.3898718049067,332.7442536546175,97.11948619822537,MBA,2026-06-05,0
17230,17230,16.605,12.65,,2461200.5,.2243146078059876,3.158340989383694,10.91253109307593,82.95903682190409,248.482246038964,75.30983656765414,MBA,2026-06-05,0
17252,17252,25.232,11.96,,2461200.5,.2275516092556668,3.119116598532,15.91637524550482,117.826044019861,228.9908640124282,186.4535126669089,MBA,2026-06-05,0
17254,17254,15.872,12.34,,2461200.5,.1445064946608619,3.161368744224978,22.17770051651988,75.18152112372739,289.6728591564116,109.841819767012,MBA,2026-06-05,0
17264,17264,15.758,12.43,,2461200.5,.2135882567763893,3.210995845741732,12.96486107276266,130.2055162543752,234.1235386869999,92.59632238483309,OMB,2026-06-05,0
17276,17276,17.990,13.01,,2461200.5,.3060153867237326,3.156113959029269,11.98178147454775,235.6108833517144,161.1014759296005,147.5465636365595,MBA,2026-06-05,0
17283,Ustinov,17.762,12.73,,2461200.5,.06924313456252791,3.201507321702169,22.30140923685722,100.6139290536077,115.9810422811211,257.4228792203884,OMB,2026-06-05,0
17297,17297,29.731,11.96,,2461200.5,.1035185767065455,3.173104547669981,15.24007249056341,353.3264513490994,15.85550727062516,210.7543854159785,MBA,2026-06-05,0
17305,Caniff,25.368,11.99,,2461200.5,.1381878913183545,4.002403304998114,6.685749315035623,349.0709472542104,118.7456431700441,341.5589945291715,OMB,2026-06-05,0
17314,Aisakos,35.761,10.96,,2461200.5,.07448800744253367,5.156886632252168,10.72876260628384,353.7785348992797,85.88808134339816,333.3584657367497,TJN,2026-06-05,0
17351,Pheidippos,28.749,11.43,,2461200.5,.09660800430493766,5.162615537614536,15.28723212836765,2.873195864307076,47.60571781521038,125.9718338583461,TJN,2026-06-05,0
17365,Thymbraeus,44.904,10.51,,2461200.5,.0776895126770205,5.264995577772916,11.64594069535461,252.1027412048794,118.4933001064411,42.77037200853142,TJN,2026-06-05,0
17370,17370,15.210,13.00,,2461200.5,.02511170793412701,3.143419715105674,13.53406402188194,316.00236245297,246.2559653269965,63.96022281545335,MBA,2026-06-05,0
17414,17414,21.627,12.13,,2461200.5,.0334318265867355,5.138507263520576,16.58483391696371,153.6444517126262,81.41144508796863,188.789221845192,TJN,2026-06-05,0
17415,Czeslawlang,17.665,12.22,,2461200.5,.04773124198483991,5.139843007978833,23.76407321691963,160.3589232490188,123.1397525376628,129.0690713546429,TJN,2026-03-12,0
17416,17416,18.407,12.41,,2461200.5,.06152209206586051,5.137669380230298,17.28756465056633,164.41772186085,125.367052625008,137.6636815751479,TJN,2026-06-05,0
17417,17417,27.569,11.64,,2461200.5,.08325186942431645,5.16241886290793,2.222330167940405,112.0174060142252,237.3665984497353,66.52196841868462,TJN,2026-06-05,0
17418,17418,15.806,12.27,,2461200.5,.1599977721410113,5.173604677695276,6.509807215526154,197.6182609735,136.5847317884306,73.03533957265158,TJN,2026-06-05,0
17419,17419,33.138,11.38,,2461200.5,.06669875265708286,5.239192506716194,15.91485820268811,45.48617647495087,331.8822099105448,54.98067121826842,TJN,2026-06-05,0
17420,17420,18.361,12.04,,2461200.5,.08233845168366571,5.187396472709906,15.87157198477669,59.29196204454752,259.4209277135339,86.26774694708271,TJN,2026-06-05,0
17421,17421,23.785,11.89,,2461200.5,.09882563205322456,5.142124843298183,16.93313548351032,32.12087135022223,218.0992928142299,166.444904672239,TJN,2026-06-05,0
17424,17424,17.964,12.40,,2461200.5,.1580458335067169,5.205199818001708,12.68899194183612,170.0717006935152,162.3216488522628,86.10203135236372,TJN,2026-06-05,0
17428,Charleroi,30.297,11.47,,2461200.5,.1128872910595514,3.934638999839125,8.424909981823436,255.9485532590178,326.7378227088537,219.7329498754169,OMB,2026-06-05,0
17442,17442,23.374,11.89,,2461200.5,.04573933642030141,5.225808164072396,15.78032811260028,31.3381231606452,325.3262352990716,40.02115971634473,TJN,2026-06-05,0
17445,Avatcha,20.495,12.65,,2461200.5,.2646676120210581,3.160176938422106,15.17588419449316,311.7013292798275,46.61823435712028,235.4071629915368,MBA,2026-06-05,0
17492,Hippasos,53.975,10.04,,2461200.5,.06987672837587995,5.212014629385545,29.1264428070074,88.84515646910056,221.640333129552,131.0664900068828,TJN,2026-06-05,0
17567,Hoshinoyakata,17.125,12.93,,2461200.5,.1522712112011299,2.784203865067644,8.710075282530797,44.1981408363014,160.3689070797266,333.4718578881299,MBA,2026-06-05,0
17571,17571,15.122,13.49,,2461200.5,.1660525544327675,3.121006587217268,6.238096219998274,147.8453748640954,182.0102410457048,278.2568594570968,MBA,2026-06-05,0
17587,17587,18.589,12.76,,2461200.5,.1243858848158647,3.413394526311877,10.09685070324922,90.94898299033444,195.1509502959678,186.1379084663769,OMB,2026-06-05,0
17626,17626,17.960,12.40,,2461200.5,.08543794432359636,3.165852357864102,12.86090754378715,311.1393678461109,96.56522084122791,206.0315107222875,MBA,2026-06-05,0
17669,17669,17.639,13.48,,2461200.5,.1605851824296906,3.175608288285316,2.16979887578879,41.54642153167434,88.11306594877701,57.16737370448113,MBA,2026-06-05,0
17683,Kanagawa,16.818,12.75,,2461200.5,.1595033167133714,2.982362690449425,18.29479944007132,358.6352938464429,193.6575531139675,225.076670101875,MBA,2026-06-05,0
17773,17773,15.473,13.31,,2461200.5,.08133236152752217,3.072608272450632,4.522656932501925,127.5853496110851,200.0261431886036,296.5171068475428,MBA,2026-06-05,0
17786,17786,15.609,13.46,,2461200.5,.1174469529423601,2.755280828368309,6.758814791683434,164.5978865437806,121.1096408759485,324.726049568104,MBA,2026-06-05,0
17802,17802,15.627,12.89,,2461200.5,.04670310164563353,3.161685768620853,15.53460049144489,18.30904332385283,20.44554103489043,161.5063331218921,MBA,2026-06-05,0
17809,17809,16.278,12.77,,2461200.5,.1230598583823673,3.213021733032539,15.66038414606637,177.864536912828,208.4414461475684,129.8327823778463,OMB,2026-06-05,0
17839,17839,20.575,12.68,,2461200.5,.1516800119115558,3.06047829836094,15.15567541568081,224.428835091235,146.2962722164576,310.8804956446978,MBA,2026-06-05,0
17840,17840,17.737,12.55,,2461200.5,.1412311305227246,3.233233201505807,18.21117664861288,199.427079619196,116.1771806794205,213.0142623153191,OMB,2026-06-05,0
17849,17849,15.906,12.90,,2461200.5,.02484299544243296,3.135482264046979,9.44331990703304,148.0002078248394,331.5848809440706,97.20835690668521,MBA,2026-06-05,0
17861,17861,16.901,12.66,,2461200.5,.09397900769756107,3.201197166828952,16.22806245454158,45.12996128849376,287.185372011481,226.5917260908671,OMB,2026-06-05,0
17866,17866,15.150,13.40,,2461200.5,.08879856873572342,2.90718355195036,21.17239030789203,68.82299002424148,185.5908237782797,236.6462190210376,MBA,2026-06-05,0
17867,17867,19.388,12.49,,2461200.5,.06414235482461546,3.973753111205393,8.197085238455738,105.069385431791,113.7868347620441,221.6802195297973,OMB,2026-06-05,0
17868,17868,15.278,12.82,,2461200.5,.09254578894631985,3.097039583764533,11.55108745420439,244.6134812368574,69.22278823539224,357.4303359208299,MBA,2026-06-05,0
17871,17871,23.532,11.99,,2461200.5,.07475651544314069,3.522155749901374,14.96684751109312,2.4083165432291,278.5787585032068,138.0318621039602,OMB,2026-06-05,0
17874,17874,17.399,11.87,,2461200.5,.04738721558316944,5.25453309412299,2.543327700318164,46.02506023667013,49.72529733922052,125.1382885548324,TJN,2026-06-05,0
17973,17973,22.922,12.59,,2461200.5,.2139709303421403,2.788838486610284,10.50591266236428,227.8483550371827,39.83292403396255,271.6875918041477,MBA,2026-06-05,0
18036,18036,16.545,13.21,,2461200.5,.1430051872688095,3.969093740916542,3.91105398508046,82.91164837430114,164.3112797394732,183.1853824421462,OMB,2026-06-05,0
18037,18037,24.424,11.60,,2461200.5,.08263600799065367,5.225695344007588,15.37415989578476,114.4781832147922,255.6958028880477,34.02097467959674,TJN,2026-06-05,0
18041,18041,15.123,12.80,,2461200.5,.1030854199442325,3.237525935934196,3.114153355497001,77.41118322456619,82.17394547223645,43.22022745990098,OMB,2026-06-05,0
18045,18045,16.792,12.45,,2461200.5,.1374908928697217,3.190135407190156,15.08762591888588,281.9203576547226,245.9977902316743,57.85051982732462,MBA,2026-06-05,0
18046,18046,42.736,10.47,,2461200.5,.05742962863997391,5.193397855856332,33.31684022751828,164.6697724112622,153.3830331570714,88.85609758355425,TJN,2026-06-05,0
18052,18052,20.311,12.12,,2461200.5,.04678675289039295,3.224494358305528,14.0812886072505,232.8152527156835,172.6310610885212,175.5193900962551,OMB,2026-06-05,0
18053,18053,18.28,13.03,,2461200.5,.2489855291398893,2.900567141807265,12.24350985973195,228.0465369452467,313.7388654624083,344.5171025661134,MBA,2026-06-05,0
18054,18054,36.222,10.72,,2461200.5,.01719619479792887,5.24924509638237,19.65471951272725,124.78337676,131.4813580238774,170.9450570261047,TJN,2026-06-05,0
18060,Zarex,36.431,11.15,,2461200.5,.05616877938293327,5.125132340568795,6.637361821829984,224.8799647406004,154.3324014958269,157.7421761223937,TJN,2026-06-05,0
18062,18062,30.334,10.97,,2461200.5,.04860477942945676,5.143734698308868,17.38682732879327,38.34118228982479,36.05675467262172,100.0396201350986,TJN,2026-06-05,0
18063,18063,31.122,11.28,,2461200.5,.05696163103952399,5.168054417971429,17.97082874647351,327.0290983621795,66.75085690718196,157.7404149777574,TJN,2026-06-05,0
18071,18071,22.183,11.72,,2461200.5,.05737956773150493,5.310227476676336,3.643873669657247,341.4847006586773,81.48039503647638,137.2382560685811,TJN,2026-06-05,0
18134,18134,18.557,12.62,,2461200.5,.08352166062824816,3.171267271625091,16.18042488158972,301.2801080986636,282.4603517015094,285.4286435454706,MBA,2026-06-05,0
18137,18137,33.664,11.10,,2461200.5,.01676322035469952,5.089387896055098,7.677119290712243,218.9078218583405,210.1693068058362,328.9399301042933,TJN,2026-06-05,0
18148,Bellier,15.127,12.97,,2461200.5,.1314104162535343,3.146480083088179,1.189086649621142,54.4819716615177,65.25734667808862,70.10601696230928,MBA,2026-06-05,0
18150,Lopez-Moreno,21.467,12.51,,2461200.5,.1031522844580647,3.43910810384239,12.76604281892729,153.1152493743276,348.745100530278,200.2492124799857,OMB,2025-11-20,0
18153,18153,17.427,12.52,,2461200.5,.2094641562762778,3.115561103118259,15.05691553332804,329.4738524080869,352.0589414427841,265.4819140871892,MBA,2026-06-05,0
18169,Amaldi,23.311,12.77,,2461200.5,.156185957530367,3.156623593375357,10.108955832594,246.2342366258052,196.765544646396,135.911711445489,MBA,2026-06-05,0
18219,18219,22.669,12.12,,2461200.5,.04170371558659474,3.186345468645553,16.14834552743491,353.1784646972267,181.2709497211812,41.24804853219924,MBA,2026-06-05,0
18228,Hyperenor,23.245,11.86,,2461200.5,.1270606901063552,5.270304813528215,3.202163317535179,12.27882850405263,348.6249605990394,48.86054813024822,TJN,2026-06-05,0
18263,Anchialos,21.331,11.46,,2461200.5,.04129202603540986,5.214176509958686,10.59656728550837,311.3946606539796,146.8389247276495,109.3042226387266,TJN,2026-06-05,0
18268,Dardanos,20.352,12.07,,2461200.5,.09648004660669846,5.161933077106101,16.59921240608391,218.3748944813546,113.8518418141456,86.91052718958882,TJN,2026-06-05,0
18278,Dymas,28.885,11.47,,2461200.5,.06807447068025668,5.169988357881637,17.94335834602253,31.50333993320499,207.4671757423726,168.0279133132097,TJN,2026-06-05,0
18282,Ilos,15.422,12.61,,2461200.5,.0765830349845058,5.23281401344293,8.704851578470418,164.3892236811132,213.4104351308135,43.27758282391445,TJN,2026-06-05,0
18285,Vladplatonov,16.250,12.88,,2461200.5,.1267536119772634,2.67006959006403,12.38971030493189,35.64810304284243,143.6587428180668,165.0424453824166,MBA,2026-06-05,0
18331,18331,27.533,11.89,,2461200.5,.08595630870211848,3.102895342166402,16.04987200310574,352.2941707967454,13.92159043847033,213.2242139052114,MBA,2026-06-05,0
18365,Shimomoto,15.400,12.07,,2461200.5,.04568879512925338,3.012990296898371,11.15806369483842,57.37345212360173,171.83503119604,99.25345929990175,MBA,2026-03-12,0
18399,Tentoumushi,22.987,12.41,,2461200.5,.2027025792366613,3.152584453510584,18.30056877732481,75.669936130434,330.4681783071149,359.2578572828601,MBA,2026-06-05,0
18483,18483,15.117,13.32,,2461200.5,.2430718695083973,3.135918759615073,10.80579981151834,100.0605395537543,267.4439717375266,247.6372431939727,MBA,2026-06-05,0
18488,18488,24.637,12.15,,2461200.5,.2692275775049087,3.176808196157018,17.66887372792971,138.0752957177402,256.8147822114782,202.4347989485195,MBA,2026-06-05,0
18493,Demoleon,33.474,10.84,,2461200.5,.09148107993165609,5.276483233834861,17.22229682339646,215.5321973596783,90.19196468267185,92.92164361587318,TJN,2026-06-05,0
18560,Coxeter,18.465,12.81,,2461200.5,.1907567103385816,3.14045016462589,9.274071049422266,328.4562557869911,324.6688627167118,312.8649727400256,MBA,2026-06-05,0
18568,Thuillot,16.575,12.95,,2461200.5,.06440145945674672,3.134021214036486,21.82661705686694,202.2370637112079,165.3727425768912,67.69751062469714,MBA,2026-06-05,0
18732,18732,15.835,12.85,,2461200.5,.1068878866116195,3.253601109435986,22.78928881568094,216.4980094654493,81.68729419842505,222.4924455660472,OMB,2026-06-05,0
18743,18743,16.598,13.01,,2461200.5,.1389216066190022,3.206240435390081,19.19694301811939,122.5961996307714,331.6990375319221,299.8257449366982,OMB,2026-03-12,0
18827,18827,20.607,12.28,,2461200.5,.1132429603595496,3.055448028917109,15.19904272355623,106.9888418679956,235.163107253479,338.3424659195542,MBA,2026-06-05,0
18848,18848,16.596,12.93,,2461200.5,.1275809472916228,2.788033090824192,23.93680247846441,155.322744377641,161.6536703916789,299.6995525898984,MBA,2026-06-05,0
18895,18895,22.297,12.14,,2461200.5,.176880288340953,3.206645737734665,18.30866579168198,189.4490138811327,267.7811840196771,291.6570264277208,OMB,2026-06-05,0
18940,18940,21.423,11.71,,2461200.5,.07407225055152603,5.225012147094499,3.708433217080308,133.7027937352891,222.1279926732207,33.54085651802701,TJN,2026-06-05,0
18958,18958,15.139,12.36,,2461200.5,.1834799013398484,3.397758334067416,14.13407556372731,46.30203816820563,291.4591684804528,77.71765843491319,OMB,2026-06-05,0
18963,18963,15.511,13.45,,2461200.5,.1524216950522526,2.790257867240098,8.33789449465378,167.377203210136,31.16668214792073,350.564164248974,MBA,2026-06-05,0
18971,18971,24.839,11.77,,2461200.5,.1188422020909017,5.197046495775475,14.04676391811784,189.964948130244,43.92888298579881,174.7621347080357,TJN,2026-06-05,0
18984,Olathe,17.629,13.08,,2461200.5,.02408253303949913,3.255314079943475,14.08982445235488,321.3473858399254,250.1953608655742,291.1604673867312,OMB,2026-06-05,0
18996,Torasan,22.734,11.80,,2461200.5,.03145013270195459,3.203102783203573,20.50337370969789,241.0504661011482,199.6675406774828,106.6216289660077,OMB,2026-06-05,0
19018,19018,32.111,11.37,,2461200.5,.1017761930719821,5.232148333768941,27.65379904627805,231.133766664343,124.1577745847651,75.20867115697042,TJN,2026-06-05,0
19020,19020,42.613,10.58,,2461200.5,.1126449393311663,5.207251529624872,17.10235770379036,93.20552776454372,225.3499093999692,94.10447481955528,TJN,2026-06-05,0
19028,19028,20.600,12.37,,2461200.5,.01909021194412648,3.130811741057245,11.98845079072235,283.3829208277166,28.86874280570864,279.6646254673826,MBA,2026-06-05,0
19078,19078,15.806,12.89,,2461200.5,.1226546833601278,3.153317827947796,17.69440058768827,64.04455922620249,90.99031773963119,130.1825001207432,MBA,2026-06-05,0
19513,19513,16.207,12.62,,2461200.5,.1226939709801038,3.396453750115731,17.22554368066891,322.919944648422,355.572058542893,153.850390965442,OMB,2026-06-05,0
19565,19565,17.066,12.67,,2461200.5,.3003263042199135,3.077574256404005,23.40161935804512,247.1656703705305,54.68909661720927,350.9481423003811,MBA,2026-06-05,0
19590,19590,15.953,12.23,,2461200.5,.03531878136131784,3.240688984926114,22.83183164421784,97.95153488969837,261.7733670187485,152.9690872531456,OMB,2026-06-05,0
19615,19615,21.986,12.33,,2461200.5,.09185604460833323,2.988667631479112,12.27649716891366,256.0886666367757,91.85396317590143,91.13511614121829,MBA,2026-06-05,0
19634,19634,17.847,12.89,,2461200.5,.1887954312224581,3.163670710461534,6.52387240063596,327.1303090568825,333.9598939863386,286.7146768396615,MBA,2026-06-05,0
19646,19646,22.716,12.57,,2461200.5,.09951860298991436,3.022121920691781,14.2664756813099,292.7769763429745,163.7176782497457,288.0441924921334,MBA,2026-06-05,0
19690,19690,16.723,12.92,,2461200.5,.1779094480637069,3.170115641372766,9.745873351252119,324.9318342504932,315.7627384226124,339.5933299470949,MBA,2026-06-05,0
19694,Dunkelman,15.320,12.75,,2461200.5,.08060994328730087,3.551366099596419,12.28152864487949,121.0653871191868,196.009340645761,37.44066382495679,OMB,2026-08-11,0
19706,19706,16.725,12.85,,2461200.5,.2320259145209363,3.166269485283667,13.63169888004493,208.9096081195389,104.5304829095346,325.7955156006919,MBA,2026-06-05,0
19712,19712,15.680,12.97,,2461200.5,.09576890301744563,3.152754902311027,5.211151923463445,295.3208366293027,320.6480933910105,25.33637366221957,MBA,2026-06-05,0
19725,19725,31.668,10.87,,2461200.5,.07032698373445405,5.123084615712462,9.969791189692497,43.14459415365754,37.93341660282319,83.63129329295687,TJN,2026-06-05,0
19737,19737,47.698,13.15,,2461200.5,.0634695868442041,3.07073311599413,6.515172928194046,311.6935092932524,115.30351899274,311.8304015925187,MBA,2026-08-11,0
19748,19748,19.261,12.01,,2461200.5,.1927915616657564,3.201879537995901,27.14299209637326,314.55322737395,307.5720160614342,17.87515650286478,OMB,2026-06-05,0
19752,19752,23.357,11.64,,2461200.5,.154577368371768,4.000033804896576,23.91403646509115,155.2763392153036,316.2617285420493,174.8199963326853,OMB,2026-06-05,0
19844,19844,37.972,11.07,,2461200.5,.04967583968216739,5.197201739045163,40.42344666343526,207.5425309638129,105.7572803002804,110.6353023838515,TJN,2026-06-05,0
19852,Jamesalbers,15.037,11.69,,2461200.5,.1671260263566228,3.178390263047462,19.19525287456482,55.28033950058479,218.883701249266,271.3559465751521,MBA,2026-06-05,0
19910,19910,16.163,12.50,,2461200.5,.05651448585189879,3.103427522611917,10.76576106401189,67.12558582963541,211.9494098322719,55.69089625771989,MBA,2026-06-05,0
19911,Rigaux,18.341,12.47,,2461200.5,.2945202806538738,3.044636699362518,14.79709098947733,44.00829799360906,144.4481326839275,191.9201307092629,MBA,2026-03-12,0
19913,Aigyptios,24.996,11.30,,2461200.5,.05817529198046226,5.102129260778053,7.132171913311122,141.4445031157819,341.2292827937078,50.63747550768761,TJN,2026-06-05,0
20000,Varuna,900,3.79,,2461200.5,.05161543734827757,43.2000227503935,17.14054429876356,97.21583412147274,273.3589746671601,115.6679071685554,TNO,2026-06-05,0
20001,Marinakoren,22.717,12.45,,2461200.5,.1250045379190114,3.111868025191117,17.02026743402049,127.2207890075935,117.9392773454386,61.9263137388526,MBA,2026-06-05,0
20038,Arasaki,23.979,11.72,,2461200.5,.2425604814733109,3.989494381520682,19.52404535771714,56.07378947908536,6.039159545344395,66.90964995004684,OMB,2026-06-05,0
20097,20097,20.010,12.36,,2461200.5,.1248725859619393,3.170605859399267,17.11694834097222,54.03302272714437,300.8757991302588,257.8040366857646,MBA,2026-06-05,0
20098,Shibatagenji,18.003,12.81,,2461200.5,.1711581820351159,2.778112740267984,10.27323756727275,89.18384859672562,248.2629035339738,349.7738863374981,MBA,2026-06-05,0
20099,20099,15.03,14.26,,2461200.5,.1773032754763115,3.121723810937819,2.385555471483915,110.4145239974562,305.5887527946845,273.0767451830325,MBA,2025-11-06,0
20101,Robsullivan,19.459,12.82,,2461200.5,.04133676500044572,3.140377487454084,8.478644075016057,84.12087111539584,238.9586033196522,331.1168020403576,MBA,2026-06-05,0
20144,20144,27.467,11.53,,2461200.5,.01241321513066836,5.188707277040058,9.351999950502487,29.4607428317392,157.6371369283021,349.6920835477364,TJN,2026-06-05,0
20210,Athanasopoulos,19.704,12.44,,2461200.5,.1565657350991135,2.774987360563997,15.91727756861246,46.02924872235594,3.411015777071328,273.9855800855667,MBA,2026-06-05,0
20395,Jacquet,16.265,12.64,,2461200.5,.1019205926106523,2.854775134724195,13.78560294895046,272.1713898408973,314.9676687067968,336.4652208778097,MBA,2026-06-05,0
20424,20424,45.804,10.61,,2461200.5,.1291783961716968,5.204075151332757,25.63793559572407,66.95110452352351,5.688442561017681,98.55159413151503,TJN,2026-06-05,0
20427,Hjalmar,17.924,12.61,,2461200.5,.1017959883668501,3.136988292634245,24.02289243803636,127.7893937011981,238.5725176188328,350.395130854222,MBA,2025-11-20,0
20428,20428,27.176,10.98,,2461200.5,.1447992796641464,5.192856930253052,21.05254729319043,45.31031519661524,6.726193202528097,114.8999562887729,TJN,2026-06-05,0
20523,20523,18.286,12.80,,2461200.5,.08593271704465966,3.177985700585414,8.505520303561754,203.6103409031189,101.9012892867025,306.687036623105,MBA,2026-06-05,0
20543,Michaelfauerbach,18.073,12.71,,2461200.5,.03828424868707078,3.218399600482567,21.84969353981338,20.6905934474075,286.9009084105594,285.9221569057764,OMB,2026-06-05,0
20569,Oscarrodriguez,17.297,12.64,,2461200.5,.22512455780435,3.180760543593245,12.83426944097829,312.1768847078043,98.18161850505433,216.1541136517552,MBA,2026-06-05,0
20602,Qichengzhang,23.684,12.13,,2461200.5,.197133550817362,3.144702596430915,14.34375382774098,332.458741067796,109.306656307521,235.4075595000087,MBA,2026-06-05,0
20617,Richardgreenwood,17.496,12.44,,2461200.5,.05868103518774498,3.230931300031951,21.41022425844549,350.1025311982409,80.67674997800583,126.9261243708487,OMB,2026-06-05,0
20628,20628,17.936,12.63,,2461200.5,.2190888793439587,4.002750149546234,6.54565653750321,146.2324273786869,276.3960428502886,89.86039916296293,OMB,2026-06-05,0
20635,Robinandrews,23.612,12.09,,2461200.5,.05643049715063111,3.217568727781723,21.92231021728396,171.8856888812429,225.8399851905078,207.9136555511005,OMB,2026-06-05,0
20664,Senec,15.156,12.85,,2461200.5,.06707183677881877,3.474594511860415,10.29697394184132,163.127203144277,149.277580671941,101.0702232685976,OMB,2026-06-05,0
20676,20676,17.570,12.81,,2461200.5,.08489282531738941,3.221279459940105,23.39844066391809,106.0743851257065,30.56700657260464,137.1518571614367,OMB,2026-06-05,0
20679,20679,17.101,12.76,,2461200.5,.08006508443467081,3.226540147723282,16.74985638459042,133.9280858371452,303.0016780011564,176.8030746925821,OMB,2026-06-05,0
20707,20707,24.46,12.63,,2461200.5,.03966200908685515,3.168483785319431,11.49564439504801,100.7849605974495,183.2498379079706,46.32727701070289,MBA,2025-11-06,0
20713,Sheward,20.690,12.02,,2461200.5,.1091018273185047,3.139030274438996,12.67171966475524,290.1516150617783,284.5832849890058,195.4442416108116,MBA,2026-06-05,0
20716,20716,26.367,11.47,,2461200.5,.127933864197516,5.233663446399865,26.85585396437305,108.1786118275317,272.2496836764405,151.7675618346476,TJN,2026-06-05,0
20718,Silha,23.030,12.36,,2461200.5,.108452051219986,3.448089634866103,11.82865967116405,76.23746934496792,161.1557483070046,268.9782346162224,OMB,2026-06-05,0
20720,20720,34.120,11.13,,2461200.5,.1448070021943808,5.26982921554248,18.18071307390519,100.6715784055892,352.9971747698013,73.5745268926064,TJN,2026-06-05,0
20729,Opheltius,50.961,10.50,,2461200.5,.06419272118485328,5.224218348863421,22.00005052374978,306.9266121468448,93.94795490849634,138.6389874785512,TJN,2026-06-05,0
20734,Sriramsaran,23.992,12.49,,2461200.5,.1942662161619551,3.093060842319198,25.05735374998442,71.58540725656702,225.4451981224576,85.543470233872,MBA,2026-06-05,0
20739,20739,27.043,11.63,,2461200.5,.1382223241942834,5.211313405351798,12.11797014382585,312.1246576248321,184.1723681307612,51.3406566245455,TJN,2026-06-05,0
20743,Sunhojin,20.546,12.36,,2461200.5,.05762300733989884,3.233897914586111,21.12372935150552,342.8733879995341,308.158248030112,306.6967424457902,OMB,2026-06-05,0
20755,Valeriegodard,15.382,12.84,,2461200.5,.1465687447274135,3.130010127159705,17.4642158769134,24.63324362379721,264.5370223097141,96.21270701861116,MBA,2026-06-05,0
20762,Wargnier,24.079,11.99,,2461200.5,.185020481544154,3.136707102654932,16.10276909190494,87.92142465432936,351.9617863990649,322.0986448510478,MBA,2026-03-12,0
20898,Fountainhills,37.31,11.37,,2461200.5,.4697936407329673,4.28601243125499,44.84571306954511,292.981145891714,236.1949025356064,302.23685560691,OMB,2026-06-05,0
20995,20995,26.203,11.74,,2461200.5,.1155691079046661,5.10355672206834,20.36143401091413,72.7812976469562,11.83919026848634,106.1105913040493,TJN,2026-06-05,0
21018,21018,15.082,12.98,,2461200.5,.2531969340445496,2.914218212846009,12.51894885936401,302.0148806879204,357.671262325174,258.0446194044723,MBA,2026-06-05,0
21047,Hodierna,16.029,13.07,,2461200.5,.1770666212051472,3.96938081029056,4.497579348362223,51.7982596823503,286.7228813639583,196.428380194907,OMB,2026-06-05,0
21062,Iasky,19.034,12.49,,2461200.5,.0345346633350408,3.045870779578884,23.57521243527386,149.1327412574135,225.3991671307395,75.28705933592038,MBA,2026-06-05,0
21065,Jamesmelka,15.452,12.81,,2461200.5,.2069280162170524,3.13671876419901,16.59149462119577,249.6312924196184,27.03754366839253,107.3398921747545,MBA,2026-06-05,0
21128,Chapuis,18.388,12.16,,2461200.5,.1074436872104134,3.959231478966933,7.922832995018791,316.8112341815038,266.6477731142633,355.704428281269,OMB,2026-06-05,0
21161,Yamashitaharuo,18.980,12.79,,2461200.5,.04385387789400353,3.17100427407795,13.84020160990547,32.98563759921242,355.5271256570744,283.8320427970059,MBA,2026-06-05,0
21164,21164,16.587,13.14,,2461200.5,.1246666265895455,3.174076533247618,7.356430309722575,143.5929459080592,266.0418628566646,272.703899506828,MBA,2026-08-07,0
21224,21224,20.138,13.14,,2461200.5,.04565941003671385,3.158903370934635,21.40688791713909,348.5357985519582,109.2698850851059,266.9797804978111,MBA,2025-11-06,0
21271,21271,21.115,11.92,,2461200.5,.009024651166269262,5.159283417209391,6.685392135113561,112.7694878457938,.7586240247239596,82.79509020937978,TJN,2026-06-05,0
21284,Pandion,28.550,11.55,,2461200.5,.1009136425193359,5.215231406217115,7.040169667577162,183.9538519961565,183.6844947832884,160.177210365979,TJN,2026-06-05,0
21370,21370,29.196,11.61,,2461200.5,.07518978677396487,5.203054890467619,7.75029095105882,77.20943087688552,49.11669399601458,64.00042618277098,TJN,2026-06-05,0
21542,Kennajeannet,15.278,13.07,,2461200.5,.06953425608569877,3.177853687096012,15.58053234396249,160.7567841190691,136.9534601364821,357.8019445003032,MBA,2026-06-05,0
21554,Leechaohsi,15.196,13.33,,2461200.5,.2145705755489853,3.127602360715711,15.56701334654128,228.68364892,18.5066166781701,71.65896637071701,MBA,2025-10-29,0
21555,Levary,18.887,12.74,,2461200.5,.08303737692045658,3.197677303500263,15.69705467096698,211.8122883207867,249.0814524681851,198.3312529665911,MBA,2026-06-05,0
21564,Widmanstatten,18.289,12.70,,2461200.5,.1807719106462896,3.096981142869899,16.79593706848182,164.459624845598,214.8223377709593,17.07440202989643,MBA,2026-06-05,0
21570,Muralidhar,17.78,13.88,,2461200.5,.1393427173305439,2.590971583417593,13.15446144238644,1.720131310469758,255.6949371873919,306.9475897658421,MBA,2026-06-05,0
21578,Davidgillette,17.247,12.99,,2461200.5,.09598941637176307,2.65190700775266,27.16355227945224,281.3168616134292,297.2192343847677,306.109592622836,MBA,2026-06-05,0
21583,Caropietsch,18.108,13.00,,2461200.5,.155104601397756,3.155097135761773,4.593554500429573,329.5799768762039,325.0714877069761,44.61919444923771,MBA,2026-06-05,0
21586,Pourkaviani,17.113,12.72,,2461200.5,.1392186282197494,3.093242298750439,1.804804027335645,125.4599964647849,142.8633710540118,128.5831983262723,MBA,2026-06-05,0
21587,Christopynn,20.509,12.67,,2461200.5,.06952894447511357,2.85000474515146,12.47527684365054,219.4957723221977,81.10815402880559,344.6734677456337,MBA,2026-06-05,0
21593,21593,21.922,11.74,,2461200.5,.05115223325598854,5.108297748466955,3.351632064403784,290.9985086054759,131.1708918356217,133.0512449150306,TJN,2026-06-05,0
21595,21595,35.178,10.80,,2461200.5,.134724017075623,5.214712676232344,25.04686692462477,144.013772776648,258.9809148228819,138.5019494730413,TJN,2026-06-05,0
21599,21599,28.312,11.45,,2461200.5,.1165751080239801,5.207057391032383,11.20627574758287,218.8293078954381,211.8879110974139,106.2023149506417,TJN,2026-06-05,0
21601,Aias,54.909,10.00,,2461200.5,.03759654941553989,5.250841534455603,19.44777189010794,263.627624916935,212.0682145432829,94.2445314153406,TJN,2026-06-05,0
21602,Ialmenus,16.353,12.23,,2461200.5,.06218725722367346,5.223341463262681,7.934515991440693,309.3216652547945,194.1647282695516,48.17347914887732,TJN,2026-06-05,0
21766,21766,18.031,12.89,,2461200.5,.2161109119706001,2.710931965652704,6.476236956002893,233.3917027683217,178.5670481475071,326.8562959590908,MBA,2025-11-20,0
21867,21867,15.436,12.74,,2461200.5,.04498076390426409,3.371992532969888,17.39923965686249,169.2768337375654,276.4251808524738,86.50131583738954,OMB,2026-06-05,0
21900,Orus,50.810,10.04,,2461200.5,.03672540559818106,5.123374239403683,8.468580378470353,258.5504431073313,182.7884930129634,96.92267457127365,TJN,2025-04-11,0
21930,21930,18.161,13.07,,2461200.5,.247903199439775,3.95947601816626,2.336104201569048,201.0849816618174,183.9490599625473,148.8010053433127,OMB,2026-06-05,0
21967,21967,19.650,12.39,,2461200.5,.08055959573509938,2.684129836467312,10.35361062968758,81.39445120893065,209.7902424779014,170.3469858935993,MBA,2026-06-05,0
22008,22008,24.879,11.67,,2461200.5,.0087474822114864,5.135148368430638,4.264862595381154,108.6754397587332,294.2987814742829,128.652368802241,TJN,2026-06-05,0
22009,22009,21.915,11.87,,2461200.5,.02612962939481531,5.202896449794746,5.604895984390276,113.9474488081359,338.8362281192831,76.27768792040828,TJN,2026-06-05,0
22014,22014,39.487,10.22,,2461200.5,.1059103856603981,5.149449572962227,29.57250596358463,260.1132943698739,203.524838996869,72.71595640458581,TJN,2026-06-05,0
22035,22035,23.739,11.91,,2461200.5,.0964916361706827,5.185340900174231,16.4689032533047,286.4245046381253,128.9082950549581,104.1599142165313,TJN,2026-06-05,0
22041,22041,21.644,11.93,,2461200.5,.05649479431676696,5.163105321417995,10.17350710430246,25.04433198402286,73.7147467969959,89.43589656059464,TJN,2026-06-05,0
22043,22043,16.655,13.10,,2461200.5,.1098965731859187,2.839161091721915,16.47272206551439,323.4555372353142,17.41045412698904,304.5720680574719,MBA,2026-06-05,0
22044,22044,20.654,12.24,,2461200.5,.03601700316247667,3.237517728980011,20.41612628695892,319.6014826199149,266.9987497411375,82.6375841564721,OMB,2026-06-05,0
22046,22046,17.791,12.75,,2461200.5,.07030663542362287,3.220990851291007,16.86636506672806,340.5677195155199,242.4973705949028,107.001105500631,OMB,2025-11-06,0
22049,22049,19.101,11.91,,2461200.5,.05087677930412748,5.13263335302176,2.591170221013153,202.6031667587471,262.3084870744847,46.79232437578766,TJN,2026-06-05,0
22050,22050,15.690,13.06,,2461200.5,.08229196026056866,2.913611141931215,10.02738318832699,120.8036667747673,243.5320295138484,220.0814675812411,MBA,2026-06-05,0
22052,22052,27.680,11.27,,2461200.5,.03437205556893216,5.167883233274473,11.89183154001229,83.53684942654354,322.8407670623986,121.0873229628902,TJN,2026-06-05,0
22054,22054,34.000,11.32,,2461200.5,.05435489444075161,5.206593539687808,20.90414807105996,287.0717311662154,230.9206566096294,31.68777770581501,TJN,2026-06-05,0
22055,22055,31.816,11.14,,2461200.5,.02545809657223544,5.260110263053819,10.96192484722717,83.55661881301614,211.9105437268346,241.4342648399642,TJN,2026-06-05,0
22056,22056,24.775,11.92,,2461200.5,.1449849370199335,5.161758222271404,7.189463576086916,35.86911380741477,342.8992084589656,179.1473520189741,TJN,2026-06-05,0
22058,22058,17.105,12.45,,2461200.5,.07727013343900749,4.011561447772831,7.648415342267477,119.8908681569322,87.54092384378495,39.27260041065868,OMB,2026-06-05,0
22059,22059,25.376,11.29,,2461200.5,.1107568083499275,5.195707288195595,7.802062697098187,213.9755968636087,321.1052384249492,14.21055204047836,TJN,2026-06-05,0
22070,22070,18.793,12.41,,2461200.5,.2745753720645973,3.974111850574688,13.74126562367587,123.4395919104764,221.3948835685551,196.0470522993192,OMB,2026-06-05,0
22071,22071,18.354,13.08,,2461200.5,.04782865467722299,3.183646168345636,16.58267736584201,119.7505879750801,30.27013282595341,180.5383473690485,MBA,2025-10-31,0
22086,22086,15.550,13.15,,2461200.5,.01344009536340041,3.148865046863387,13.73455565788319,125.0951414016834,58.41022519668178,157.8306070060621,MBA,2025-10-30,0
22097,22097,24.72,12.41,,2461200.5,.185507538908473,3.168485771622728,16.16926815738095,322.4290020399483,216.5441576142625,174.1067481047298,MBA,2026-08-11,0
22149,Cinyras,48.190,10.29,,2461200.5,.04597923171499192,5.174241198768656,21.46703312857276,292.37772176,226.170853362661,31.23073894599366,TJN,2026-06-05,0
22177,Saotome,22.097,12.31,,2461200.5,.1409341552094135,3.16897126865564,23.93422833521322,70.24677885136401,209.5947710109805,342.8400233668238,MBA,2026-06-05,0
22180,Paeon,39.753,10.24,,2461200.5,.07124885950688702,5.166873726687582,29.31587654676594,247.6181640786042,147.0459691500834,15.3252534086007,TJN,2026-06-05,0
22185,Stiavnica,20.568,12.58,,2461200.5,.003252068591885011,3.200872782898804,22.57301231912902,99.81106859583318,215.9692019037306,295.0099755623436,OMB,2026-06-05,0
22203,Prothoenor,24.605,11.76,,2461200.5,.1012095530359209,5.19591500688175,1.380991319484022,189.3362692407961,96.3229786291369,245.6732649681924,TJN,2026-06-05,0
22279,22279,23.771,12.78,,2461200.5,.2435111351625665,3.140848488291015,13.80670601846765,322.2716868357265,238.4616308424708,159.0477816645688,MBA,2026-08-08,0
22289,22289,16.726,12.51,,2461200.5,.2282786685375631,3.124466004284759,19.28515777944923,72.92222584634241,300.4986777146241,337.2084233882105,MBA,2026-06-05,0
22401,Egisto,15.491,13.32,,2461200.5,.1184959200152851,3.212851848868432,15.75140309940385,157.5067450976635,31.67574658063174,114.5661192580664,OMB,2026-06-05,0
22503,Thalpius,15.704,12.31,,2461200.5,.0682057817963987,5.214111049691149,9.8987832879394,219.0900938015585,196.5148475067171,114.6910525027088,TJN,2026-06-05,0
22673,22673,16.664,13.12,,2461200.5,.08706975034167797,3.13612664862967,9.086960946970963,318.1069824482199,50.37020541988252,341.2810149608458,MBA,2026-06-05,0
22714,22714,15.944,12.77,,2461200.5,.2057604268527812,3.203696857611396,27.00674214173938,338.1625506402602,265.9600683466865,81.99859243826538,OMB,2025-11-20,0
22743,22743,15.358,13.49,,2461200.5,.2465846149455371,3.155106116490348,13.28044690194199,230.2220437938111,64.39022618338561,40.6213378197854,MBA,2026-08-11,0
22754,Olympus,21.999,12.49,,2461200.5,.06813745977597532,3.130032231740541,17.20794097982279,79.77256098569632,255.8675468058179,56.70524094279855,MBA,2026-06-05,0
22805,22805,15.730,12.59,,2461200.5,.15596996847493,3.154455607269439,17.24141568564072,258.8594094114373,173.6851166120723,224.0868468861539,MBA,2026-06-05,0
22955,Tibees,16.492,13.09,,2461200.5,.1161818767821246,2.776852097611718,21.66261427297572,308.9674327133894,74.67357099371726,323.0338447314817,MBA,2025-11-05,0
23030,Jimkennedy,19.881,12.74,,2461200.5,.12898722557656,2.95900493023701,16.03115087763725,53.37627976344094,11.10399619416856,98.8195545515573,MBA,2026-06-05,0
23075,23075,33.744,11.03,,2461200.5,.1709226052943754,5.195916476787801,14.43398030302357,104.244980017487,321.0341120359678,106.6581480085988,TJN,2026-06-05,0
23078,23078,17.685,12.75,,2461200.5,.1685211058364236,3.179158553564557,18.54108482963896,87.87353111097941,290.6203509703945,339.69650233264,MBA,2026-03-12,0
23099,23099,29.213,11.82,,2461200.5,.1154038166904531,3.141568288658441,21.01881428242591,100.5339971450391,12.00246641112501,250.8930398945181,MBA,2026-03-12,0
23101,23101,18.216,12.39,,2461200.5,.1263598448776191,2.986950727293117,15.43037810457722,101.1840145653892,176.5481232208553,257.6341442973139,MBA,2026-06-05,0
23106,23106,16.617,12.87,,2461200.5,.01110265376861711,3.169202928625697,21.19613696351009,288.2706465438338,323.4053076702544,81.82330495601001,MBA,2025-09-15,0
23119,23119,32.954,11.27,,2461200.5,.1313940460031908,5.26409262480435,18.42944303457544,317.4759394141114,63.58149915017575,156.3581178342938,TJN,2026-06-05,0
23123,23123,25.883,11.39,,2461200.5,.0588473698028238,5.342572982831415,8.526147810371613,317.711324074803,126.3948451668026,92.05639196846643,TJN,2026-06-05,0
23126,23126,23.411,11.82,,2461200.5,.02663977826968656,5.263731592280945,1.224335745091168,3.414341093470927,15.3710425185515,197.0459308877583,TJN,2026-06-05,0
23129,23129,19.555,12.14,,2461200.5,.09758640778803196,3.073966059356386,19.00088072099943,67.9522625058059,319.8485519774569,354.3085614676021,MBA,2026-06-05,0
23135,Pheidas,66.230,9.99,,2461200.5,.05231306081548619,5.277171152141047,17.34206797436093,256.5945662426778,254.1975692134462,42.07760835465334,TJN,2026-06-05,0
23144,23144,19.007,11.61,,2461200.5,.0700154754665142,5.265178932293771,9.402326673933256,230.1364775137085,211.6114783881863,112.1046677554521,TJN,2022-04-27,0
23152,23152,19.483,11.92,,2461200.5,.1510474061590356,5.223997089478191,11.42439605070596,129.3287492750494,294.2949302595587,118.7478741133502,TJN,2026-06-05,0
23174,23174,23.540,11.83,,2461200.5,.2562847219613157,3.944937363066616,15.75628534508993,164.0954978025083,226.2885459622052,330.7608060589779,OMB,2026-03-12,0
23186,Knauss,28.210,11.61,,2461200.5,.1243793234530618,3.996919336681318,13.07625911623366,98.21993467642335,101.4243477878489,229.2561795074099,OMB,2026-06-05,0
23269,23269,24.114,11.59,,2461200.5,.02450866160513092,5.208385362846195,8.727313172824518,285.7133486888397,314.6137037029207,292.545737249851,TJN,2026-06-05,0
23285,23285,29.690,11.14,,2461200.5,.05668414135471336,5.114554498848695,16.57273097753752,329.8617643242077,134.4638716164695,81.98209028216604,TJN,2026-06-05,0
23382,Epistrophos,23.995,12.07,,2461200.5,.105926934366631,5.230247093764802,15.02909418009197,174.4213368983361,285.2087788346895,85.13383985471701,TJN,2026-06-05,0
23405,Nisyros,15.032,13.07,,2461200.5,.1121207257018615,3.979647628458682,5.21486904101697,117.9767804745422,184.1559852289914,304.5944906882013,OMB,2026-06-05,0
23408,Beijingaoyun,16.544,12.76,,2461200.5,.1917673669941053,3.051538422478013,14.7347899324642,214.717904350827,178.5994074991882,48.95794856914583,MBA,2026-06-05,0
23463,23463,26.310,11.60,,2461200.5,.04874513657618253,5.173907433404921,12.88789079162964,110.633006060819,272.2144473512161,36.37606572851113,TJN,2026-06-05,0
23480,23480,27.621,11.41,,2461200.5,.08743331146147641,5.196538056161579,22.55850863454155,280.3255665025964,303.1483540602255,310.9914837953166,TJN,2026-06-05,0
23544,23544,19.006,12.77,,2461200.5,.09175645533431474,3.153213444671847,23.08297313325358,86.88916787168129,320.4563845653558,328.0512505863563,MBA,2026-03-12,0
23549,Epicles,17.505,11.76,,2461200.5,.04510424989016584,5.261517363483464,9.042974042817969,123.9810078488201,70.8756610074653,218.7883604861901,TJN,2026-06-05,0
23617,Duna,15.944,13.02,,2461200.5,.1030741897000286,3.201559613382223,17.27431804045888,210.6739893746222,194.8316935365759,271.1734938562967,OMB,2026-06-05,0
23622,23622,21.258,11.49,,2461200.5,.03531783763418511,5.137219057510007,13.02373675726556,146.5419565067016,325.1693761554944,84.35776961544791,TJN,2026-06-05,0
23624,23624,27.292,11.70,,2461200.5,.1629986744247167,5.240407193981826,19.91501381063628,211.1505138800897,236.1637501012121,104.7201114278584,TJN,2026-06-05,0
23694,23694,32.389,11.54,,2461200.5,.03533748741494125,5.201929844309216,9.787668860790369,81.60411833981009,224.6239601671422,84.29398986206726,TJN,2026-06-05,0
23709,23709,20.368,11.66,,2461200.5,.08286680577291801,5.160626337672024,10.69035040292388,37.93719327941364,336.396856430045,165.288941907447,TJN,2026-06-05,0
23710,23710,17.104,12.30,,2461200.5,.0633824239226102,5.200558286008707,11.05927771788533,224.0994803664974,207.8090287406497,138.0469484737048,TJN,2026-06-05,0
23782,23782,16.811,12.68,,2461200.5,.09699241665060186,3.421509760383075,9.261975542446409,192.4251333809123,270.1230679491887,11.05337678377574,OMB,2026-06-05,0
23918,23918,15.980,13.21,,2461200.5,.1104211747645069,3.141791822948913,13.49072707492988,209.0386704071904,325.0468803976615,201.2064584132895,MBA,2026-03-12,0
23939,23939,24.482,11.49,,2461200.5,.04264150047861906,5.103326564103845,9.923635279903309,66.42692621692531,1.437164723745461,123.144581900862,TJN,2026-06-05,0
23947,23947,18.951,11.91,,2461200.5,.06797951839695074,5.245518951145464,3.60468088022732,216.1363524076984,333.8652998724714,342.7601297087893,TJN,2026-06-05,0
23958,Theronice,46.001,10.16,,2461200.5,.09916542185725286,5.227062746251896,24.90907312040226,225.4243124677857,235.9376327402182,72.91792005438684,TJN,2026-06-05,0
23963,23963,19.945,11.80,,2461200.5,.08921128157693109,5.219457165600297,4.131202445698245,275.2162653076733,147.92045323434,136.6021827895995,TJN,2026-06-05,0
23968,23968,31.358,11.25,,2461200.5,.1625810469925433,5.260214746525885,12.50800973554699,84.03730502909448,29.49101602435963,72.1213174295582,TJN,2026-06-05,0
23970,23970,32.404,11.07,,2461200.5,.06599265957184164,5.262958068258595,32.1159927515306,76.41440787163009,13.84474227253689,82.03205547345745,TJN,2026-06-05,0
23977,23977,16.19,13.29,,2461200.5,.1251618172104721,2.635145656418409,26.05839774618151,208.9667000400369,120.4312516159816,6.40708253187988,MBA,2026-03-12,0
23987,23987,20.585,11.64,,2461200.5,.1693715823063639,5.200118939704362,21.41021960450922,279.7203153107346,68.79677859110012,74.91170772631874,TJN,2026-06-05,0
24018,24018,24.206,11.55,,2461200.5,.0490618791244035,5.237575211170562,15.78184849260023,164.5800618877825,171.6297855164332,88.35865517516487,TJN,2026-06-05,0
24022,24022,20.991,12.24,,2461200.5,.09087895471279203,5.32493228912597,9.861047848254119,196.2803349299117,111.1673486651374,112.3317663567823,TJN,2026-06-05,0
24107,24107,15.523,13.53,,2461200.5,.1312672796598196,3.149130899299322,11.48983564152193,229.7189380237467,187.7845361354669,276.9224025779442,MBA,2026-08-11,0
24127,24127,24.026,11.59,,2461200.5,.06482141117827088,3.195427082736513,22.67406069355224,83.99481687410639,269.52203322675,322.4606579112958,MBA,2026-06-05,0
24178,24178,15.958,12.73,,2461200.5,.1024765516304365,3.18529844896276,17.04520284199013,68.77296256556112,304.539581402774,285.7391626291625,MBA,2026-06-05,0
24233,24233,22.641,11.48,,2461200.5,.0393070188017513,5.304048584070675,11.67362569608422,304.5221201260746,103.30492434,133.542805441945,TJN,2026-06-05,0
24244,24244,35.342,10.95,,2461200.5,.04681773356189492,5.204525644122028,29.14795098260497,292.0695052105643,166.5676697157576,99.60545676737755,TJN,2026-06-05,0
24275,24275,28.389,11.20,,2461200.5,.04427904900149485,5.117646367400536,12.55380687716784,276.4864121697879,219.3512082666601,42.19175982359478,TJN,2026-06-05,0
24279,24279,20.315,12.18,,2461200.5,.07519005965215608,5.192299234844016,10.74609439858236,313.5565255583917,132.9227722389481,108.0943661535602,TJN,2026-06-05,0
24282,24282,18.576,12.76,,2461200.5,.07075275880171458,3.229915981758,16.33957556298611,81.58211354927907,202.9408208384418,36.97566811197941,OMB,2026-08-11,0
24312,24312,25.545,11.66,,2461200.5,.1044546270249419,5.255521155237523,16.67056876999357,60.61329891848907,291.1598198114521,184.7940108048093,TJN,2026-06-05,0
24313,24313,34.591,10.78,,2461200.5,.08455730804745031,5.262615155754465,18.1553947726794,33.83924635309734,357.2581633138009,137.0712379925489,TJN,2026-06-05,0
24340,24340,19.069,12.19,,2461200.5,.1493782471058762,5.229683430555195,6.068671600283209,271.4839398821506,165.8699492393626,108.5101671005894,TJN,2026-06-05,0
24341,24341,16.427,12.07,,2461200.5,.06684813256524175,5.265348012749044,14.16507584769385,120.9470030022182,321.6289570390495,107.9942948415284,TJN,2026-06-05,0
24357,24357,21.845,11.81,,2461200.5,.06147475645551382,5.315950251875315,8.805162959195037,244.6512950821233,197.1860802598265,86.66883117243573,TJN,2026-06-05,0
24362,24362,17.134,13.04,,2461200.5,.03494015805888229,2.924885388854542,8.704821311889608,262.5805386197717,158.9530313055487,157.2181424904456,MBA,2026-06-05,0
24380,Dorippe,31.607,11.29,,2461200.5,.08231334140917658,5.273838526020787,7.169146238601458,9.761575120802787,37.25431980017382,142.9204015776407,TJN,2026-06-05,0
24388,24388,20.400,12.14,,2461200.5,.1686107067109078,3.041654629681499,14.92166033296938,242.9039821054097,281.9663028388945,299.9347038296992,MBA,2026-06-05,0
24390,24390,25.380,11.74,,2461200.5,.05565465463309564,5.249331171165782,12.63953118491596,142.7317528123951,345.2514515139426,42.91618858501877,TJN,2026-06-05,0
24403,24403,29.392,11.35,,2461200.5,.02977710467107791,5.287393936008288,22.50595651736108,146.5496447163944,329.2707996684925,72.239665671295,TJN,2026-06-05,0
24412,Ericpalmer,19.054,12.82,,2461200.5,.05114017639558111,3.149037573496238,16.93259369556824,183.524547132964,189.9588731878395,19.93561084708634,MBA,2026-06-05,0
24420,Thasos,21.723,11.55,,2461200.5,.05927259629767016,5.301956026795932,8.477304562285623,113.8714206955125,9.317331870568637,59.68741072102046,TJN,2026-06-05,0
24439,Yanney,15.574,13.21,,2461200.5,.02878475398977441,3.255103841838841,14.85330453278329,222.0199842607418,134.3246741577576,335.619541349192,OMB,2026-06-05,0
24440,24440,25.004,12.68,,2461200.5,.1885323565605339,3.161878433593571,25.57030795604593,358.8909348512046,300.8487385760677,44.05997421241549,MBA,2026-03-12,0
24444,24444,23.619,11.49,,2461200.5,.05394828023216185,5.135212012565812,6.898654265966361,291.389512707634,354.9536117484752,103.0073784080372,TJN,2026-06-05,0
24446,24446,31.392,11.15,,2461200.5,.08000708264976812,5.213503016170248,25.33018404099093,287.0750900816572,69.6006152598701,41.40929867497556,TJN,2026-06-05,0
24448,24448,25.907,11.57,,2461200.5,.05229546930627224,5.142710546890932,8.857473382910396,156.8569503226725,199.6632120564249,45.98788507858917,TJN,2026-06-05,0
24449,24449,22.792,11.97,,2461200.5,.04986490454077325,5.216060527433138,36.94612382637329,158.4640413048512,220.8560138814302,35.41127727102966,TJN,2026-06-05,0
24451,Molion,40.666,10.35,,2461200.5,.1294483708988967,5.275399040086677,21.39986874793877,28.55766969191439,324.3390323805712,54.9173284654228,TJN,2026-06-05,0
24452,24452,18.689,11.96,,2461200.5,.06089953951134034,5.187710743650749,6.861228698387769,225.9676013690031,213.2051294165816,343.8171109608142,TJN,2026-06-05,0
24453,24453,27.932,11.36,,2461200.5,.05315919813571222,5.146255544677501,9.783789794202949,291.648277857211,355.7362692669962,106.3702029849616,TJN,2026-06-05,0
24454,24454,28.224,11.49,,2461200.5,.03437281578294928,5.088074732493816,4.172546622218616,95.20851288751675,262.642687511917,76.01636570975708,TJN,2026-06-05,0
24456,24456,20.613,12.09,,2461200.5,.04322229772411433,5.212176119375683,8.061616171667922,220.7593217765572,143.1908618955796,63.21440132065224,TJN,2026-06-05,0
24458,24458,25.686,11.85,,2461200.5,.09018605844522955,5.239643170612873,18.18974142670185,268.2901226292971,4.707136469879209,154.9066384605007,TJN,2026-06-05,0
24459,24459,28.326,11.95,,2461200.5,.117558811770166,5.252531105085189,15.51834391531915,307.7667318336829,7.187566317692122,86.77678372577631,TJN,2026-06-05,0
24467,24467,21.164,11.89,,2461200.5,.1013446936203653,5.255165189829668,16.39119027101942,243.4582367655898,82.88021319266856,91.92433277817136,TJN,2026-06-05,0
24470,24470,33.067,11.01,,2461200.5,.08536706747819761,5.25837574896753,23.92701616400186,260.6792241769684,70.2137692500006,100.4136832632315,TJN,2026-06-05,0
24471,24471,29.125,11.20,,2461200.5,.04516246124360893,5.307955772055994,26.97808695210162,241.6777793455957,141.5907085963034,23.9282725894769,TJN,2026-06-05,0
24472,24472,28.723,11.62,,2461200.5,.04730255102326734,5.209403920981821,21.13552550654129,237.6254435982881,139.4400066206952,58.06598885104619,TJN,2026-06-05,0
24478,24478,19.439,12.71,,2461200.5,.2131321318013638,3.130097409173173,26.37752233384185,131.0713859648149,100.9270965844852,131.1992787851866,MBA,2026-03-12,0
24485,24485,26.422,11.46,,2461200.5,.04108322332468328,5.150537235977677,13.27046559443987,151.2606449831379,191.1334635229782,199.6951550442745,TJN,2026-06-05,0
24486,24486,33.157,11.20,,2461200.5,.07514247637266074,5.182760717889191,8.288268507676635,189.9820873042411,140.1742755884161,205.6144093978783,TJN,2026-06-05,0
24501,24501,24.543,11.74,,2461200.5,.1051510736834848,5.188281456202597,20.25207579478003,348.5877397406259,91.17673667133826,97.8049405640519,TJN,2026-06-05,0
24505,24505,31.888,11.20,,2461200.5,.04785104589505396,5.249444217703836,17.44144552984356,348.0862790531798,349.0458419352019,208.1616784042991,TJN,2026-06-05,0
24506,24506,39.052,10.74,,2461200.5,.03002797806059333,5.320374896363699,11.81892437908633,340.0986679539709,128.2185746304831,64.28409646432742,TJN,2026-07-15,0
24519,24519,26.279,11.66,,2461200.5,.0882506340113,5.218592423786886,13.49999050428446,355.6947901736555,138.3945704944171,45.17185697972222,TJN,2026-06-05,0
24530,24530,25.883,11.78,,2461200.5,.1182574976330492,5.150974489094133,11.42463333119463,149.8465043204553,250.7327129187413,144.008423881588,TJN,2026-06-05,0
24531,24531,20.624,11.74,,2461200.5,.08526452478849798,5.210897001811309,22.53120914701132,190.5092645034398,239.697297031962,88.05301444420536,TJN,2026-06-05,0
24534,24534,29.913,11.37,,2461200.5,.08112234165792494,5.223646480000157,13.04959507257394,28.81274242855834,306.2961417277407,218.3009358309207,TJN,2026-06-05,0
24537,24537,31.158,11.18,,2461200.5,.08238414548614478,5.186250139377954,18.26652578235696,34.88590348674943,16.66452726914919,142.4309806001792,TJN,2026-06-05,0
24539,24539,15.471,12.14,,2461200.5,.08493916152157124,5.308256310589311,10.97074519046596,24.99497201222029,93.26326511010335,55.73574633433839,TJN,2026-06-05,0
24561,24561,15.124,12.86,,2461200.5,.1314801780688045,3.078457057546411,10.83079086935908,185.4268434804193,292.2226739540351,309.9592544500832,MBA,2026-06-05,0
24587,Kapaneus,25.738,11.52,,2461200.5,.01168045749517354,5.192219003741434,29.03739404940895,176.3603662461124,341.5292720242489,29.52421174707397,TJN,2026-06-05,0
24638,24638,19.438,13.65,,2461200.5,.0472947453063457,3.167578665256341,8.757668455616612,202.5397217033402,309.0318030173451,221.1618321588617,MBA,2026-06-05,0
24649,Balaklava,16.790,12.90,,2461200.5,.2351597115844164,3.188815483198453,12.26339107707189,226.9977668967229,94.71955078344388,99.20593447469527,MBA,2026-06-05,0
24689,24689,17.072,12.94,,2461200.5,.2897023200416063,3.14428028902991,27.39977011364636,239.1570811659264,39.48610933018797,164.8151665146626,MBA,2026-06-05,0
24701,Elyu-Ene,17.503,12.73,,2461200.5,.1726594264533109,3.939143821328364,15.54169718729359,94.28216213949509,34.9799590081123,145.2859964074712,OMB,2026-08-07,0
24749,Grebel,18.239,13.12,,2461200.5,.1618824401230418,3.200147030046255,19.6200740777341,185.5749941762903,146.722209768104,347.4445783605221,OMB,2026-06-05,0
24866,24866,20.381,12.35,,2461200.5,.05444720027962925,3.224778009400382,21.24975622462418,357.3491452812382,324.3827588742883,293.6397814008476,OMB,2026-06-05,0
24882,24882,19.116,11.66,,2461200.5,.06038662525344874,5.184796027539535,7.121154755521863,333.3594596695015,124.945459813696,70.54864564049383,TJN,2026-06-05,0
24963,24963,16.495,12.82,,2461200.5,.03181408438969638,3.219604682777512,21.34507912104245,.01308488566287413,40.19374328039201,303.3803624373072,OMB,2025-11-05,0
25000,Astrometria,17.483,12.78,,2461200.5,.1041437482075377,3.158017582277609,14.99183992114461,141.8284250760717,16.69091054661003,145.0685698057488,MBA,2026-06-05,0
25011,25011,17.133,12.60,,2461200.5,.05526920020920329,3.241805716664605,9.468719446243197,289.6067492398754,104.6821895055783,224.8106253788261,OMB,2026-06-05,0
25263,25263,16.896,12.93,,2461200.5,.1654502019877228,3.207431550444223,13.36626691304105,64.02462453739527,72.54447321238489,197.3774969657705,OMB,2026-06-05,0
25270,25270,17.100,12.63,,2461200.5,.1014736784053496,3.141062739148606,5.317904643155475,239.315015481052,270.6218088656649,246.6849339088839,MBA,2026-08-11,0
25303,25303,15.126,13.15,,2461200.5,.04478806629092619,3.169092808721683,3.78754325500377,170.6362500241813,279.2180709353885,293.1757778852262,MBA,2026-08-11,0
25306,25306,21.138,12.34,,2461200.5,.1493937778531523,3.196123039570699,18.28240806623894,65.16148671905169,263.5464728884683,46.43545467960977,MBA,2026-03-12,0
25310,25310,15.306,13.09,,2461200.5,.2794273822895152,2.903500206375857,14.48725487995119,220.255515078187,127.559541762433,272.545202085592,MBA,2026-06-05,0
25312,Asiapossenti,18.194,12.43,,2461200.5,.09212292043184528,3.218067573048061,13.23912694317165,267.399603910127,49.26545533523564,25.31334292829046,OMB,2025-11-05,0
25344,25344,23.288,11.74,,2461200.5,.06784637178611613,5.310444053862312,19.81004603224716,157.6982918307572,163.5339910133769,93.94659201557168,TJN,2026-06-05,0
25347,25347,28.649,11.70,,2461200.5,.07116857110275904,5.232702357606648,17.43463263580744,184.9335002181681,165.1427930807349,55.53768110093134,TJN,2026-06-05,0
25699,25699,18.572,12.76,,2461200.5,.09579184096550684,3.071020164661132,12.40672507290009,292.75897050,55.84824931146544,105.619303032049,MBA,2026-06-05,0
25700,25700,16.498,13.24,,2461200.5,.07047579018445861,2.842393626019529,17.4926533547715,143.0950443181765,121.9443268021019,56.43376220534121,MBA,2026-03-12,0
25789,25789,16.656,13.16,,2461200.5,.1937047265695361,3.17376113046917,13.2945106288993,169.5021313895529,146.3301192001813,97.87439647567859,MBA,2026-06-05,0
25791,25791,16.088,12.95,,2461200.5,.06330609362634579,3.170197037711624,16.36762662738448,176.6097359427966,333.8325999722828,243.0904904352104,MBA,2026-08-11,0
25800,Glukhovsky,16.313,13.10,,2461200.5,.1252686146245538,3.991155168510626,2.409381784300717,3.26904565063561,180.2849907589915,87.35776247612941,OMB,2025-11-05,0
25842,25842,19.209,13.22,,2461200.5,.1476744514748883,3.166698707857576,11.21042246597296,137.9693236009267,312.8623938818062,284.8903278743985,MBA,2026-08-11,0
25843,25843,15.114,13.53,,2461200.5,.07742176578139398,3.164751186352426,10.57986015778199,191.870115671451,261.9803786848359,289.8520984723986,MBA,2025-11-07,0
25869,Jacoby,22.676,11.86,,2461200.5,.1448482331570943,3.983306310614865,16.96252297040897,249.9767495727181,251.1160332619249,144.5886704651513,OMB,2026-06-05,0
25883,25883,29.842,11.36,,2461200.5,.02074030684909042,5.164826601829353,18.62619999371886,230.6049447889493,35.54122450916328,167.9483597539797,TJN,2026-06-05,0
25895,25895,33.195,11.23,,2461200.5,.07631985959785846,5.215735967860552,21.57132112875584,70.53741408174371,167.5129836467346,301.0928777722279,TJN,2026-06-05,0
25910,25910,24.636,11.89,,2461200.5,.02322598550041404,5.203019424982174,19.60379682939448,60.85578083048093,313.4915019357796,182.3806546946446,TJN,2026-06-05,0
25911,25911,18.098,11.73,,2461200.5,.04415471124916772,5.258952431815723,21.37347089619634,208.2186659324662,260.854469499037,85.42025938229067,TJN,2026-06-05,0
25917,25917,17.359,12.68,,2461200.5,.1213466350142597,3.155984578108959,21.43491158599635,62.40233905549546,173.9430737376453,164.3294011393994,MBA,2026-06-05,0
25937,Malysz,15.131,12.29,,2461200.5,.06529199738444928,5.311096447078325,2.350065559904353,25.69605676443289,54.34311236869816,100.7781501662689,TJN,2026-06-05,0
25938,Stoch,15.430,12.24,,2461200.5,.1658343793511512,5.160815019018597,12.75402426951097,13.79710957341585,102.7376691282288,87.96909046578031,TJN,2026-06-05,0
25977,25977,22.255,12.21,,2461200.5,.1286254589778388,3.107700420429891,17.66462253900437,16.8114823033991,264.1653141395864,145.5142313514311,MBA,2026-06-05,0
25982,25982,15.789,12.96,,2461200.5,.05938420490771012,3.241432515628252,21.31627152101395,194.7616717558296,114.0090994735441,27.26507056406007,OMB,2025-11-05,0
26086,26086,19.399,12.55,,2461200.5,.0199079234108665,3.216945452916027,22.34439950859197,49.92380460921695,313.3034436502144,308.7334065305654,OMB,2026-06-05,0
26325,26325,23.033,12.56,,2461200.5,.1294697506592142,3.191506144616747,17.09073879482493,69.12265895588403,356.2657053221685,287.1376559241716,MBA,2026-06-05,0
26369,26369,24.286,12.43,,2461200.5,.02120723891706777,2.942909394701926,16.65424711526716,177.2151186597007,126.7267058442046,341.0638615298321,MBA,2026-06-05,0
26382,Charlieduke,22.946,11.89,,2461200.5,.1419462720573133,3.167012557226153,21.1525880318277,245.7943806588081,251.5810903190932,352.4324567871611,MBA,2026-06-05,0
26482,26482,21.987,12.28,,2461200.5,.058211951654108,3.233754527131768,13.63400173841727,254.2521711520785,23.08751465569084,90.32101343365721,OMB,2026-03-12,0
26568,26568,16.708,13.12,,2461200.5,.2094014980098164,3.153850249005181,14.84516340905157,196.7444504180642,230.8016465190252,342.167398667495,MBA,2026-06-05,0
26601,26601,24.609,11.40,,2461200.5,.0918527652891958,5.278906578264287,23.4355635826117,41.17973745519748,18.14210294111137,118.8765027263091,TJN,2026-06-05,0
26610,26610,16.376,12.97,,2461200.5,.02774741580371365,3.047036708399537,5.38763532759234,161.1849583958364,358.4115584627842,9.262714424003276,MBA,2026-06-05,0
26647,Brabham,16.821,12.90,,2461200.5,.1004062057635623,3.17343847421345,15.22811531889062,260.3488477977086,255.1792625293985,297.9858641999778,MBA,2026-06-05,0
26649,26649,15.935,12.32,,2461200.5,.02020373294832861,3.18727003403113,22.56557935758531,115.3328201704705,268.5865434598639,59.73405722547434,MBA,2026-06-05,0
26705,26705,21.260,12.10,,2461200.5,.09024682383239913,5.244817535992363,11.7965782443696,52.75054307044589,27.87729555578509,118.2817867427846,TJN,2026-06-05,0
26718,26718,23.298,12.34,,2461200.5,.0318864794630472,3.201134228492491,20.60914711693985,235.7444376609468,196.007748004077,303.8057215961431,OMB,2026-06-05,0
26722,26722,16.349,12.65,,2461200.5,.2589610912356838,3.091040599457371,18.85624028098549,233.350142371891,43.6491340868882,183.1934834213168,MBA,2026-06-05,0
26761,Stromboli,16.835,12.50,,2461200.5,.1690681109165716,4.014610863723109,3.536157528734963,223.1736006120201,228.5223579164235,14.72870002479978,OMB,2026-06-05,0
26821,Baehr,15.555,11.89,,2461200.5,.1069104284263955,3.031328725211405,9.938648979227578,327.0185130437869,80.53043024679603,196.9816388323772,MBA,2026-06-05,0
26997,26997,15.329,12.54,,2461200.5,.0728190953066203,3.344858632109617,13.84450845741339,303.3194038215487,63.11457467780456,328.4277728401449,OMB,2025-11-05,0
27000,27000,15.111,12.54,,2461200.5,.04669984152195957,3.243423535193564,11.95096218884498,117.7423961777352,347.1812058558106,321.1882602422245,OMB,2026-06-05,0
27109,27109,19.988,12.46,,2461200.5,.03984499934197885,3.156236239920024,19.79394597573825,95.0865596790741,112.4349843105539,252.8852628405583,MBA,2026-06-05,0
27189,27189,15.867,12.98,,2461200.5,.03491275347735844,3.387294623226506,9.285010353464473,140.66330980,91.13497967053257,65.53980956931383,OMB,2026-06-05,0
27220,27220,15.381,12.65,,2461200.5,.1498737356290432,3.148582714559748,11.30556937214327,164.4383638331483,296.5701033656401,25.36650305873333,MBA,2026-06-05,0
27223,27223,16.434,12.93,,2461200.5,.1693900428071365,3.186310685872571,15.35892454672579,125.6469429937716,331.73271514769,340.9004618649506,MBA,2026-06-05,0
27226,27226,22.724,12.17,,2461200.5,.03760557711869592,3.21649017645528,15.40746218869838,132.0340836824141,305.7025053398986,358.8683242353711,OMB,2026-06-05,0
27321,27321,20.765,13.01,,2461200.5,.1298631209952816,2.747932974578821,11.41269559666309,32.95633038979567,224.7092815658021,195.4772032129676,MBA,2026-06-05,0
27359,27359,19.647,12.78,,2461200.5,.093321468123581,3.346006282886261,12.7726102516057,136.7351289628638,268.5374130967242,221.323249485407,OMB,2026-06-05,0
27360,27360,16.659,13.06,,2461200.5,.2310300003147768,3.099588036720696,21.04075911673625,152.462325785034,166.560951078428,171.31140375701,MBA,2026-06-05,0
27396,Shuji,23.853,11.69,,2461200.5,.08616515930779879,3.196095954683766,22.78146869025586,169.8186636710737,314.2836625424225,336.8512139998906,MBA,2026-06-05,0
27418,27418,16.421,13.19,,2461200.5,.1256352921273899,2.901438902741249,15.07414091138731,257.1192242235329,322.0337501402573,59.98367653027636,MBA,2026-06-05,0
27476,27476,15.508,12.65,,2461200.5,.01393372902681162,3.137591358661451,15.51946875514079,131.2991761327934,110.9860247383459,223.5096086323643,MBA,2026-06-05,0
27477,27477,17.278,12.80,,2461200.5,.1551329734909082,3.154530531029027,14.98587839068306,132.2784629570035,133.9666703332483,205.268631495381,MBA,2026-06-05,0
27561,27561,20.268,12.44,,2461200.5,.199596094901737,3.975752470440657,5.557134261577721,141.52849780909,216.1095861986988,13.71038130584022,OMB,2026-03-12,0
27723,27723,17.925,12.60,,2461200.5,.2150709569038172,3.089710042186578,20.06435878364739,25.68359859215575,338.1573599962118,167.2884029147347,MBA,2026-06-05,0
27736,Ekaterinburg,16.788,13.23,,2461200.5,.330841751922423,3.142778174898177,11.29104020652085,23.05176681155194,79.06726908894662,88.4052105376955,MBA,2026-06-05,0
27920,Noguchiujo,16.445,12.81,,2461200.5,.1026773293238196,3.183166562686397,18.07182517849754,56.64985874443833,303.3821968330402,114.6590557834496,MBA,2026-06-05,0
28005,28005,15.157,12.86,,2461200.5,.2433882944672272,3.065825638041356,13.62041444475138,242.3041190923734,245.8129510861027,109.6648485960568,MBA,2026-06-05,0
28016,28016,16.921,12.66,,2461200.5,.1074909489411033,3.186340374530165,17.62706478936062,125.1331910890628,311.2014348492178,59.3199111993601,MBA,2026-06-05,0
28029,28029,15.659,12.41,,2461200.5,.1105132617575367,3.422678336570979,7.567445356851596,246.2308727097391,175.3642780377361,261.7179171099658,OMB,2025-11-05,0
28041,28041,15.822,13.00,,2461200.5,.06892281607688688,3.23340536321473,12.99302766216213,24.56255401824348,244.3959998092162,225.3818629641661,OMB,2026-06-05,0
28079,28079,17.202,12.30,,2461200.5,.09734084984424704,3.133643614177509,23.85922164157132,158.8273418618156,276.4739258806548,254.3776257777132,MBA,2026-06-05,0
28373,28373,16.766,12.53,,2461200.5,.1753292460782936,3.170856504930541,11.51630368248633,100.8942990021222,306.1204336240201,60.52640236203722,MBA,2026-06-05,0
28385,28385,19.366,12.56,,2461200.5,.07198254684917263,3.22330786106907,15.70703787860101,70.46646382120322,54.05987704785136,330.2569211551131,OMB,2026-06-05,0
28489,28489,16.511,12.76,,2461200.5,.06035935016078558,3.183034106014189,22.77684723707096,163.4597903364692,4.503853739722818,233.9313110121861,MBA,2026-06-05,0
28490,28490,15.019,13.07,,2461200.5,.1659566001280497,3.1018963650818,16.83272374038707,148.738352260601,294.6591954284023,17.99526371503585,MBA,2026-06-05,0
28546,28546,17.434,12.68,,2461200.5,.06607591004124951,3.168320435309977,9.337601615802052,184.1066791848636,129.5977873520598,123.2878247782616,MBA,2026-06-05,0
28754,28754,15.266,13.00,,2461200.5,.2146549271790557,2.914020987051007,16.64748867488129,218.1008972264497,302.632143909924,133.964889206174,MBA,2026-06-05,0
28861,28861,19.691,12.28,,2461200.5,.06052248464433678,3.153503535674474,13.717817514039,253.2168761424846,57.98101850266259,183.3498008657055,MBA,2026-06-05,0
28876,28876,15.680,13.40,,2461200.5,.04310954622227538,3.205260092703353,9.267290742109346,70.80860963443757,293.6197381606615,89.88703050081988,OMB,2026-06-05,0
28904,28904,16.424,12.95,,2461200.5,.1039818452132938,3.205564937189412,16.51151519393614,210.8053707379535,145.9931546569002,94.15709739860559,OMB,2026-06-05,0
28918,28918,17.657,12.59,,2461200.5,.1346411721085905,3.96721507984936,6.825745346397754,168.4100838026183,328.5448243279445,318.8341540274345,OMB,2026-06-05,0
28922,28922,19.171,12.69,,2461200.5,.1696526679193293,3.116258931477998,19.3898993979786,326.905599025043,158.1068563296061,88.96108742274771,MBA,2026-06-05,0
28938,28938,18.175,12.24,,2461200.5,.1179944480614307,3.173455312523723,20.37298708396622,269.5043803801054,83.28946626744974,201.0284903704195,MBA,2026-06-05,0
28958,Binns,21.577,12.24,,2461200.5,.08353955517459988,5.299820244432426,8.227953409267119,147.8038448824044,287.6711734424575,101.5561729690614,TJN,2026-06-05,0
28959,28959,18.450,12.73,,2461200.5,.1900122788208205,3.155368746825671,26.53814323208499,214.7908575506535,52.49273459180463,151.7601553135809,MBA,2026-06-05,0
28960,28960,17.272,12.74,,2461200.5,.03430572410336388,5.312803694993665,2.78933504876011,339.6230144939051,31.58257499331155,157.1591779518623,TJN,2026-06-05,0
28962,28962,16.557,12.95,,2461200.5,.1308455954000581,3.114949268036427,24.23089273845788,184.6823630894207,167.4702014710229,70.62109490294918,MBA,2026-06-05,0
29080,Astrocourier,17.775,12.64,,2461200.5,.1878708723795316,3.14865830965611,18.1541633376773,1.286299936127316,23.29202023581209,154.9079421958717,MBA,2026-06-05,0
29196,Dius,16.129,12.09,,2461200.5,.05275230512020998,5.241937459907369,3.854741014968286,67.60674410342688,39.78394555613276,295.6847255588394,TJN,2026-06-05,0
29254,29254,15.411,12.74,,2461200.5,.09258474166607868,3.202591766550162,5.881122537820623,74.50651966828998,226.0643065884578,190.32848944621,OMB,2026-06-05,0
29314,Eurydamas,21.386,11.58,,2461200.5,.07403082571916822,5.302054012754501,15.22112181041538,143.330651159708,135.5614008108088,141.9122477310743,TJN,2026-06-05,0
29423,29423,16.548,12.98,,2461200.5,.262041724311841,3.18723861923833,16.16545552767401,334.6549836489241,72.59163329194558,100.100478523467,MBA,2026-06-05,0
29426,29426,16.653,12.79,,2461200.5,.1620058222440737,3.168528095415724,9.531693103103111,317.0614850628824,147.8979241599274,76.79760849787736,MBA,2026-06-05,0
29492,29492,16.198,13.08,,2461200.5,.09348099476921143,2.62771188976472,11.15458501761438,81.83456634689254,30.45792436319359,217.0737742963249,MBA,2026-03-12,0
29517,29517,15.222,13.31,,2461200.5,.08339878222282623,2.930840709042167,9.669727620405583,77.62222531603466,38.46802253392744,238.5813219004423,MBA,2026-08-11,0
29538,29538,21.583,11.69,,2461200.5,.05723377859596245,3.396792435040741,14.66571259514155,87.65940898941706,49.54082930300304,208.3286113529631,OMB,2026-08-11,0
29555,MACEK,22.911,12.21,,2461200.5,.1265512614600817,3.161923485063584,13.90099082897861,112.1816130406779,226.2669011769021,164.7074136412227,MBA,2026-06-05,0
29564,29564,27.139,11.90,,2461200.5,.2151458067852379,3.0940829597539,13.40540182644764,292.8370521998112,55.55229021741853,218.9960715429988,MBA,2026-06-05,0
29588,29588,15.815,13.16,,2461200.5,.1719208515083992,3.181168112065314,15.83390197410235,18.40044607591153,110.8998314805581,44.10318933978377,MBA,2026-06-05,0
29595,29595,20.748,12.00,,2461200.5,.1135874742207103,3.189774540431924,22.91128430665523,50.4314180029424,46.13360089493603,24.97760366751143,MBA,2026-06-05,0
29603,29603,32.512,11.16,,2461200.5,.03303483870161864,5.129773388436144,33.41280557322526,113.5728838213995,190.2308205099938,99.25597460145251,TJN,2026-06-05,0
29665,29665,20.967,12.95,,2461200.5,.2109935120947543,2.867152644248681,7.988917270535382,346.8869605231328,238.9821385832538,173.3829382751259,MBA,2026-06-05,0
29719,29719,16.506,12.91,,2461200.5,.02055045892268835,3.157069672036977,11.45726150887372,314.9655888862138,38.92164130473053,101.3633141164986,MBA,2026-06-05,0
29769,29769,23.635,12.31,,2461200.5,.1989171309322453,2.676082216702521,12.8910327642068,96.53574958664825,224.9267653114215,258.5457894291015,MBA,2026-06-05,0
29865,29865,17.312,12.98,,2461200.5,.1312736657826096,3.181542714624055,13.37810091617884,338.175518358586,80.79126984568138,21.47405741690049,MBA,2026-06-05,0
29895,Sarafaggi,18.475,12.93,,2461200.5,.04283111143691386,3.074963801004206,13.54843115847112,230.720563769621,111.1759976936006,236.8514745556903,MBA,2026-06-05,0
29931,29931,19.911,12.30,,2461200.5,.05444688343811037,3.177513901461383,14.66421724124837,237.9313200488335,289.5269502382793,343.1922050745547,MBA,2026-06-05,0
29936,29936,17.471,12.67,,2461200.5,.03878229282400733,3.214922781323763,20.68245150639351,235.7358564002773,230.815725998999,17.88553010873438,OMB,2026-06-05,0
29943,29943,40.347,10.96,,2461200.5,.1542116602388823,3.120939752324671,19.65563723608743,90.69215444043752,25.17382361182152,48.79358973380898,MBA,2026-06-05,0
29944,29944,16.246,12.53,,2461200.5,.1776140703312772,3.944630584797649,13.63279645480433,114.152407128333,167.2509974624604,125.9722935789547,OMB,2026-06-05,0
29945,29945,15.367,12.39,,2461200.5,.1078563129394099,3.116893842578665,23.18704155430906,184.2605203276722,290.8615251256941,81.73993340177257,MBA,2026-06-05,0
29956,29956,15.059,13.24,,2461200.5,.126344400966356,3.196217015564974,14.9825305734277,145.0378958599682,178.2938471778303,179.618794780993,MBA,2026-06-05,0
29976,29976,33.952,11.03,,2461200.5,.01009413753336618,5.164020541902922,30.06941785783695,318.8919342913184,105.0042276693188,3.318959108138555,TJN,2026-06-05,0
29977,29977,33.098,11.17,,2461200.5,.08805821530051591,5.215834634950004,23.98577302567742,133.9707191198988,156.1771364284787,116.0651519446342,TJN,2026-06-05,0
30020,30020,21.625,12.01,,2461200.5,.04749591299162252,5.289591593610832,16.65167190449843,80.077448539589,330.8835366461095,131.774025947712,TJN,2026-06-05,0
30102,30102,36.422,10.85,,2461200.5,.04039568345044577,5.265310232421798,23.69752949352024,42.18379402673723,281.8302012721977,214.8667204722704,TJN,2026-06-05,0
30401,30401,15.282,12.68,,2461200.5,.08378702712198838,3.204816620447365,17.02577423877264,120.7842751650134,65.73807844497779,248.5256463579194,OMB,2026-06-05,0
30472,30472,18.885,12.80,,2461200.5,.1901401501278736,3.209708224820466,15.13216973530392,308.1992913441138,53.53971126395591,124.8006523900525,OMB,2026-06-05,0
30482,30482,23.801,12.03,,2461200.5,.1035885642541412,3.182094143129537,16.58092937322425,287.0272917259238,186.9927136114979,61.21125281023483,MBA,2026-06-05,0
30497,30497,16.898,12.76,,2461200.5,.08108224412901301,3.164646056807228,13.80118278326394,153.5688083300967,95.29656425857003,302.0268670450538,MBA,2026-06-05,0
30498,30498,22.172,11.91,,2461200.5,.08917957442544516,5.26875412892698,4.67718210054571,107.4104481722322,243.1410688789635,52.24019656985546,TJN,2026-06-05,0
30499,30499,21.180,12.28,,2461200.5,.05722878039034373,5.173380290311316,3.912479625972386,266.9875549361674,108.7494442625497,44.99307263910615,TJN,2026-06-05,0
30504,30504,29.232,11.47,,2461200.5,.06239382213147068,5.219833243659152,5.284065542416542,296.6550291495902,287.0962814387083,190.1184498491863,TJN,2026-06-05,0
30505,30505,25.838,11.71,,2461200.5,.08256909274667858,5.211899517031021,28.66510693254934,202.5580109307,196.3402021099431,29.03933874234702,TJN,2026-06-05,0
30506,30506,34.356,11.05,,2461200.5,.0820353275711049,5.127675636310241,20.0554717812934,343.3528794969224,12.46150581294942,66.73606263904095,TJN,2026-06-05,0
30508,30508,16.258,12.15,,2461200.5,.04832669691284536,5.136944860907799,17.21969767772596,229.2488574706675,106.9987974045521,98.34443844921481,TJN,2026-06-05,0
30510,30510,18.667,12.09,,2461200.5,.1263680261192247,5.282435741886088,11.43109771161395,342.6740809124492,49.56478117546528,146.8757978116103,TJN,2026-06-05,0
30512,30512,17.612,12.81,,2461200.5,.3238090091262645,3.849612047513324,25.71780534530507,128.4407811629817,43.10116922636054,154.5306539331943,OMB,2026-08-20,0
30529,30529,15.428,12.95,,2461200.5,.0532879947723154,3.188773072004071,14.561354035111,271.7041324915608,163.5522714014959,355.8300593243672,MBA,2026-06-05,0
30534,Holler,16.397,12.66,,2461200.5,.1323604643735235,3.10815977134504,11.83421109430101,259.7995176177542,158.787633471378,118.9575401784247,MBA,2026-06-05,0
30545,30545,22.164,12.32,,2461200.5,.173599123946403,3.190261704205929,27.04252646260919,220.821133887559,278.3615292297797,7.466935088913364,MBA,2026-06-05,0
30588,30588,17.199,12.82,,2461200.5,.08685133415284285,3.1521189214647,10.58614959760056,284.0198744167938,288.9382279200663,286.4339466239637,MBA,2026-06-05,0
30594,30594,15.868,12.66,,2461200.5,.2029269678809717,3.180178464889413,11.84782946284626,10.97814021365243,8.584239734743305,127.5652114694432,MBA,2026-06-05,0
30656,30656,17.633,12.71,,2461200.5,.1906468553659281,3.109167008348521,17.90900142954988,357.3831105216842,102.5852425809924,81.36072607427826,MBA,2026-06-05,0
30698,Hippokoon,18.293,12.18,,2461200.5,.06363895340777576,5.166334726737432,7.882782102745375,216.2522579946156,101.9611704280211,88.02631090683937,TJN,2026-06-05,0
30704,Phegeus,27.002,11.36,,2461200.5,.04018124920357181,5.269083163521755,14.87947366066573,20.40909589871179,287.8612355526678,121.3691938729826,TJN,2026-06-05,0
30705,Idaios,44.546,10.47,,2461200.5,.0595904414264728,5.181274937754962,19.77642383612952,24.17194413021928,343.6564398750783,32.04172108011765,TJN,2026-06-05,0
30708,Echepolos,25.351,11.89,,2461200.5,.01304088912678222,5.191062298747708,24.1775713674908,29.42613629094301,26.92090902951519,346.0738463277852,TJN,2026-06-05,0
30724,Peterburgtrista,20.694,12.07,,2461200.5,.04477449074539435,3.172880328957999,21.33095640576011,351.2321515665114,45.26877942298734,114.8884370419556,MBA,2026-06-05,0
30768,30768,18.289,12.81,,2461200.5,.01054530026203737,3.243215597454106,9.865085402675234,159.7500465112677,35.83355347018446,5.603233673874486,OMB,2026-06-05,0
30791,30791,20.305,12.21,,2461200.5,.06145147152218217,5.207074201759664,24.7016359682989,164.5042287031309,234.2995334292484,5.847973877596456,TJN,2026-06-05,0
30792,30792,18.407,12.49,,2461200.5,.03544821679542116,5.218794349622594,4.364911354141002,157.4759312045926,62.67173353491231,191.0334917613905,TJN,2026-06-05,0
30793,30793,19.257,12.16,,2461200.5,.06002473672796287,5.221216870132985,21.0059992412722,88.8172033465469,294.325821961162,18.97960389566721,TJN,2026-06-05,0
30807,30807,20.670,12.15,,2461200.5,.0586379134133421,5.22093874087026,4.694690860646919,170.0990532604127,124.593738066193,137.4131944244046,TJN,2026-06-05,0
30942,Helicaon,32.544,11.42,,2461200.5,.06661281020931518,5.206177605403702,22.85624447420234,143.5119478642436,270.6585583183658,17.24792384614191,TJN,2026-06-05,0
30955,Weiser,16.517,13.04,,2461200.5,.1717967445441045,3.191752226238295,6.876656630730893,350.6949562697047,93.89520495817345,118.4575990950872,MBA,2026-06-05,0
31006,Katherine,16.152,12.91,,2461200.5,.138329161212367,3.189836829322756,11.8406837626504,248.9939127481305,289.4846737317849,46.01140058222752,MBA,2026-06-05,0
31037,Mydon,19.127,12.18,,2461200.5,.1303234181327828,5.245589225038586,7.286171135945041,188.7372584824753,28.5862635610736,191.4274541754305,TJN,2026-06-05,0
31097,Nucciomula,15.253,13.01,,2461200.5,.1055138875779788,3.969886581995532,2.707401652478084,97.25625954821906,70.09171361114537,300.6420358471167,OMB,2026-06-05,0
31340,31340,16.064,12.65,,2461200.5,.07865806474404842,3.202681495709606,23.2278813213528,84.08692140898467,17.74045847365081,97.67953260173455,OMB,2026-06-05,0
31342,31342,47.396,10.46,,2461200.5,.07599000449011865,5.223947810818716,24.41072543467495,102.9505821655762,192.24750718255,120.4002471476573,TJN,2026-06-05,0
31344,Agathon,40.645,10.99,,2461200.5,.03716862469165244,5.332371564026285,7.482040147772609,27.23393088584842,327.5607922467736,45.85483010038062,TJN,2026-06-05,0
31499,31499,15.267,12.80,,2461200.5,.09491631471944141,3.147691632604883,15.86277596434032,281.3539030277974,201.2242577517831,337.3067777874321,MBA,2026-06-05,0
31539,31539,20.775,12.48,,2461200.5,.1754152129650123,3.215081182904306,17.03413462340535,330.7677161281642,288.2970057543558,166.9612025513719,OMB,2026-06-05,0
31733,31733,16.521,13.11,,2461200.5,.1317734702331684,3.1836370348396,8.036368344996363,87.22198727176702,254.8138527958905,164.3347855104293,MBA,2026-06-05,0
31751,31751,15.198,12.73,,2461200.5,.1757004126720837,3.158864437197629,17.5562397424886,107.8073889479513,227.8304876795494,177.1568412718518,MBA,2026-06-05,0
31762,31762,15.768,12.70,,2461200.5,.08253765855341051,3.096879265935943,18.36289033267662,92.91175030281603,356.4846516828804,101.3566183583778,MBA,2026-06-05,0
31801,31801,18.046,12.42,,2461200.5,.09339088383295965,3.245830140278327,24.82717072240065,98.1752458524825,127.9375422796029,263.3151823351493,OMB,2026-06-05,0
31806,31806,23.794,11.60,,2461200.5,.09573890500148789,5.19744923671439,34.08745598632903,136.7253434907556,193.9079721222779,91.97985553915071,TJN,2026-06-05,0
31814,31814,18.140,12.30,,2461200.5,.06993734862473451,5.32217268038547,4.441589457326208,326.3262706486816,1.917495924466686,84.85322611914867,TJN,2026-06-05,0
31817,31817,21.521,12.05,,2461200.5,.1493950910756948,3.993867050265947,6.261648642424957,270.202038845285,188.4833077211729,27.74566875309888,OMB,2026-06-05,0
31818,31818,19.502,12.15,,2461200.5,.05421664327775282,3.225510938391636,22.5844768571786,339.6635508012763,172.1557222517228,48.35018135325529,OMB,2026-06-05,0
31819,31819,29.730,11.45,,2461200.5,.008450818244342032,5.269912416849096,14.31251445961687,348.5785753601246,308.5904282650328,137.8399808998217,TJN,2026-06-05,0
31820,31820,16.585,12.27,,2461200.5,.07904448673109235,5.310099219183839,2.374912341497148,193.2171666735262,91.9522289148308,135.483827738682,TJN,2026-06-05,0
31821,31821,19.787,12.17,,2461200.5,.06060322857503739,5.234804664434586,10.75574972909467,146.6983970705309,178.6534746779652,89.14746908286938,TJN,2026-06-05,0
31822,31822,22.488,12.39,,2461200.5,.04391915891812331,3.411337979672356,6.383201936013912,26.5502294432052,317.8451315669595,72.85586318995539,OMB,2026-06-05,0
31824,Elatus,57.000,10.26,,2461200.5,.3831871846291017,11.76647221393526,5.251502842169581,87.02890255914699,281.9158243998125,248.3839916059516,CEN,2025-08-02,0
31835,31835,26.904,11.57,,2461200.5,.05246997718030052,5.141381437494531,15.12132774107016,74.84932571181794,353.0941627206537,122.6663188537147,TJN,2026-06-05,0
32125,32125,16.506,12.54,,2461200.5,.0167998102865427,3.197354164789985,20.55929210877412,244.9452905274646,154.8594774061022,86.13717652369446,MBA,2026-06-05,0
32162,32162,15.031,13.22,,2461200.5,.1475423168580454,2.87379013163978,12.33391842033074,275.88142218598,87.74218024483841,91.3304972134611,MBA,2026-06-05,0
32240,32240,19.286,12.45,,2461200.5,.007698121618053597,3.254456547011923,20.29632630196918,296.5227318529899,277.7760250089467,260.2455473711576,OMB,2026-06-05,0
32244,32244,15.282,13.00,,2461200.5,.07956904620459289,3.172790373884626,15.28262312905699,310.698683434129,312.4466561323661,267.2620307174286,MBA,2026-06-05,0
32253,32253,26.399,11.73,,2461200.5,.09774545690279236,3.185121189830086,21.03923902674088,313.2454665204035,72.634196712918,156.8114158431725,MBA,2026-06-05,0
32254,32254,16.754,13.10,,2461200.5,.07825540492546203,3.203892791308798,13.35248253020806,289.9597839148748,55.02918968276526,179.1514905420723,OMB,2026-06-05,0
32339,32339,27.968,11.77,,2461200.5,.1109072966231406,5.205679975445743,18.90484478933028,172.4623941214618,274.9871740862785,323.3755330361275,TJN,2026-06-05,0
32356,32356,15.348,12.20,,2461200.5,.155800210991644,5.213345704174269,12.66334108889587,329.3273916379039,344.4361063459424,101.4009803154086,TJN,2026-06-05,0
32370,32370,18.493,12.46,,2461200.5,.0589195989922876,5.180431589566555,7.353688272426907,332.9775840909278,354.994774777703,102.2182403675584,TJN,2026-06-05,0
32395,32395,18.206,12.43,,2461200.5,.1409365088199404,3.984411786332756,5.369303439139234,351.0642096960585,165.7844658223064,281.8524369523795,OMB,2026-06-05,0
32397,32397,30.763,11.63,,2461200.5,.008000283776560597,5.22840753688764,5.597373283062411,116.018747723741,164.0483032286608,123.6081665855964,TJN,2026-06-05,0
32420,32420,19.853,11.90,,2461200.5,.06740230441988568,5.308763724295734,13.86523597836203,314.0321359050403,359.5185213291873,82.68916208183553,TJN,2026-06-05,0
32434,32434,21.082,11.94,,2461200.5,.1485118296970797,5.200856800688198,23.47787255384818,256.4042537871568,104.3374504501157,58.32365538230668,TJN,2026-06-05,0
32435,32435,30.829,11.22,,2461200.5,.125176014144506,5.203523664476497,21.75337914714697,280.7088243178041,343.5180312772889,129.464354355368,TJN,2026-06-05,0
32437,32437,28.865,11.32,,2461200.5,.1224961560174478,5.194520278371345,23.11702009614839,269.2688198068689,30.74882805674724,111.2783817575538,TJN,2026-06-05,0
32440,32440,29.252,11.51,,2461200.5,.02810612625695049,5.172906255409792,31.33098922934615,319.2950878724411,357.2682123315775,119.788369179454,TJN,2026-06-05,0
32442,Heejaelee,15.745,12.86,,2461200.5,.1159293365819092,3.136957427328111,16.11668491522845,270.1920346206009,324.0713400592138,353.4076626962651,MBA,2026-06-05,0
32451,32451,26.879,11.81,,2461200.5,.09784123841838789,5.202749992825124,19.71833876082514,248.1092352111032,65.34526053723357,80.5579380859462,TJN,2026-06-05,0
32460,32460,19.528,12.31,,2461200.5,.3087831825827059,3.955980568672601,10.99577131195821,262.1225170362702,172.121684875533,49.28017736105774,OMB,2026-06-05,0
32464,32464,30.260,11.69,,2461200.5,.01714346010328922,5.243120624713935,25.22841078483194,234.8226735730577,259.2465153384886,289.7932548591418,TJN,2026-06-05,0
32467,32467,20.142,11.91,,2461200.5,.0305378380297654,5.257287719605226,29.64530541094366,218.5421446996076,187.5800983501283,35.55606408151695,TJN,2026-06-05,0
32471,32471,15.398,12.28,,2461200.5,.05161271515662251,5.338279394528713,2.667950890886882,147.7250656564884,166.6404891334604,111.6596331952526,TJN,2026-06-05,0
32475,32475,38.365,10.82,,2461200.5,.09510563511208539,5.206007616420777,30.69564856599834,18.75927867832412,287.1485248240001,106.2487271326764,TJN,2026-06-05,0
32478,32478,20.757,12.02,,2461200.5,.1666482586413289,5.211360811724335,9.668259826090848,341.1195712197298,277.9353222850907,145.5263793555575,TJN,2026-06-05,0
32480,32480,29.583,11.26,,2461200.5,.09179981668370885,5.236253849930566,21.59745012799993,127.8817212778963,207.9215126482071,72.71611865697578,TJN,2026-06-05,0
32482,32482,27.868,11.08,,2461200.5,.02645216556680984,5.142184041887384,12.14782544023908,52.73069947786422,220.8819834645276,147.545146411237,TJN,2026-06-05,0
32496,Deiopites,48.017,10.27,,2461200.5,.07955323160068699,5.285875564970221,30.44587378979931,65.84461106076179,276.2214167736097,82.22706043285955,TJN,2026-06-05,0
32498,32498,21.610,11.69,,2461200.5,.09428215095340765,5.165301083228997,26.34121892077431,76.60374560192101,1.453299747371483,84.35560174722309,TJN,2026-06-05,0
32499,32499,38.923,10.64,,2461200.5,.1608334635766704,5.162379065708838,16.79205484482108,68.71026754025422,245.807027100259,88.68996075304536,TJN,2026-06-05,0
32501,32501,35.619,11.03,,2461200.5,.06797410955373291,5.21859481280434,32.11449477045699,55.65634732839979,179.891079234803,184.5423870870125,TJN,2026-06-05,0
32511,32511,16.8,12.83,,2461200.5,.4271848187544537,5.007276294373367,8.950609148872612,285.6613268484911,345.5386289090514,80.61697014081125,AST,2026-06-05,0
32528,32528,17.798,12.67,,2461200.5,.1086575189771241,3.157414883635678,12.37196905901809,276.4257131847895,203.8512873051568,24.88976079948745,MBA,2026-06-05,0
32532,Thereus,86.500,9.17,,2461200.5,.1976722266049794,10.64573345624003,20.36059600576191,205.1818350953191,86.29712048106437,283.825746636345,CEN,2026-06-05,0
32536,32536,21.065,12.66,,2461200.5,.04203850374414005,3.112964102299228,9.033399018778736,272.3840728328731,17.08145996126095,238.813893891624,MBA,2026-06-05,0
32578,32578,16.863,13.31,,2461200.5,.161453972871938,3.074785610445583,9.233196805963694,339.3212104084086,337.4398447371298,259.0722895304137,MBA,2026-06-05,0
32615,32615,36.180,11.08,,2461200.5,.03158092248767486,5.141904700537927,17.55933414303741,100.3859866285364,227.2619896618116,55.48358139453728,TJN,2026-06-05,0
32704,32704,16.652,12.84,,2461200.5,.1854585264107169,3.099071328983159,13.13719183700835,11.89771728894399,253.1715149353074,312.4163429169738,MBA,2026-06-05,0
32720,Simoeisios,21.130,12.11,,2461200.5,.01470403702236658,5.192110073642118,7.506706671326373,247.9871479457633,24.73326406150539,144.0226164993948,TJN,2026-06-05,0
32811,Apisaon,28.249,11.35,,2461200.5,.0768017346457488,5.28345481214571,19.83666632811412,50.40673012050649,159.3142591528028,214.1945538109994,TJN,2026-06-05,0
32999,32999,15.722,13.34,,2461200.5,.02940562657667056,2.85507404074814,16.1306305105544,320.0315215736882,235.2269973840278,336.0351857835363,MBA,2026-06-05,0
33008,Tatematsu,15.664,13.02,,2461200.5,.05505959833572947,3.246416410862042,13.5531294004143,332.9443888889933,23.4549526581272,163.8554791802799,OMB,2026-06-05,0
33017,Wronski,16.875,13.01,,2461200.5,.04216783367687581,3.15776203368401,10.04494661194541,47.27299871665903,184.3455249771162,46.0018839608795,MBA,2026-06-05,0
33074,33074,17.540,12.53,,2461200.5,.1028022473011013,3.180346210762727,17.95897646674764,91.36339136566603,33.16959571846191,345.4022516081395,MBA,2026-06-05,0
33290,Carloszuluaga,15.467,12.84,,2461200.5,.1382990879128168,3.151005920165897,17.14185781954525,74.22612636498482,251.6515685633158,290.8396084516395,MBA,2026-06-05,0
33292,33292,18.079,13.22,,2461200.5,.1265699284072157,3.211571434696654,20.65242991883538,115.3506559861722,343.3400432734833,90.03542899505716,OMB,2026-06-05,0
33323,Lucaspaganini,15.888,12.56,,2461200.5,.2094818218603272,3.105404020786366,11.29214482116369,216.2098763896722,28.18033348260781,125.5929124402101,MBA,2026-06-05,0
33743,33743,21.578,12.81,,2461200.5,.1866121128044313,3.183178591054131,13.19150365739851,241.2142086993701,88.11901668380014,248.4510804124141,MBA,2026-06-05,0
33748,Davegault,15.921,12.66,,2461200.5,.09513350237576233,3.179879601813987,6.552146532033688,32.51433879069747,290.1843405140602,278.9983624229105,MBA,2026-06-05,0
33753,33753,16.302,12.48,,2461200.5,.2275656078431685,3.954126836901884,8.223202018616382,135.9762736038527,258.1861961048501,103.1215616198518,OMB,2026-06-05,0
33776,33776,18.300,12.51,,2461200.5,.1053779828290309,3.164713819773202,16.50411287020785,354.4345639786064,303.4899546295681,302.4762543552551,MBA,2026-06-05,0
33794,33794,19.605,12.42,,2461200.5,.053055143925464,3.160803076219542,22.80148191165113,110.7208985611035,188.2740998689423,342.6603490562024,MBA,2026-06-05,0
33800,Gross,23.088,12.18,,2461200.5,.04856407305378872,3.206069508252562,22.44929664829057,140.7315821178024,177.8996423478881,311.1370293142812,OMB,2026-06-05,0
33818,33818,15.292,12.53,,2461200.5,.07728113380862676,3.160395725110259,16.48849625052888,141.5443922082831,148.0868931702946,122.0131603233697,MBA,2026-06-05,0
33830,33830,17.670,12.49,,2461200.5,.08395972223789726,3.234211017134761,23.74892342897558,139.9309568206456,189.2158904353694,35.83192670739058,OMB,2026-06-05,0
33903,Youssefmoulane,18.302,13.03,,2461200.5,.3184589740926763,2.756029305685438,15.42321974907916,248.5289866205763,50.59956549706391,242.2113695001285,MBA,2026-06-05,0
33997,33997,20.109,12.65,,2461200.5,.07349276007423657,3.18420950880316,13.99081526779288,282.1631898161412,302.5952778804403,289.0423213263753,MBA,2026-06-05,0
34119,34119,19.880,12.56,,2461200.5,.1474547829481261,3.178064254757372,28.46710392339498,275.7783616377656,182.080094670665,122.4160514710595,MBA,2026-06-05,0
34210,34210,15.343,13.29,,2461200.5,.1976035431632201,3.142247165385105,11.10455306858123,137.8010523940883,313.897337084096,155.8781887224424,MBA,2026-06-05,0
34298,34298,17.249,12.45,,2461200.5,.1259808748969135,5.168577126005222,9.680597614078497,212.4898153356631,178.7857018447484,29.80428672833854,TJN,2026-06-05,0
34440,34440,17.335,12.81,,2461200.5,.1898029016232389,3.144961927326059,14.31599720810133,281.5577804300409,191.0999608600855,109.547519826396,MBA,2026-06-05,0
34521,34521,28.921,11.60,,2461200.5,.07433830225772257,5.106947205236486,17.4841933531204,4.915349346990504,319.882244406036,99.7659207898336,TJN,2026-06-05,0
34532,34532,16.254,13.00,,2461200.5,.2082188935643782,3.140960527663874,11.98343041455906,79.02909099726095,341.7440143071086,201.4498821718272,MBA,2026-06-05,0
34553,34553,23.459,12.15,,2461200.5,.05247097465187961,5.272764001104053,14.93421454332439,22.04641154841267,20.61397224947589,10.46849964383091,TJN,2026-06-05,0
34562,34562,15.424,13.51,,2461200.5,.1494086444961364,3.068476493721939,12.16657314184713,352.9475879713831,333.8837399529322,343.1290546973211,MBA,2026-06-05,0
34642,34642,33.306,10.84,,2461200.5,.09735701531090597,5.207978252266394,19.63397190639924,45.17613392746132,267.1378583331473,96.59434689149944,TJN,2026-06-05,0
34668,34668,18.633,12.97,,2461200.5,.08679335377725185,3.186468979907894,19.39467682826369,322.1926241865367,189.6342325898624,100.7763399591075,MBA,2026-06-05,0
34669,34669,16.160,12.79,,2461200.5,.2911250223630495,3.051114326001914,24.29767147951496,127.2461679393096,227.4746609318386,304.027086172181,MBA,2026-06-05,0
34674,34674,16.362,13.03,,2461200.5,.2197235365157202,3.124201288532522,14.11602254837948,107.4228335520209,263.6390188884567,280.2506030093788,MBA,2026-06-05,0
34726,34726,18.144,12.68,,2461200.5,.1053424851852664,3.192578620135133,21.80234735366227,2.683729292921592,80.29433741846324,40.96069201701387,MBA,2026-06-05,0
34746,Thoon,61.684,9.85,,2461200.5,.03715304005579288,5.146718922533758,27.43570759137258,93.24177304866085,196.768428846904,114.2299302793005,TJN,2026-06-05,0
34777,34777,15.636,12.74,,2461200.5,.4077614896788519,2.866405207049566,34.15852655129164,284.3411314596555,197.2551315927798,351.1903932048109,MBA,2026-06-05,0
34785,34785,29.077,11.72,,2461200.5,.03825126202974947,5.132849198066901,20.33977102204243,198.9159638968821,89.52394947770874,117.6715959635959,TJN,2026-06-05,0
34835,34835,15.676,12.59,,2461200.5,.08056435969881431,5.290859718449807,3.535057996804888,138.4179046350275,129.659854745556,115.672007675033,TJN,2026-06-05,0
35183,35183,15.550,12.80,,2461200.5,.1770301810992671,3.168217412118653,23.644664260207,52.21530517808925,293.056229093256,302.9705073209355,MBA,2026-03-12,0
35276,35276,25.296,11.77,,2461200.5,.07440491292590001,5.16422228437275,13.03400725903386,354.1640521057415,358.9260302931376,189.7179742921201,TJN,2026-06-05,0
35336,35336,15.582,13.44,,2461200.5,.08411999994565311,3.111795398383129,15.22331170381137,187.4697742412528,77.65775487910119,45.84979455923135,MBA,2026-06-05,0
35363,35363,18.944,11.93,,2461200.5,.07845688251940788,5.195566012240147,16.03379567490946,32.95459426275774,25.48084294746289,122.2543843139626,TJN,2026-06-05,0
35534,Clementfeller,16.842,13.05,,2461200.5,.1982325736377168,3.146086123621688,24.3907590710008,302.8715829317493,273.8246624395798,342.9891771706307,MBA,2026-06-05,0
35627,35627,15.147,13.05,,2461200.5,.2222419152376494,3.142887728202089,9.237105575578965,285.8013620001985,34.66893164949884,306.8330782293601,MBA,2026-06-05,0
35656,35656,18.831,12.81,,2461200.5,.09373597892691943,3.121122335453765,13.99556016423012,329.55660972,.2177857843837482,16.52639016546511,MBA,2026-06-05,0
35673,35673,34.836,11.65,,2461200.5,.04245590140631363,5.092527581626341,9.909406671577017,43.21619327841604,.4900557782127611,136.5234359108206,TJN,2026-06-05,0
36026,36026,15.351,12.84,,2461200.5,.128461674161438,3.149808944986035,16.38534796817254,236.5633919812709,154.95381553,224.6206253087344,MBA,2026-06-05,0
36156,36156,18.331,12.41,,2461200.5,.08981274289910503,3.220960312002883,14.01233647824913,260.9313625155693,75.60848529636201,246.4012399149952,OMB,2026-06-05,0
36227,36227,15.037,13.07,,2461200.5,.1583264676451438,3.211884880608386,10.81620245536735,231.6504517504971,68.13962776054943,296.5874865978096,OMB,2026-06-05,0
36237,36237,19.500,12.81,,2461200.5,.1627551655149785,2.889829401122787,9.999595568612168,108.2352434717654,308.6320629532541,107.6733686565647,MBA,2026-06-05,0
36259,36259,24.562,11.52,,2461200.5,.08962836639288088,5.190708247675388,18.91840113226312,91.52826240101641,18.39884661803962,52.83581108701344,TJN,2026-06-05,0
36267,36267,39.393,10.76,,2461200.5,.09133629036879827,5.184236908896225,19.71655934665366,317.1214414552771,9.808588870111574,208.0625215942806,TJN,2026-06-05,0
36274,36274,18.379,12.37,,2461200.5,.1670725043569512,3.982675752928678,15.57308149235256,109.512124518706,183.2062366871712,273.5357700626759,OMB,2026-06-05,0
36279,36279,30.752,11.29,,2461200.5,.09971952709629571,5.310419505650498,31.1535866371858,75.47358510791025,8.255384553466913,86.01203064486621,TJN,2026-06-05,0
36289,36289,21.060,12.51,,2461200.5,.117847209861919,3.176270886887496,16.98117923250763,75.1238793462314,267.0998626312198,46.36536710870515,MBA,2026-06-05,0
36587,36587,17.658,13.30,,2461200.5,.1200745899226185,3.010306242910558,14.53906007131754,57.44762726849768,32.19497003982649,302.8837575821556,MBA,2026-03-12,0
36624,36624,32.117,11.63,,2461200.5,.02098728070799231,5.149796466617369,26.28692761169636,316.1270922547691,345.6894310811551,103.4018988174464,TJN,2026-06-06,0
36735,36735,18.396,12.67,,2461200.5,.2047555403483287,3.100929731837619,14.37365719519656,244.6514639653574,164.8346462873486,252.9856140428155,MBA,2026-06-06,0
36772,36772,18.948,12.55,,2461200.5,.1518395227991516,3.153428965692013,13.44087272291618,261.7893235468555,302.4471210330335,3.089619771307746,MBA,2026-06-06,0
36922,36922,18.430,11.80,,2461200.5,.04271673057361573,5.274267525844702,10.38555269381095,76.47419723133558,223.9900672953275,120.118626237753,TJN,2026-06-06,0
37281,37281,15.949,12.24,,2461200.5,.06286984729102812,5.089799658620811,5.758419984606172,133.6033260228729,292.4609441310361,127.978148914437,TJN,2026-06-06,0
37286,37286,19.342,12.03,,2461200.5,.07276337385872206,3.180783007085691,23.75582578255098,106.7393224343253,14.26971413301933,147.198413585376,MBA,2026-06-06,0
37297,37297,26.879,11.64,,2461200.5,.07787575252433596,5.251238882313797,20.75116243685375,250.9405964660147,256.5082581018348,34.86305579240991,TJN,2026-06-06,0
37298,37298,22.269,11.86,,2461200.5,.01223735271876598,5.133997873425803,13.70859785493316,171.2075448222919,106.3328194046783,282.0993699585358,TJN,2026-06-06,0
37299,37299,25.017,11.59,,2461200.5,.10279574312892,5.164198898918243,29.65986870524041,321.7892332626335,129.3892739866994,87.61904541194286,TJN,2026-06-06,0
37301,37301,27.099,11.89,,2461200.5,.05395162788211021,5.183605302392721,20.34780082507839,346.2286604499594,168.5438785128292,27.30286888013033,TJN,2026-06-06,0
37519,Amphios,33.076,11.10,,2461200.5,.006482272789369182,5.208704313481944,25.45824641880734,30.3400287792244,303.1154701205722,86.21975670302683,TJN,2026-06-06,0
37590,37590,15.441,13.13,,2461200.5,.2681160229826766,3.940726725390899,7.844794220964385,338.3738351600262,35.97568926838419,147.4995089508321,OMB,2026-06-06,0
37685,37685,21.699,11.93,,2461200.5,.1248499060387175,5.231747607814802,10.11474943271367,179.2463146441663,171.89729957019,177.4815272441595,TJN,2026-06-06,0
37715,37715,19.007,12.25,,2461200.5,.02662064877775128,5.172977515844924,8.887286853259033,173.8404842576395,336.5664375408818,46.26855805256012,TJN,2026-06-06,0
37732,37732,21.474,11.96,,2461200.5,.02630131877902547,5.243006750937023,15.46982600969196,.8544233922325709,241.9671179644629,296.6061149767976,TJN,2026-06-06,0
37789,37789,15.457,13.20,,2461200.5,.009751890353937406,5.261535161805163,.4508943984754225,264.2268636601198,210.7747416140193,57.67137462270927,TJN,2026-06-06,0
38046,Krasnoyarsk,16.493,13.26,,2461200.5,.2121649498319443,3.952960041681058,3.011217230293913,23.2330423983599,295.2552314355391,231.4530125148868,OMB,2026-06-06,0
38050,Bias,61.603,9.87,,2461200.5,.07545660421193151,5.190122609050699,28.55946018130007,233.5251545445229,193.9888704938358,100.4557263514061,TJN,2026-06-06,0
38257,38257,17.260,12.11,,2461200.5,.1200379214615322,5.228751310455953,14.813680514475,160.4144830142416,124.2472297315447,137.0330596455253,TJN,2026-06-06,0
38453,38453,18.792,12.88,,2461200.5,.03981965743073945,3.037799078297752,6.599091179741978,33.14642914895065,204.5867996765684,154.3167495556026,MBA,2026-08-11,0
38516,38516,17.030,12.76,,2461200.5,.1909121788648272,3.118757034893914,17.01636131566418,204.2134809756779,80.1246698767889,51.38059995984605,MBA,2026-06-06,0
38548,38548,21.570,12.22,,2461200.5,.1034561047589118,3.151906377824226,18.37278717498902,266.4647515555843,340.6267036919101,48.15839438600972,MBA,2026-06-06,0
38574,38574,17.296,11.87,,2461200.5,.1059455344461723,5.139406252750501,7.196649215053911,300.8481026858113,171.6860944838369,67.32587778089207,TJN,2026-06-06,0
38577,38577,19.460,12.63,,2461200.5,.04883508825177009,3.214217284916237,23.13504247933858,39.02538294680009,203.0638020820226,23.06974401649101,OMB,2026-06-06,0
38600,38600,23.077,11.83,,2461200.5,.03438688596456915,5.159083691338814,9.952066650802518,110.9401121476199,6.76026465430036,51.15102882561517,TJN,2026-06-06,0
38606,38606,23.778,11.88,,2461200.5,.06308612186090679,5.163520501635213,18.24141599655126,80.30963649427962,19.92149916858597,96.88183208260509,TJN,2026-06-06,0
38607,38607,22.631,11.78,,2461200.5,.03218188553733987,5.25789322675273,13.87132050410333,112.5598664487579,8.07441828782653,74.00362902606442,TJN,2026-06-06,0
38610,38610,29.497,11.56,,2461200.5,.01471676263464068,5.222216247942549,14.07790675032858,270.6596950367874,305.7206374041524,315.5478095533696,TJN,2026-06-06,0
38613,38613,24.016,12.22,,2461200.5,.1364655425289525,3.963869242376671,15.18834548667461,260.5977841247817,26.6899756080468,304.0930706091183,OMB,2026-06-06,0
38614,38614,17.282,12.10,,2461200.5,.02651006173758719,5.274358935112259,17.17411333033867,134.4533069308326,349.1243251787638,59.36573258459747,TJN,2026-06-06,0
38615,38615,21.294,12.44,,2461200.5,.1616768685109651,5.179852154965523,3.967112901844692,270.3864359963468,142.3575788056196,128.9503026732235,TJN,2026-06-06,0
38617,38617,16.191,12.13,,2461200.5,.04114083325041962,5.211870380593702,12.80823824154786,86.60972210437501,281.3876015660957,174.7055876203782,TJN,2026-06-06,0
38619,38619,21.498,11.75,,2461200.5,.1559580308458162,5.180709314658532,14.08605855187292,149.4476181578817,263.3363411146105,125.0501965110845,TJN,2026-06-06,0
38701,38701,21.793,12.19,,2461200.5,.141332518438515,3.969405486891586,9.872608199727562,96.66870945963261,45.47252363570617,326.7005483300218,OMB,2026-06-06,0
38909,38909,15.129,13.02,,2461200.5,.04950420712179978,3.050156383632846,12.72539015588563,87.12888732054243,299.0116639404991,352.3537951481331,MBA,2026-06-06,0
39263,39263,15.755,13.29,,2461200.5,.2670608199524523,3.087963492720404,17.14678139579052,157.9539494736064,109.5151207757883,145.1241545759086,MBA,2026-06-06,0
39264,39264,35.944,10.81,,2461200.5,.07109801353298276,5.257791795660803,18.17459248487007,207.2016092262995,208.0965352874185,129.2040677199348,TJN,2026-06-06,0
39266,39266,15.831,12.66,,2461200.5,.248886026147555,3.967832537603216,7.037137062711285,105.1228708374681,189.2152995115496,281.1941711910428,OMB,2026-06-06,0
39275,39275,20.731,12.18,,2461200.5,.08531440956553822,5.235974523271292,18.00177585462563,84.33242470097112,24.4995788831924,71.31013244737007,TJN,2026-06-06,0
39278,39278,20.120,12.02,,2461200.5,.07876612655261109,5.247330229003937,6.008031938450221,27.5988390232423,40.14676505361046,98.22654095019183,TJN,2026-06-06,0
39282,39282,18.764,12.36,,2461200.5,.181280772500309,3.959742268026846,6.885406410020498,278.3489747979941,356.4164238490789,306.0348747023257,OMB,2026-06-06,0
39284,39284,17.213,12.12,,2461200.5,.05059479538299416,5.20629582637324,8.994058640422857,228.8388279726811,259.5568993745299,64.99550866150415,TJN,2026-06-06,0
39285,Kipkeino,17.602,12.69,,2461200.5,.08185480669773143,5.185727308294889,6.485525204387045,330.6622765344925,129.1338944472636,97.54469551854943,TJN,2026-06-06,0
39286,39286,20.796,12.31,,2461200.5,.06920361950005595,5.275917118033427,4.644556415054018,79.23267439182607,1.025386275367044,90.75317921485301,TJN,2026-06-06,0
39294,39294,19.223,12.38,,2461200.5,.06584657180055808,3.947210716823022,12.09035582100128,128.46204577842,52.55914301206057,47.56666267405998,OMB,2026-07-15,0
39362,39362,15.328,12.07,,2461200.5,.06256706257931878,5.120375814797897,9.727474972678595,180.475169355924,284.5524216547775,86.50035510095432,TJN,2026-06-06,0
39369,39369,33.218,11.16,,2461200.5,.05813778392898944,5.169291971919936,18.1516464428247,354.6165136102293,261.2767412864982,286.4244601283875,TJN,2026-06-06,0
39427,Charlottebronte,15.312,12.77,,2461200.5,.1809103809192476,3.986584267265715,3.860001709987035,68.37239588832375,240.0176198368502,268.9216013280167,OMB,2026-06-06,0
39459,39459,15.290,13.54,,2461200.5,.1450584749663988,3.086941696556117,17.78875605057805,41.72131847267992,281.8158841581457,32.06154499040525,MBA,2026-06-06,0
39474,39474,26.068,11.72,,2461200.5,.08816031099050228,5.260548273307632,13.0552750917811,71.59765993955831,220.406687066407,116.6687015613706,TJN,2026-06-06,0
39510,39510,16.520,12.86,,2461200.5,.2147184157721505,2.980926977754027,17.92809716399687,341.9506089538859,145.0116838453215,247.7869062413262,MBA,2026-03-12,0
39789,39789,17.670,12.87,,2461200.5,.06873983991048463,3.195050530460863,23.24473806561008,92.3840832087914,179.9894500406349,7.333720872703157,MBA,2026-06-06,0
39794,39794,19.594,12.25,,2461200.5,.03046528930539808,5.185222633132439,15.48542713807329,28.89738524118363,35.33370579999949,134.2717617104437,TJN,2026-06-06,0
39795,Marson,18.342,12.68,,2461200.5,.09716285862327174,5.178770153687656,6.728759030369559,344.8745913312754,81.33104979323153,129.5898675082341,TJN,2026-06-06,0
40207,40207,17.247,12.99,,2461200.5,.1144559650041888,3.16866884016492,7.190472004834318,170.0847384054097,273.2988236696233,256.112448965616,MBA,2026-08-11,0
40246,40246,19.914,12.28,,2461200.5,.141962218763907,3.942530449116162,11.27963985378115,243.4292371222719,306.8480600152002,71.94668520758668,OMB,2026-06-06,0
41042,41042,17.794,12.81,,2461200.5,.2831043804789717,3.171102401442953,25.37288630751187,87.43934950412428,78.35537290248014,131.7624438001888,MBA,2026-03-12,0
41278,41278,16.329,13.11,,2461200.5,.1256725176696042,3.964077567811156,7.984657338739835,258.1338209369981,304.3211738942701,41.11315650303256,OMB,2026-06-06,0
41283,41283,17.712,12.41,,2461200.5,.2113978160280993,3.967832642423824,11.59984153069117,84.93453689051474,273.442491526601,197.5588004340312,OMB,2026-06-06,0
41340,41340,34.950,11.23,,2461200.5,.05835906157982061,5.163176571102634,33.16544759112615,183.2878011090258,287.5253396493027,67.05882162918375,TJN,2026-06-06,0
41350,41350,15.978,12.15,,2461200.5,.081675026202746,5.226705977630004,9.699013314375911,294.2710426651664,105.9303053601195,133.1417235113377,TJN,2026-06-06,0
41351,41351,15.109,13.04,,2461200.5,.02853511406140252,3.921240455734606,5.85043495219599,51.56454315770102,109.7659801435488,90.06804819731356,OMB,2025-08-02,0
41353,41353,17.480,12.09,,2461200.5,.07760325834850289,5.236578590801321,9.96775781873937,92.71886019408649,314.3824032443553,147.9254667903184,TJN,2026-06-06,0
41359,41359,15.759,12.39,,2461200.5,.02707343863943744,5.170210577527844,6.761024264673557,102.7783954461091,343.5593167673161,133.2050431192754,TJN,2026-06-06,0
41379,41379,31.006,11.44,,2461200.5,.06187553073692384,5.130011397486774,25.91920854983611,104.9611916264184,344.7408459102388,102.4792583013553,TJN,2026-06-06,0
41397,41397,20.059,12.97,,2461200.5,.06426314851949283,3.238308432808378,13.9056640411381,237.2619814190639,135.1444828354265,271.793370699844,OMB,2026-06-06,0
41406,41406,15.687,12.83,,2461200.5,.2008356266443083,3.128199448704275,22.08564126744491,221.4384080401267,55.74644235954877,71.64362601899734,MBA,2026-06-06,0
41427,41427,17.589,12.49,,2461200.5,.08102607855611638,5.314904884224711,5.651510680870399,68.40634047250806,15.64582931381066,118.4594460433189,TJN,2026-06-06,0
41488,Sindbad,18.149,12.62,,2461200.5,.1555239536836374,3.956018554750769,9.626602147138318,148.4426001060457,311.6173178185485,6.711603287324156,OMB,2026-06-06,0
42168,42168,18.934,11.71,,2461200.5,.05673478757282552,5.187169702514382,13.97840445852855,120.107011460243,184.2371924722318,252.5238719701701,TJN,2026-06-06,0
42179,42179,15.216,12.35,,2461200.5,.05461378612562435,5.258681772132127,6.610367910061944,81.62583067978858,320.1505263496105,135.2787337874705,TJN,2026-06-06,0
42182,42182,18.233,12.21,,2461200.5,.03181873812014734,5.197850718294984,6.576876930390835,93.17087359191673,323.5282799413138,137.2578854805247,TJN,2026-06-06,0
42187,42187,38.322,11.45,,2461200.5,.03339282873431793,5.20452274868757,24.19221546947484,9.471206169687267,254.4718685072499,267.4216053991553,TJN,2026-06-06,0
42200,42200,16.039,12.09,,2461200.5,.03689479251740953,5.346889721817962,6.468563608427879,10.6421457237834,5.405581278130741,151.5515831758904,TJN,2026-06-06,0
42237,42237,17.987,12.45,,2461200.5,.127546412747415,3.975097888728447,9.037386228847224,199.449338804052,108.3230530509554,301.212248083521,OMB,2026-06-06,0
42277,42277,19.765,12.16,,2461200.5,.04835785082712226,5.140832602336278,6.137349051079632,115.3808301034412,41.9817893050897,260.2879058294738,TJN,2026-06-06,0
42355,Typhon,192.000,7.63,,2461200.5,.5373369633806973,37.779686289583,2.427633039713239,351.8312522173027,158.8743984031273,31.1374810998466,TNO,2026-06-06,1
42367,42367,32.160,11.05,,2461200.5,.04513193270450612,5.234805328424168,29.02487263641224,187.959926241569,340.5081412505442,35.37764224504254,TJN,2026-06-06,0
42554,42554,27.397,11.81,,2461200.5,.02840211501020219,5.126062279724075,17.52386725625141,178.5339409017664,130.8650261974395,226.3541890054608,TJN,2026-06-06,0
42555,42555,17.909,12.60,,2461200.5,.1115629657640157,5.248780397929057,6.4354148488836,165.285058335929,187.813599891424,183.4270822714065,TJN,2026-06-06,0
43110,43110,15.794,13.05,,2461200.5,.1513881005977823,3.201221138184243,10.87238285720378,90.76756929783728,85.91729638144093,121.2341527476567,OMB,2026-03-13,0
43139,43139,17.568,12.94,,2461200.5,.07276187793560195,3.197897864628527,14.85445446652311,283.8363327684069,124.4961716041249,275.4841201767373,MBA,2026-08-11,0
43152,43152,16.224,13.22,,2461200.5,.1851516110669835,3.143324622788494,8.450822979121389,266.5637051387984,291.8767170835815,148.6074034796699,MBA,2026-08-11,0
43173,43173,17.783,12.56,,2461200.5,.06068174835490046,3.161987669015708,16.84211697203263,86.3778877764796,204.0254524198905,64.89080507879349,MBA,2026-03-13,0
43199,43199,15.526,13.03,,2461200.5,.05009971286899865,3.111465177536079,9.132296798971215,85.82433158704561,216.0034395962779,53.80111878447633,MBA,2026-08-11,0
43202,43202,15.671,12.46,,2461200.5,.1174903714326785,3.163368028436945,23.76223354186138,95.19048182982328,49.43299683136279,193.7128931153129,MBA,2026-08-11,0
43212,Katosawao,19.212,12.38,,2461200.5,.05911551720255111,5.289367660455838,6.474659969996845,223.2237940577002,260.142382433428,56.98717213890151,TJN,2026-06-06,0
43231,43231,18.221,12.48,,2461200.5,.1731240534386169,3.153917026987005,13.3636726241883,227.7155307589516,9.924296062911873,137.6067152967381,MBA,2026-06-06,0
43354,43354,17.439,12.32,,2461200.5,.09907506196169952,3.148177741275114,22.61688474549758,59.34109413718835,285.1376513519658,274.8205830538336,MBA,2026-06-06,0
43390,43390,27.208,12.67,,2461200.5,.07689657260852473,3.389511263074547,20.31565522816941,101.851481997307,153.02849192357,217.3800361582561,OMB,2026-06-06,0
43812,43812,15.563,12.72,,2461200.5,.2089471783823728,3.154799822792218,12.54540798757343,292.1803855503458,98.15329610956501,58.12115727411929,MBA,2026-06-06,0
43940,43940,15.765,12.77,,2461200.5,.2308510001769662,3.947785569912677,6.491704914994359,86.40773326992239,300.2038647998534,320.0885130525322,OMB,2026-06-06,0
44566,44566,27.818,12.21,,2461200.5,.1995311124675684,3.347593601127093,25.39483175027451,287.0682471945856,88.90810348439409,266.8962034877651,OMB,2026-06-06,0
45453,45453,16.060,13.21,,2461200.5,.05065726323843055,3.21298258966381,20.47241737336651,257.46138621,131.2596089720244,295.2583808784373,OMB,2026-08-11,0
45468,45468,15.085,12.92,,2461200.5,.08896478307580925,3.170504367181999,21.02444313229928,311.6823041382315,132.3941970958157,312.9010408212523,MBA,2026-08-11,0
45502,45502,16.772,12.64,,2461200.5,.05091530541356896,3.152828528480863,16.64062441716705,84.90308124072327,145.3028839862223,165.4905877989868,MBA,2026-06-06,0
45566,45566,18.211,13.02,,2461200.5,.1460373916848945,3.164666976559779,25.3951796527356,153.0514311213399,336.0485448956061,282.5989944059283,MBA,2026-03-13,0
45602,45602,15.120,12.97,,2461200.5,.03923797120342972,3.208416246838761,21.16109391115052,330.37054475356,283.7121564309525,133.442845666967,OMB,2026-08-11,0
45739,45739,15.519,12.77,,2461200.5,.3184046771112746,3.994585730593677,7.358064728508921,37.26062319887603,338.1781306410761,318.4095556727452,OMB,2026-06-06,0
45822,45822,19.063,12.37,,2461200.5,.190584671218262,5.245116211133074,7.301461998622321,91.93729606700516,271.9237044581307,52.61784589537227,TJN,2026-06-06,0
45850,45850,15.309,12.66,,2461200.5,.1012917638565676,3.966536029471091,10.31831869087139,129.8342134464313,345.3382231920191,10.35153146701753,OMB,2026-06-06,0
46231,46231,16.494,12.73,,2461200.5,.1066351996284323,3.217633706516272,10.7055832190691,238.9214798785815,353.9097403587987,116.2413471023016,OMB,2025-11-20,0
46263,46263,16.011,13.60,,2461200.5,.06222120087458709,3.140758671928302,17.91894277497575,143.7662353453529,359.9944296062031,230.6716062216081,MBA,2025-11-07,0
46299,46299,15.348,13.09,,2461200.5,.1775920634333698,3.162317423629576,9.37223540688386,262.3411597674518,158.0786466811983,54.1313523092055,MBA,2026-06-06,0
46436,46436,15.042,13.12,,2461200.5,.3763342156685561,2.89291432807267,14.27220797998365,271.6565805006007,60.30359809604457,290.7791880545397,MBA,2026-06-06,0
46564,46564,21.536,12.23,,2461200.5,.1331892156920726,3.181468936835148,17.17593009649851,19.81145484944187,102.8454392304246,302.1776105580114,MBA,2026-06-06,0
46629,46629,15.629,13.23,,2461200.5,.2451078603363693,3.951557185936355,1.696481039536946,303.7769897335542,46.20708691249935,2.455877548906272,OMB,2026-08-07,0
46670,46670,20.490,12.56,,2461200.5,.08441096180561787,3.178904635513854,17.58655584732877,156.8306186793821,22.32141495773284,229.8796021685084,MBA,2026-06-06,0
46676,46676,18.107,12.08,,2461200.5,.1189725491639451,5.138146297294074,11.55032192105576,173.4575186330071,73.4640389318552,280.5891203949628,TJN,2026-06-06,0
46925,Bradyharan,16.091,13.05,,2461200.5,.04989888774606015,2.609240657872545,27.63758143387955,304.7969982539257,353.1018157324808,282.6289113735276,MBA,2026-06-06,0
47078,Llebaria,15.838,13.11,,2461200.5,.03972044930162225,3.228276373919137,15.87303847446963,121.6832576826274,254.1174269000781,14.62338716144194,OMB,2026-08-11,0
47139,47139,16.486,12.80,,2461200.5,.1602266770994947,3.153635066100994,23.14929877195109,350.6548379750472,97.92598403233727,31.01941780531451,MBA,2026-06-06,0
47678,47678,15.678,13.01,,2461200.5,.1134201258888231,3.119262819721127,16.59397253763585,191.1809114332452,35.53984235457157,227.3647662314761,MBA,2026-06-06,0
47735,47735,15.595,12.41,,2461200.5,.06453633536777797,3.229237542210716,16.33123195754775,348.2819376045989,263.4263828571671,108.4364553194312,OMB,2026-03-13,0
47786,Michaelleinbach,18.462,13.00,,2461200.5,.1248030668434226,2.952120765578934,14.26872418643897,223.9235166608709,324.810023261226,42.82332330720813,MBA,2026-06-06,0
47870,47870,18.043,12.79,,2461200.5,.07655603463982791,3.22830441951869,16.03522211747816,115.4016484755448,112.923048480151,142.4403610402928,OMB,2026-03-13,0
47907,47907,15.313,12.86,,2461200.5,.2916027856128366,3.965141661899442,1.744798196622834,94.3550527803248,265.369779558645,350.3552094463984,OMB,2025-11-05,0
47946,47946,18.333,12.79,,2461200.5,.06547937234476765,3.213421333728109,21.1206540443816,247.6498143776339,205.296170848179,327.3334777833186,OMB,2026-06-06,0
47955,47955,21.452,12.17,,2461200.5,.06793398745167391,5.107422333872537,3.240346753541921,218.2799616414976,101.0516658602989,104.1081268881075,TJN,2026-06-06,0
47956,47956,19.482,12.09,,2461200.5,.07051921932982635,5.177632648655607,9.657958904943875,26.98972593112046,301.992945352711,108.220759949284,TJN,2026-06-06,0
47957,47957,26.634,11.82,,2461200.5,.0838368946629641,5.261661795437233,7.584604890417247,153.7760652268014,154.735168955509,85.41420619781802,TJN,2026-06-06,0
47962,47962,24.011,11.97,,2461200.5,.09114578264416844,5.270839250428814,20.10204941482536,19.43575998577091,4.813326337184222,33.86429865626697,TJN,2026-06-06,0
47963,47963,26.772,11.96,,2461200.5,.02832491127376862,5.25264975900934,13.24946952320978,185.6103312845643,104.7812927929861,114.3554938349429,TJN,2026-06-06,0
47964,47964,16.521,12.03,,2461200.5,.1421407889167312,5.206532825973059,14.0064740211864,259.3572025655218,100.0731394283788,58.08627560958833,TJN,2026-06-06,0
47967,47967,20.964,12.02,,2461200.5,.1141587514348527,5.22941256966601,6.449046456037977,254.5762252308896,6.146164301172329,161.0720023420623,TJN,2026-06-06,0
47969,47969,23.480,11.91,,2461200.5,.05610021930686762,5.280986568361102,16.9149281383627,110.4641080431869,279.2065240277547,25.1604600678443,TJN,2026-06-06,0
48249,48249,18.713,12.15,,2461200.5,.01362197681505534,5.090958700633543,7.54404730697094,100.4382068171735,274.9781164394769,19.37764200695,TJN,2026-03-13,0
48254,48254,21.049,12.53,,2461200.5,.1080821019541352,5.199599338045014,31.76275745800042,47.20221525203723,293.3562759137635,91.26023623152523,TJN,2026-06-06,0
48269,48269,21.961,12.21,,2461200.5,.04544966959815002,5.16889849458298,15.74549517414041,162.5707922059283,41.4478208786965,341.7798714371493,TJN,2026-06-06,0
48373,Gorgythion,20.267,12.18,,2461200.5,.01089138846407548,5.298474609954626,27.19890005279667,208.1987738021167,51.95835660349595,176.8164140483449,TJN,2026-06-06,0
48438,48438,36.052,10.87,,2461200.5,.03242071271307929,5.162463006722474,31.36719717743727,95.8443905535366,291.4700663740392,49.44859576137753,TJN,2026-06-06,0
48462,48462,15.366,12.92,,2461200.5,.08520521507671786,3.170696304189659,20.22904432166649,320.7950811025821,277.420806911183,143.5150444000775,MBA,2026-08-07,0
48498,Murahashi,17.654,12.80,,2461200.5,.1487415192691024,3.181057680553541,18.97280636903284,309.8222168270344,201.3836708804415,305.6091584040315,MBA,2026-06-06,0
48668,48668,15.334,13.29,,2461200.5,.2085710827295001,3.190310994176603,9.400123266605581,272.8011482995855,128.4121274687638,149.7920242625056,MBA,2026-06-06,0
48764,48764,28.043,11.54,,2461200.5,.09101126281881584,5.176986343715141,25.63331482668349,96.71790915677919,305.1959345981183,359.5175995948019,TJN,2026-06-06,0
48767,Skamander,21.815,12.07,,2461200.5,.06606134448170278,5.197756148438056,29.08806271950616,227.9867887977464,103.447326335254,63.11511590110096,TJN,2026-06-06,0
48832,48832,16.753,13.02,,2461200.5,.2227114470024523,2.996182287787378,17.33870961343574,249.7393294180228,213.0680624674553,152.7652416454777,MBA,2025-11-05,0
48842,Alexmazzanti,17.019,13.00,,2461200.5,.08294508303266707,3.142826961901665,15.74345167851921,332.5729428149194,22.60305136372401,153.0618858900602,MBA,2026-06-06,0
49513,49513,19.009,12.81,,2461200.5,.07597027007253218,3.193605736530535,22.53854241210857,123.3789498025341,276.9463834124887,11.78264170680049,MBA,2026-06-06,0
49591,49591,17.646,12.53,,2461200.5,.1070277735337584,3.214441725086788,17.70557515292702,46.19395771697832,84.45594773375517,289.2882096785165,OMB,2026-06-06,0
49598,49598,15.341,13.09,,2461200.5,.05334749935859884,3.14679993412827,17.29034379884161,195.053395503857,252.2771739710352,61.09354157478131,MBA,2026-06-06,0
49606,49606,15.729,12.79,,2461200.5,.0611294763973783,3.248810964023754,27.24527281220849,14.45916548662251,12.20137419520785,36.11290901660079,OMB,2026-06-06,0
49630,49630,22.037,12.65,,2461200.5,.1179131928421723,3.198266240827397,24.71961215106257,47.29332241632279,123.060470919313,298.1101498874704,MBA,2026-06-06,0
49650,49650,16.835,12.95,,2461200.5,.140519399861059,3.165746287893813,14.68673748407969,225.1312895154966,349.7592694605935,320.7742462283153,MBA,2026-06-06,0
49651,49651,15.044,12.49,,2461200.5,.02764479257534683,3.463640263476275,11.60888510934956,53.69124592007133,351.2623252708539,241.9418038512708,OMB,2026-06-06,0
50330,50330,15.400,12.90,,2461200.5,.1657389442314262,3.136459929106495,14.24761313949026,17.92724893442865,206.8572182310262,248.3832313957244,MBA,2026-06-06,0
51118,51118,16.706,12.84,,2461200.5,.124237555697976,3.157378558051162,17.85721313084144,133.4563715979285,223.4917728813237,120.7481164548827,MBA,2026-06-06,0
51178,Geraintjones,18.513,12.69,,2461200.5,.2344495336389737,3.957445898838058,10.05982286981741,78.58183617405709,282.3932937677347,3.386570304735209,OMB,2026-08-20,0
51291,51291,21.079,12.52,,2461200.5,.1526754852543081,3.189769212154862,27.89433155620963,252.4001352963137,86.62857961919583,137.1008891054053,MBA,2026-06-06,0
51327,51327,20.824,12.56,,2461200.5,.09688984751513431,3.173152279734284,16.27166443469625,264.0371411686426,317.6766286566412,277.5536888670129,MBA,2026-06-06,0
51339,51339,18.717,12.32,,2461200.5,.06846930226002004,5.151852332126762,7.085283515932055,325.672636179021,236.7023402741455,214.1873193269813,TJN,2026-06-06,0
51340,51340,22.988,12.00,,2461200.5,.06562848345857891,5.123314426336391,2.764679336286582,88.05782885842946,263.4024420123249,43.91956839544311,TJN,2026-06-06,0
51344,51344,18.299,12.22,,2461200.5,.04722393547811114,5.179212026390095,4.382528180043982,314.0783043703451,41.92921835648322,65.13609267884567,TJN,2026-06-06,0
51345,51345,23.542,11.86,,2461200.5,.1496109997665754,5.209408307326997,13.93289199223662,292.852226736763,127.215681858966,351.2031367377106,TJN,2026-06-06,0
51346,51346,20.832,12.20,,2461200.5,.02928798061347367,5.123256950591043,8.992690925091692,246.4909012922624,55.64510533098004,113.1074641116631,TJN,2026-06-06,0
51347,51347,23.412,12.07,,2461200.5,.1431389227886522,5.170620328407851,7.640898559755339,239.57619482,132.3324322393436,52.06807261771249,TJN,2026-06-06,0
51348,51348,18.310,12.08,,2461200.5,.06551671486673609,5.140629053064662,7.701315359315083,307.7266709277101,284.9333229593962,188.5184709276261,TJN,2026-06-06,0
51350,51350,27.121,11.65,,2461200.5,.05340570438933051,5.179875932815789,17.30034661727951,328.0779107344052,23.06816727440801,53.43611033765678,TJN,2026-06-06,0
51354,51354,28.731,11.52,,2461200.5,.1079150002112828,5.163443388115508,9.890468635916388,269.4605948584973,60.56452688663131,96.32250540416929,TJN,2026-06-06,0
51357,51357,19.303,12.31,,2461200.5,.07038685598487686,5.182986850580194,9.02576742664465,246.1702752097002,56.14377507786942,106.8270055393975,TJN,2026-06-06,0
51359,51359,22.755,11.92,,2461200.5,.1165826278620132,5.184012087787619,9.482771155182874,262.3480141422995,29.97098415181866,128.4193529654097,TJN,2026-06-06,0
51362,51362,18.137,12.38,,2461200.5,.06105441775558288,5.19467212333862,5.172543990529194,129.9599685174651,147.1022477812691,128.1773186910872,TJN,2026-06-06,0
51364,51364,27.850,11.60,,2461200.5,.09984973514773704,5.270789905434708,14.17090608509256,87.02023581889227,6.387286781948162,330.2649801866113,TJN,2026-06-06,0
51365,51365,40.606,10.72,,2461200.5,.05592136559423481,5.207691557830269,30.23250674375811,18.38723944150671,256.9472342158919,127.9051157779638,TJN,2026-06-06,0
51378,51378,23.229,11.60,,2461200.5,.05010367463155149,5.138896428332998,33.69982623227109,302.4171982435071,124.787355562737,100.1931585020344,TJN,2026-06-06,0
51761,51761,15.285,13.02,,2461200.5,.1009260371763275,3.183326908136258,15.61580120969167,279.5360505104036,5.76272441083778,170.279761578856,MBA,2026-06-06,0
51775,51775,15.441,13.30,,2461200.5,.1245167008337508,3.216210876264422,8.639821560362257,265.9807904868515,223.1068266402704,320.8044779305833,OMB,2026-06-06,0
51790,51790,17.416,12.40,,2461200.5,.05012322780788905,3.247225959531951,14.84472550004448,238.4957102416751,151.7209680981993,33.28399033337778,OMB,2026-06-06,0
51852,51852,19.326,12.39,,2461200.5,.09424253676337994,3.180475698471497,21.35270536120639,260.250726591875,241.5681077634231,345.1994983524833,MBA,2026-06-06,0
51854,51854,15.912,13.09,,2461200.5,.0745133761037238,3.209724929272134,14.23202505389879,325.6959549397732,60.35771888301464,51.98175964423849,OMB,2026-06-06,0
51910,51910,26.350,11.71,,2461200.5,.08521820026724121,5.155555169548692,32.64895021670286,8.645191087955034,298.9093594845606,94.24691868682869,TJN,2026-03-13,0
51919,51919,16.497,12.99,,2461200.5,.1204300380787096,3.208538635111192,12.84846357659869,231.828230147406,163.3882851064919,72.03873734003999,OMB,2026-06-06,0
51935,51935,23.273,12.10,,2461200.5,.092214565767199,5.18853728797404,13.02385367935319,270.6708620713626,159.8410834220052,330.4785719809736,TJN,2026-03-13,0
51958,51958,27.223,11.65,,2461200.5,.1086017631406953,5.095543873939192,17.59402630118731,15.31427532159016,277.540205181953,101.7401630690565,TJN,2026-06-06,0
51959,51959,18.877,12.31,,2461200.5,.1257465538723143,3.197290142043268,19.59168770244296,18.2501685529293,134.6515366026536,340.4487696425135,MBA,2026-06-06,0
51962,51962,27.479,11.56,,2461200.5,.05779960259491918,5.174873344926843,18.55298091133288,288.0895973462062,300.7246506759032,161.5848755143103,TJN,2026-03-13,0
51965,51965,15.411,13.00,,2461200.5,.2492714394430078,3.157854781835286,25.7923393015855,46.98556871691886,82.92704278718986,34.97944185845669,MBA,2026-06-06,0
51969,51969,23.705,12.21,,2461200.5,.02077716321365117,5.207466685698967,25.65869837014236,348.416613507764,304.93034745,99.9614162869767,TJN,2026-03-13,0
51994,51994,19.745,12.38,,2461200.5,.07959263352680436,5.219552106227062,12.33365901460397,19.77303975756132,121.9234305025828,273.1895453410455,TJN,2026-06-06,0
52003,52003,16.397,12.79,,2461200.5,.1673444848673818,3.17677182229738,17.38321180286064,43.30197295613245,112.0175105880385,355.0421327986869,MBA,2026-06-06,0
52068,52068,15.567,12.95,,2461200.5,.2792675632404976,3.949677850357391,6.376820470052857,87.22326505379091,300.0428866164628,323.0763440418345,OMB,2025-11-05,0
52273,52273,17.291,12.52,,2461200.5,.08785857773982618,5.201711477324999,11.73305181766659,154.5881096264697,269.0034780597774,356.6204371422523,TJN,2026-06-06,0
52275,52275,18.410,12.72,,2461200.5,.06348521180084903,5.214165980522123,3.612931086807093,237.989198666064,160.5349315398236,6.031932547754851,TJN,2026-06-06,0
52278,52278,20.336,12.18,,2461200.5,.08647607719552504,5.171974067317679,19.60615286105773,81.1434510534524,233.224967625677,98.57065044982517,TJN,2026-06-06,0
52511,52511,21.583,12.17,,2461200.5,.0662890664903764,5.239273202953728,9.402296403757356,123.278567699874,100.9511323811604,186.8719137770911,TJN,2026-06-06,0
52567,52567,21.577,11.99,,2461200.5,.07030892360980047,5.150646046233648,21.48612248239662,54.34512527856629,220.7202011725211,130.2934346051206,TJN,2026-06-06,0
52767,Ophelestes,25.070,11.86,,2461200.5,.02377873634189308,5.279094332737889,12.80789786948706,98.44424626184009,199.3992871542785,99.80056367918681,TJN,2026-03-13,0
52872,Okyrhoe,36.000,10.93,,2461200.5,.3078651610001207,8.353910299987152,15.67408974116349,173.1194175692698,337.540326403525,274.7460492429234,CEN,2026-03-13,0
53402,53402,17.118,13.05,,2461200.5,.1514783772714537,3.139291176637387,14.33914602940619,56.5304477824485,292.5599478613556,212.5544430339851,MBA,2026-06-06,0
53418,53418,25.302,11.76,,2461200.5,.09367437914935763,5.146700258620593,26.3693368606784,148.5408938401681,129.8989856155322,135.4966812253642,TJN,2026-06-06,0
53419,53419,22.313,12.23,,2461200.5,.09079978065865826,5.194670710556822,30.56912688883394,342.6303817364042,349.6996463090625,102.3036041169762,TJN,2026-06-06,0
53436,53436,28.399,11.46,,2461200.5,.009775500966231197,5.050445608338328,18.27869327993994,104.2073147676903,299.587697434237,129.6799618626783,TJN,2026-06-06,0
53469,53469,18.453,12.57,,2461200.5,.06322029678094859,5.130954472433617,7.3555120997956,11.62858240638359,11.79925425548158,167.0122503442182,TJN,2026-06-06,0
53477,53477,19.519,11.90,,2461200.5,.03141380196084833,5.294149800147574,11.02036002327759,303.6161144774327,116.1726714025742,123.3274460946977,TJN,2026-06-06,0
54428,54428,16.662,12.48,,2461200.5,.1064235019036468,3.134278876431056,16.44473622638777,298.9670068006947,18.67956691590912,232.2617900386123,MBA,2026-06-06,0
54444,54444,17.018,12.48,,2461200.5,.03794390881858455,3.234405941919646,20.05602973096249,283.1430619983837,184.2642079689025,22.67837682244377,OMB,2026-06-06,0
54521,Aladdin,15.762,13.17,,2461200.5,.1282321230184141,3.199499264788142,14.53886606173081,341.2637797627401,262.8539914906038,266.031065565184,MBA,2026-06-06,0
54582,54582,17.052,12.66,,2461200.5,.08775565386534367,5.173729136738403,2.892178164069235,101.3090748129997,244.35196232,79.54047697596765,TJN,2026-06-06,0
54596,54596,17.529,12.67,,2461200.5,.07230775079521945,5.084396134485739,5.349717559787755,147.2603133773173,156.67782746224,117.9838850196364,TJN,2026-06-06,0
54598,Bienor,187.500,7.49,,2461200.5,.2056400817638726,16.60279962411079,20.71952894460205,337.8122874820367,152.5796331724681,351.637907370447,CEN,2026-06-06,0
54626,54626,20.327,12.39,,2461200.5,.06461699074521139,5.173273025272444,9.779281832871863,217.8464325441617,137.6977769924125,75.25306253842842,TJN,2026-06-06,0
54630,54630,16.069,13.02,,2461200.5,.1404793200750536,3.995561618812507,8.995163810355741,201.2997411263281,250.0901243494323,30.26508278199463,OMB,2026-06-06,0
54631,54631,17.071,12.84,,2461200.5,.05478553621921423,4.004111199590846,6.073481476112129,28.43434012294809,118.8457054339192,327.5452187515928,OMB,2026-06-06,0
54638,54638,15.254,12.43,,2461200.5,.003975067211046843,5.300814867804103,4.118324053844812,25.38830037660107,258.6072166104819,136.2045221850081,TJN,2026-06-06,0
54643,54643,18.692,12.40,,2461200.5,.07316226019314238,5.179384174564561,11.41238486809604,325.4223515746809,264.802646433879,185.5989087811602,TJN,2026-06-06,0
54645,54645,19.868,12.36,,2461200.5,.08921299771029439,5.256551820660765,16.7511107926271,234.9646869978195,53.69734810550885,130.5342892962869,TJN,2026-06-06,0
54646,54646,16.638,12.71,,2461200.5,.1085171503612368,5.242958319855881,3.561549315194734,259.2651712525656,54.47831422585867,105.8552323109528,TJN,2026-06-06,0
54649,54649,21.398,12.03,,2461200.5,.1102621434448872,5.249832361452206,25.21408173847959,290.7335238707405,24.0733078349903,101.1613766217575,TJN,2026-06-06,0
54652,54652,16.371,12.00,,2461200.5,.04342320885586569,5.182377423623167,17.73119176028732,118.5030559154097,212.0483801813109,91.35747016623152,TJN,2026-06-06,0
54653,54653,19.825,12.37,,2461200.5,.05313540608343332,5.24081246331485,16.46206863820462,97.665142332543,260.9141576913337,70.4709848900708,TJN,2026-06-06,0
54655,54655,19.328,12.21,,2461200.5,.09288690166149434,5.149892355942881,17.43982620951175,131.5283072637918,214.9164298404324,76.42704851067262,TJN,2026-06-06,0
54656,54656,37.743,10.61,,2461200.5,.07798897287540497,5.296404943981729,32.78284268892998,120.7620102999415,179.8468015518836,125.7015189703902,TJN,2026-06-06,0
54672,54672,22.933,11.71,,2461200.5,.1382756981268181,5.265784581226593,28.14658496610068,64.51793049446181,288.1342827770249,47.3617697377808,TJN,2026-06-06,0
54808,54808,22.709,12.25,,2461200.5,.2491326088680164,3.149202343170151,25.07671222636142,297.3838486858636,113.84266525719,105.51141352305,MBA,2026-06-06,0
55060,55060,28.643,11.12,,2461200.5,.04606778376985478,5.106948184253617,26.57482581649636,105.8725386804656,179.0360166642995,137.8933708400139,TJN,2026-06-06,0
55267,55267,24.077,12.02,,2461200.5,.03044738572982117,5.121642025209431,17.36384682944997,15.64945964564387,22.02037886953129,.4459383649689502,TJN,2026-06-06,0
55419,55419,31.406,11.19,,2461200.5,.04500464275226607,5.241076564438226,28.69786550001205,110.4548506185616,166.3152248125292,117.0036406078956,TJN,2026-06-06,0
55441,55441,16.485,12.58,,2461200.5,.03898842312017423,5.185356695250967,10.95368118791918,237.46411856,311.2929658027762,219.2376383002597,TJN,2026-06-06,0
55457,55457,24.008,12.13,,2461200.5,.1807297668014709,5.144407666105854,16.21511805101127,77.88658981298997,263.1485010014492,76.47927909292667,TJN,2026-06-06,0
55460,55460,15.291,12.27,,2461200.5,.03398770556522465,5.180964540670074,7.856332836733094,126.7085962754486,107.7144750723748,186.1306895229426,TJN,2026-06-06,0
55474,55474,21.469,12.07,,2461200.5,.09377090907189836,5.185148575069948,18.01380543310461,149.616709453459,327.530911424613,289.4328154176906,TJN,2026-03-13,0
55496,55496,19.898,11.87,,2461200.5,.04382769671267561,5.250897289784392,9.476478344910234,101.5589821243304,188.7589490404533,129.243225892655,TJN,2026-06-06,0
55563,55563,26.631,11.77,,2461200.5,.04424052938691349,5.141416413756659,29.57305312413568,313.1361517291959,54.64521625535084,176.1515963473553,TJN,2026-06-06,0
55568,55568,27.608,11.51,,2461200.5,.03311061998298455,5.131384558470216,25.7335433523898,43.10351650222182,321.7325862047917,175.4249988377302,TJN,2026-06-06,0
55574,55574,19.241,12.15,,2461200.5,.07646087785107326,5.219698765733244,7.661616095642777,286.1875796773272,15.72751746655914,238.7704665281251,TJN,2026-06-06,0
55576,Amycus,100.900,7.56,,2461200.5,.3929720298259932,24.94107982496631,13.37248659632937,315.5028596145601,238.6680291959108,67.67964317184288,CEN,2026-08-20,1
55578,55578,22.045,11.49,,2461200.5,.06107724219625026,5.317740137780326,20.40218352323308,43.05068686496229,85.26970812110282,44.79876142342302,TJN,2026-06-06,0
55678,Lampos,17.636,12.44,,2461200.5,.1004604144912006,5.225456239966616,7.3935785074,212.0383223340731,284.9792884535073,277.7059972768798,TJN,2026-06-06,0
55702,Thymoitos,19.959,12.34,,2461200.5,.03150213566643706,5.22756866972262,9.339257635102346,254.4957792996199,191.7662884499309,334.3182915701698,TJN,2026-06-06,0
55946,55946,16.005,12.96,,2461200.5,.2040244680949895,3.16990577881942,17.78995286087622,66.30880508712181,258.9670882148687,267.6322619443927,MBA,2026-06-06,0
55956,55956,16.421,12.93,,2461200.5,.1008316120520015,3.166057036021513,15.55436525452018,51.49516378001388,247.8067125049845,279.6480083323129,MBA,2026-06-06,0
56326,56326,19.019,12.24,,2461200.5,.03383294518645178,3.242164725199379,21.78997202421412,24.99916869239147,.003226788783958246,172.0789256394918,OMB,2026-06-06,0
56355,56355,17.588,12.43,,2461200.5,.03623623478315997,5.275500835334856,2.535561249375698,186.7599021692689,260.8490359102492,80.15614799240659,TJN,2026-06-06,0
56768,56768,15.930,13.02,,2461200.5,.21017178951851,3.131628044636302,14.68892434881691,320.5177124503914,3.679480536991637,226.1073242084241,MBA,2026-06-06,0
56951,56951,17.876,11.97,,2461200.5,.02336090652367592,5.13424499748771,13.40296032850363,61.71327149138127,209.4771760585149,146.1993726874004,TJN,2026-06-06,0
56962,56962,17.821,12.42,,2461200.5,.08286145298555334,5.264276874887675,15.20097509652687,183.039434292451,150.4663807349646,74.63012876713297,TJN,2026-06-06,0
56968,56968,25.865,11.77,,2461200.5,.03778080290503408,5.191947429391565,14.43359866018233,233.9991536309334,258.7197118503611,273.3393948095618,TJN,2026-06-06,0
56976,56976,23.483,11.58,,2461200.5,.03467093843994631,5.232337945481797,13.24463122842797,76.16972816893062,324.6092784086377,10.65435546711481,TJN,2026-06-06,0
57013,57013,24.126,11.98,,2461200.5,.05387575496419032,5.239060839898197,17.60666179830583,21.03423501039292,271.3444197423771,101.3804932805508,TJN,2026-06-06,0
57041,57041,22.282,12.15,,2461200.5,.07387725567061021,5.303935673442063,9.165815679940364,73.20856252311435,23.9161665890113,71.39311865510739,TJN,2026-06-06,0
57108,57108,22.310,12.60,,2461200.5,.1545419354367125,2.913829843232163,12.53230156950439,274.6456977917543,121.791078362277,336.2486420544289,MBA,2026-03-13,0
57714,57714,28.255,11.74,,2461200.5,.02587709861121957,5.22874092506724,16.59115208714989,126.4184406335961,317.3687323717879,339.3195049547797,TJN,2026-03-13,0
57904,57904,22.222,12.31,,2461200.5,.07016030380474066,5.24644045527991,1.993388105119847,194.2438335340496,225.0850117479165,112.1421761147969,TJN,2026-06-06,0
57915,Mahuchikh,17.653,12.55,,2461200.5,.03952213450792513,5.246510992073686,14.87261581252601,19.34459077610033,129.2214732928177,40.29524294911648,TJN,2026-06-06,0
57920,57920,16.701,12.58,,2461200.5,.03817507886425175,5.27207071552383,4.616560230365578,188.802872623536,243.4500643708893,124.2165423890202,TJN,2026-06-06,0
57954,57954,17.612,12.79,,2461200.5,.2449254495503562,3.353142254948636,28.17514504352948,44.74885087302513,296.0713031555757,183.7890347446868,OMB,2026-06-06,0
58008,58008,25.338,11.69,,2461200.5,.04305790379229988,5.163592569030839,17.36069416397256,90.82488429021299,342.4981233310746,328.8138430071291,TJN,2026-06-06,0
58478,58478,15.937,12.61,,2461200.5,.06666844645595633,5.254241134259424,2.616922609538812,205.4310811160269,180.5886069473841,141.8462875481254,TJN,2026-06-06,0
58479,58479,15.272,12.67,,2461200.5,.03416782890334461,5.227792436574016,8.36232621223558,140.7815365040253,190.760661289602,213.977679480177,TJN,2026-06-06,0
58480,58480,17.699,12.51,,2461200.5,.0262370225140698,5.19105511260713,7.010995966085339,51.39545993611171,341.7557676010177,153.7878962073374,TJN,2026-06-06,0
58879,58879,17.841,12.67,,2461200.5,.1018485199188473,3.234134246168554,23.5086515313822,98.92772274738239,97.48334204851811,308.4543935123728,OMB,2026-06-06,0
58931,Palmys,27.753,11.63,,2461200.5,.09911157228281844,5.247752484933701,16.41131920850914,119.5611399505243,133.8335199223583,146.6648057862319,TJN,2026-06-06,0
59050,59050,15.324,13.03,,2461200.5,.2172432841084642,3.941922950219942,7.174120996279705,48.03380035363765,265.8315108833444,246.4202567082615,OMB,2026-06-06,0
59079,59079,17.944,12.46,,2461200.5,.1492580492083264,3.953686998957553,12.41201221087002,68.74910373651961,214.1999503150821,276.1196947403255,OMB,2026-06-06,0
59112,59112,17.644,13.15,,2461200.5,.1847454159203603,3.991609373985983,2.657242260993184,229.1880759852323,115.0023770318617,214.4793840217044,OMB,2026-06-06,0
59915,59915,17.726,12.46,,2461200.5,.07705403707691325,3.123610141231024,19.36309927606096,349.7297355925746,179.4953896087392,116.5111357236737,MBA,2026-06-06,0
59998,59998,16.723,13.06,,2461200.5,.1296116356162933,3.213100568669892,23.82420991640655,76.24978438611664,251.7852364805461,257.3497209674973,OMB,2026-06-06,0
60042,60042,15.292,12.97,,2461200.5,.06442044474190708,3.55430253370508,18.1691283459759,172.2001350574245,246.0142794345584,325.2676169445936,OMB,2026-08-11,0
60381,60381,15.085,12.75,,2461200.5,.1430263077996453,3.973343069618006,12.76624046264203,159.4960703510691,151.74609561,278.3515294602438,OMB,2026-06-06,0
60383,60383,34.916,11.15,,2461200.5,.07116754469871907,5.285911506364442,15.12268300382108,248.0984711835393,70.62077871569826,221.2827301663533,TJN,2026-06-06,0
60399,60399,16.897,12.76,,2461200.5,.1270538336273197,5.252263109953794,4.286549128279408,119.0567586539889,299.8753098110277,120.5074789864615,TJN,2026-06-06,0
60401,60401,18.382,11.88,,2461200.5,.04200235680452571,5.28021640584287,8.542767635017858,313.9255752678998,118.1342466067393,131.8171217140639,TJN,2026-06-06,0
60558,Echeclus,59.000,9.21,,2461200.5,.454100715512905,10.75708596310801,4.338834852502628,173.28075288,163.4409950214168,113.7921087405837,CEN,2026-06-06,0
61042,Noviello,15.702,12.88,,2461200.5,.2680847079484152,3.979029592521199,9.546011415345358,100.4036749511992,267.2474316735964,354.7134270017514,OMB,2026-08-20,0
61610,61610,16.192,12.40,,2461200.5,.09600190935505169,5.253710535811575,12.24660970003547,354.4304521917368,33.67868832810255,19.80169062634923,TJN,2026-06-06,0
61896,61896,17.527,12.78,,2461200.5,.06339071258657301,5.16030944180568,6.238722743271801,245.6321436977246,117.9396934695702,60.53988393678593,TJN,2026-06-06,0
62114,62114,20.182,12.11,,2461200.5,.1803395226722516,5.187405326827389,16.13689764910673,278.5379043067407,65.78881421212489,70.90394863763086,TJN,2026-06-06,0
62128,62128,23.166,12.35,,2461200.5,.2234989180159193,3.14754193106057,26.66580547824953,333.1260578742195,43.68170077834389,227.3232075256875,MBA,2026-07-15,0
62201,62201,19.132,12.41,,2461200.5,.05829076526577488,5.230317442698176,4.619377686804664,185.235001040215,131.4628665150634,89.43936287594636,TJN,2026-06-06,0
62269,62269,16.545,13.14,,2461200.5,.06322840339124765,2.887943236600508,15.95830041151382,258.5005795095528,12.87894658753029,195.148626471551,MBA,2026-06-06,0
62426,62426,26.466,11.88,,2461200.5,.07736625321544516,5.22608872112142,31.22525551977211,214.3634213008849,350.9434779591049,210.4704881809539,TJN,2026-06-06,0
62692,62692,16.320,12.44,,2461200.5,.05659606282983473,5.241582132756323,19.1102653984167,246.6170346450199,39.53912424604852,141.1215999313324,TJN,2026-06-06,0
62714,62714,16.599,12.11,,2461200.5,.0413714939271764,5.253395192569781,8.942027595010904,71.34896413357846,351.1343378696493,3.518056388056755,TJN,2026-06-06,0
62760,62760,15.097,13.04,,2461200.5,.05551996160158384,3.241798738712302,22.23542534130203,56.13334240969258,317.9944616683115,176.4353318429021,OMB,2026-06-06,0
63184,63184,16.695,12.85,,2461200.5,.1489152043383164,3.947666340942585,9.390965618619134,101.3669248342704,216.8621010167668,217.0296699817837,OMB,2026-06-06,0
63195,63195,24.692,11.68,,2461200.5,.04689866966782139,5.210237225109466,18.92989371508386,325.5458872891254,173.9786722080588,37.82166006212346,TJN,2026-06-06,0
63231,63231,19.085,12.58,,2461200.5,.05813381572745079,5.335533766261407,6.695651730847144,129.7516262404675,17.81297640873113,17.62182632160935,TJN,2026-06-06,0
63234,63234,19.567,12.19,,2461200.5,.07115995192611571,5.227291684878316,14.80241308126627,330.1986145494764,246.6652338069253,323.567497762594,TJN,2026-06-06,0
63239,63239,19.447,12.08,,2461200.5,.06731195736912615,5.202286723193466,6.226205761075247,297.1260041910577,186.95733833777,53.9431583611924,TJN,2026-06-06,0
63241,63241,22.593,12.07,,2461200.5,.04889260017593911,5.250317455386785,25.77929449332956,128.9451000657172,34.00084357086313,11.06262438023229,TJN,2026-06-06,0
63249,63249,15.068,12.98,,2461200.5,.117883116506229,3.917484004469353,9.057131443608291,25.30553283181358,234.23664305,338.3369773002924,OMB,2026-06-06,0
63265,63265,18.515,12.63,,2461200.5,.1237500260335751,5.21773277568481,8.100124699219347,92.20093271577861,27.32681892572736,63.50643648297468,TJN,2026-06-06,0
63273,63273,29.767,11.65,,2461200.5,.1264096005740768,5.219595497995875,9.409877514653415,356.3667502450257,258.9330310191427,289.8743852686263,TJN,2026-06-06,0
63278,63278,15.005,12.79,,2461200.5,.1292058716621566,5.223151591286487,12.57478730297642,165.141829769615,343.1351525454029,34.6502537841718,TJN,2026-06-06,0
63286,63286,16.057,12.20,,2461200.5,.1028487516403625,5.313296152941397,6.400533742671299,173.8813401102003,222.9197752759775,145.6083092076496,TJN,2026-06-06,0
63287,63287,18.666,12.15,,2461200.5,.0778743013601438,5.229121742279688,17.27619702918388,235.2187294047478,202.6974432299804,124.4547698815386,TJN,2026-06-06,0
63292,63292,18.035,12.21,,2461200.5,.05838233636479455,5.224764004982324,13.40473251546145,143.0952657985299,273.7903420933116,125.3107305834879,TJN,2026-06-06,0
63923,63923,16.378,12.19,,2461200.5,.08182851878620161,5.141365476894162,9.68250781163121,159.2759879493745,3.040028835189233,247.810075352414,TJN,2026-06-06,0
63955,63955,22.136,12.08,,2461200.5,.1271863039598977,5.177876041554908,20.24734603929409,45.17312234533421,220.8713675227497,153.2797705328133,TJN,2026-06-06,0
64030,64030,20.349,12.56,,2461200.5,.03625296260537207,5.214061114241303,7.155625013825478,47.2058983921283,177.2162795290313,200.6899089505239,TJN,2026-06-06,0
64270,64270,16.468,12.56,,2461200.5,.09545354688956667,5.206532712792104,12.8798065126233,134.6330342020015,201.3824573994359,95.69075842966616,TJN,2026-06-06,0
64326,64326,15.480,12.71,,2461200.5,.07520775436147795,5.221082763941769,12.62765554132369,79.48260347045432,260.8439782638214,98.4575051912131,TJN,2026-06-06,0
65000,65000,24.406,12.19,,2461200.5,.01221264082914217,5.151840362293161,20.2750524703802,145.4463158991897,174.3994092238731,224.4893882742314,TJN,2026-06-06,0
65097,65097,22.263,12.00,,2461200.5,.06438269536539844,5.152845119033616,24.88878333519367,110.543974459601,220.7764272881437,223.5038318638105,TJN,2026-06-06,0
65111,65111,21.421,12.08,,2461200.5,.02033294631450699,5.215074890051531,14.50611592187609,280.4519322337371,281.5585886075874,330.4057114048026,TJN,2026-06-06,0
65194,65194,18.553,12.31,,2461200.5,.01579685041794019,5.148605939563904,17.10238065966944,75.54653131726606,127.5186927724106,347.5150113496874,TJN,2026-06-06,0
65210,Stichius,21.791,12.13,,2461200.5,.05583976044296096,5.162507354061625,16.55206077539718,27.36268862966847,148.8564116532369,12.1750616305439,TJN,2026-06-06,0
65224,65224,15.990,12.82,,2461200.5,.04371242906406086,5.255239597432662,15.86076007435721,179.1992377963226,23.45889219655668,345.7144194707677,TJN,2026-06-06,0
65225,65225,16.654,12.51,,2461200.5,.0804983979402084,5.287084917220296,6.963923491972769,204.0861916390182,208.226767429489,119.6231797357161,TJN,2026-06-06,0
65228,65228,18.930,12.51,,2461200.5,.06980604783912824,5.102753189767806,16.67381888253609,174.7678945041418,237.8594575153808,152.0095808293836,TJN,2026-06-06,0
65229,65229,16.230,12.77,,2461200.5,.03783281203664129,5.12549203433753,7.262285635210009,188.2971883099254,236.778589403128,137.2205567259423,TJN,2026-06-06,0
65245,65245,19.966,12.16,,2461200.5,.01932324687942832,5.2388257571282,15.63507087942804,207.9715165248315,171.4195541804798,153.5847890519254,TJN,2026-06-06,0
65257,65257,23.010,11.55,,2461200.5,.05269949532407119,5.171248191471542,18.50432037445792,206.4564021498902,266.5971275475057,69.70680527279018,TJN,2026-06-06,0
65281,65281,19.917,12.27,,2461200.5,.0650931456299271,5.169400405705495,23.12980710830049,61.86507754316462,23.15105872337771,120.8547595311235,TJN,2026-06-06,0
65374,65374,15.864,13.15,,2461200.5,.2752761775147513,3.966607506328934,9.163066251104544,159.9492740373254,197.9782619595742,353.8003570662372,OMB,2025-11-05,0
65590,Archeptolemos,20.267,12.10,,2461200.5,.03057001692038649,5.192262228501445,8.041572810660252,275.5606926905928,306.6904648761312,170.0785093428897,TJN,2026-06-06,0
65677,65677,16.246,12.82,,2461200.5,.1054894448705473,3.132687502570711,17.08855286719803,329.5966901438373,165.1355746431142,257.9655473761979,MBA,2026-08-07,0
65866,Wynneozrics,17.043,12.89,,2461200.5,.2533738761354552,3.172357292196808,24.3734741815793,307.4441228099485,96.77005679601771,332.7068412044175,MBA,2025-11-20,0
65871,65871,18.605,12.47,,2461200.5,.1427023052151114,3.218260175797367,17.64533609842216,292.4295395598908,49.56983647123828,357.7823425343719,OMB,2025-11-05,0
66170,66170,15.227,13.80,,2461200.5,.1467683118882363,3.166065867266412,12.20564795728681,75.7044095833393,335.6626242548543,321.348769859509,MBA,2026-03-13,0
66187,66187,21.658,12.16,,2461200.5,.1628960464836209,3.992764145620873,7.669428342633054,307.6701111741392,172.7302360556241,141.1596038741384,OMB,2025-10-31,0
67100,67100,15.268,13.65,,2461200.5,.2501315390174445,3.160963030037677,6.795321619125582,222.1494727076632,261.9862601073875,218.3276125364503,MBA,2026-08-11,0
67112,67112,15.254,13.54,,2461200.5,.1251301336129714,2.982286009178029,16.4362068166177,100.8398010307651,238.1410191007326,137.3264223607217,MBA,2026-06-06,0
67154,67154,16.026,13.15,,2461200.5,.1350367200064347,3.166248308029472,16.77695956855548,256.4987178242575,204.2558439608491,257.7278167468948,MBA,2025-11-05,0
67246,67246,23.327,12.88,,2461200.5,.1926640712865359,3.957387189105264,9.52121435794526,175.4682457221004,257.162106198712,212.1404202383998,OMB,2025-10-31,0
67340,67340,15.951,12.81,,2461200.5,.1900037670698604,3.98699126115749,7.441909834762495,249.3848195500364,177.9095970067973,237.9537334846363,OMB,2026-08-20,0
67368,67368,18.065,12.79,,2461200.5,.2665837469635176,3.968528720764693,9.079531868721407,126.4878094129558,219.337049430743,13.403526566265,OMB,2026-08-20,0
67548,67548,17.863,12.43,,2461200.5,.1336867492628836,5.207970247219004,11.76837534803156,272.5607897243833,149.0109246257946,353.6173303816046,TJN,2026-06-06,0
68085,68085,15.019,12.85,,2461200.5,.2361049033136129,3.153577084716432,25.18545521551353,338.8806393091854,246.4038895841259,142.1269565591431,MBA,2026-08-20,0
68363,68363,16.925,13.50,,2461200.5,.07424369327660285,3.182164882455958,8.514417889092634,274.7439319271068,208.5545701520948,338.1830922199284,MBA,2026-06-06,0
68444,68444,28.373,11.59,,2461200.5,.02687662272921407,5.19436832282488,30.07361222857416,123.391898039694,84.48043548219398,180.9408596535613,TJN,2026-03-13,0
68519,68519,27.855,11.79,,2461200.5,.01429871576693333,5.274371384406789,22.73123456873733,116.3042149849245,114.6423666092548,169.9652650115628,TJN,2026-03-13,0
68725,68725,17.934,12.40,,2461200.5,.1074557765170905,5.196426012694422,13.06245686037152,25.80065758672838,131.7874271564456,24.94024253491972,TJN,2026-06-06,0
68766,68766,17.644,12.75,,2461200.5,.03404014848025647,5.223592241769694,11.30717645468978,201.9404766873839,62.90769262160681,279.0625549360495,TJN,2026-06-06,0
69014,69014,16.031,13.01,,2461200.5,.1285247226640915,3.196323068370316,16.5689072546658,199.6484342054948,285.8889880615698,304.8861988644327,MBA,2026-06-06,0
69294,69294,15.664,13.21,,2461200.5,.3072646477074139,3.159905967659248,25.95885400353376,146.7803812543465,112.2791621392258,94.51232510285124,MBA,2026-03-13,0
69437,69437,20.576,11.98,,2461200.5,.07223490661370714,5.292874390080656,30.29903789147448,109.0503779914632,218.2250773386008,104.0650202404177,TJN,2026-06-06,0
69566,69566,15.638,13.29,,2461200.5,.2592839101559862,3.968240346133322,3.79815718283045,129.7667754217059,270.3144666358781,279.2031870767214,OMB,2025-09-16,0
70005,70005,15.578,12.63,,2461200.5,.08661454898110818,3.233081751705863,10.24353689657283,52.32333509304405,244.0201201741957,26.31695848800952,OMB,2025-10-31,0
70027,70027,18.198,12.78,,2461200.5,.1879870927837082,3.241733120596573,24.74869017692466,359.6780192790877,70.44852725631796,297.3589360070618,OMB,2025-11-20,0
70029,70029,15.770,13.37,,2461200.5,.1650860929209255,3.176678399690094,12.28628722733289,104.8513714492424,359.667034041987,317.517758753398,MBA,2026-03-13,0
70104,70104,16.632,12.38,,2461200.5,.09038857817275814,3.170052765994031,22.96155124774104,47.64671351622412,88.31569458298517,327.1366153461711,MBA,2026-06-06,0
71727,71727,15.757,13.34,,2461200.5,.1437912391070383,3.11562739091719,17.00410482013143,224.6789952566397,232.3793529009623,15.01442635238203,MBA,2026-06-06,0
72911,72911,15.570,12.86,,2461200.5,.08996247827680103,3.158365590692712,15.02314730052194,304.296911920973,120.7140426469572,46.91260658716254,MBA,2026-06-06,0
73363,73363,17.077,12.95,,2461200.5,.07215690012672718,3.151152579359171,25.88654905387879,271.557070437121,84.51603818122291,45.12253836469391,MBA,2026-06-06,0
73429,73429,15.016,12.98,,2461200.5,.04571148538205653,3.212505034329939,20.6594811682457,256.4736495313835,118.9171815929072,18.38113742787406,OMB,2026-06-06,0
73677,73677,24.711,12.11,,2461200.5,.05417692632503732,5.284507714715701,17.63780995954943,3.089027111041522,57.12731878733018,355.284809147139,TJN,2026-06-06,0
73795,73795,20.014,12.21,,2461200.5,.06354867652736516,5.168855140233741,22.50870892824614,171.7585637173689,345.2482364686443,257.7299310041698,TJN,2026-06-06,0
74487,74487,17.178,12.42,,2461200.5,.02454792484388801,3.37258486464775,20.90712270916062,279.4501010137592,359.1101562613387,8.858397059684426,OMB,2026-06-06,0
76583,76583,16.078,12.85,,2461200.5,.02170911130701766,3.223870544094851,21.2792425822806,193.2113200932426,160.5946513806676,56.8140112057536,OMB,2026-06-06,0
76801,76801,17.557,12.82,,2461200.5,.1220884152217724,3.201630913436451,16.71155773369886,349.9789180106386,271.5185437076361,252.4745690566083,OMB,2026-06-06,0
76804,76804,16.612,12.14,,2461200.5,.06243277380185387,5.116964423277756,9.596975551532086,152.1672708781783,168.7698926758876,72.59096055280847,TJN,2026-06-06,0
76809,76809,17.662,12.53,,2461200.5,.08135057952202095,5.163323145426142,14.21802764623338,336.7174619274604,72.99671907479426,2.864035773103186,TJN,2026-06-06,0
76812,76812,22.611,12.19,,2461200.5,.1072282275775679,5.176544660022848,14.79083943978034,301.7282585731376,78.45692286739502,18.83019433703784,TJN,2026-06-06,0
76819,76819,19.804,12.02,,2461200.5,.1042655685500166,5.28400777978223,16.31046976384738,351.3783862589775,334.402528733657,81.52594807670337,TJN,2026-03-13,0
76820,76820,17.463,12.31,,2461200.5,.09527826554855513,5.216758333686689,18.37432371253087,154.0216392026869,237.5643749422647,41.15236681683976,TJN,2026-06-06,0
76826,76826,21.258,11.99,,2461200.5,.02861121279075805,5.217016257558254,23.46123828252319,305.3769893855631,331.9379798733721,141.7128882138729,TJN,2026-06-06,0
76830,76830,23.221,11.95,,2461200.5,.06440823977531325,5.174340867956215,25.0755505329294,291.0852995834205,130.4024394019821,358.2911464857939,TJN,2026-06-06,0
76834,76834,16.116,12.27,,2461200.5,.03472198171318542,5.178345094024292,12.73795077203665,12.68640897932648,341.406367770164,68.81986011979342,TJN,2026-06-06,0
76836,76836,18.350,12.25,,2461200.5,.09898839602908922,5.248070242588854,23.74229022629672,300.3798334146002,23.58843383909172,94.85373244682241,TJN,2026-06-06,0
76837,76837,19.997,12.36,,2461200.5,.09128526395551793,5.200979296888528,20.74018142556469,296.1260996346098,61.58448658163252,58.91404306168771,TJN,2026-06-06,0
76838,76838,17.345,12.67,,2461200.5,.1134419581938069,5.211963638178132,18.91534566740304,278.4072362877877,92.92075057186429,63.72958535820265,TJN,2026-06-06,0
76857,76857,33.098,11.02,,2461200.5,.09304026096964547,5.258185646582875,22.99127940700639,61.340456574129,257.15685971692,90.3179116591368,TJN,2026-06-06,0
76867,76867,42.849,10.46,,2461200.5,.02936669273571638,5.159705656835542,28.7751657869518,38.51950429359241,300.3986164316501,72.83568923547111,TJN,2026-06-06,0
77766,77766,16.100,13.44,,2461200.5,.04469575502259876,3.021844645096204,13.97127540237219,90.96404981286517,133.6323411135136,22.81410461871284,MBA,2026-06-06,0
77878,77878,16.100,13.02,,2461200.5,.03717061494127331,3.179634953303559,16.44095452368604,24.13362637998971,171.4414632139926,318.1989099253225,MBA,2026-06-06,0
77891,77891,16.447,12.95,,2461200.5,.1623095854016864,5.168150409671719,14.22207338674007,31.9611829464498,28.11688163974831,10.46027444395904,TJN,2026-06-06,0
77894,77894,19.966,12.50,,2461200.5,.06330566650281882,5.114905468473662,26.49182143888642,273.2907572093308,82.74880721551392,61.85915265109682,TJN,2026-06-06,0
77897,77897,18.608,12.60,,2461200.5,.05680076539676566,5.246763920072236,6.993224285451491,18.76539471392373,31.62432108955924,12.81927793716282,TJN,2026-06-06,0
77902,77902,16.653,12.62,,2461200.5,.0210086787941583,5.150077055698652,8.593903670966036,59.50371446736914,292.6860562980109,57.68061740881905,TJN,2026-06-06,0
78809,78809,15.171,13.09,,2461200.5,.329385491226769,3.969138014185724,12.75255784604561,177.5585647280957,222.7126138335885,301.5247231354519,OMB,2026-06-06,0
78815,78815,15.282,12.91,,2461200.5,.192519525311062,3.9404765916555,7.567112800404183,314.0005086915769,82.19416459869822,286.4734088888418,OMB,2025-08-02,0
79485,Stevehackett,16.251,13.27,,2461200.5,.1125528071488459,3.210770911499114,22.03719765537333,359.3595951502675,87.41106001426093,50.38727058184877,OMB,2026-06-06,0
80076,80076,15.369,13.05,,2461200.5,.2493156519653936,3.098973744769001,15.05749277369658,58.99235666999763,315.858236638542,183.2627317065101,MBA,2026-06-06,0
80119,80119,28.432,11.54,,2461200.5,.1467256924363918,5.202822716064728,29.39794275928764,312.4464989609676,346.72680751117,120.3839819464564,TJN,2026-06-06,0
80638,80638,18.129,12.35,,2461200.5,.08449669757769383,5.233576353031548,5.379153427708865,108.4407100079676,231.7824989666128,191.429263327162,TJN,2026-06-06,0
82055,82055,24.934,11.76,,2461200.5,.0561568512662536,5.165818643063223,36.53397954632152,156.6229370029718,330.9545068112068,304.0448962114497,TJN,2026-06-06,0
83978,83978,17.841,12.72,,2461200.5,.07814387773485497,5.162054996305674,4.440466220124253,89.1580174574798,240.9136542555585,200.5793582960586,TJN,2026-06-06,0
83980,83980,16.186,12.16,,2461200.5,.09965767241317626,5.195235560924089,9.569875809833096,244.186462956523,127.9465939961228,161.5213656613466,TJN,2026-06-06,0
84709,84709,19.525,12.30,,2461200.5,.06678056178929306,5.21447532479073,14.83747851695843,279.4263350776021,76.10673890119863,45.12025558638931,TJN,2026-06-06,0
85030,Admetos,20.898,12.19,,2461200.5,.07519333967730443,5.159859905715103,22.80356758788281,190.777584408001,229.4184751446893,88.5447669741323,TJN,2026-06-06,0
85716,85716,18.754,13.13,,2461200.5,.008361185197202197,3.172301944703265,12.24748670333216,346.4969845413464,335.7841262623307,3.497858898335948,MBA,2025-09-16,0
85807,85807,22.309,12.02,,2461200.5,.088680279453558,5.190586636605159,26.47067281524473,237.8565554054264,206.5341610826076,99.58896838786046,TJN,2026-06-06,0
86061,86061,15.157,12.88,,2461200.5,.08377327335277816,3.194051435223289,18.17850010989876,349.8964752846132,97.2880929080857,166.7728588491576,MBA,2026-06-06,0
86140,86140,15.426,13.05,,2461200.5,.04157926593381685,3.22155915747853,21.31362407165815,356.6343578558931,343.2903597880093,239.2287719915629,OMB,2026-06-06,0
86281,86281,15.864,12.82,,2461200.5,.02387528113298906,3.192005528194544,20.54646659931815,294.3218139113055,135.4337381915421,216.6333609035244,MBA,2026-06-06,0
88227,88227,19.177,12.16,,2461200.5,.06521662793325607,5.1854328379048,9.835959841598719,249.7702877484957,182.1806491267245,116.945771056876,TJN,2026-06-06,0
88230,88230,18.512,12.59,,2461200.5,.1484065915479977,3.974848913098997,7.362315633290439,257.9082998689125,3.799220968642045,324.535316375179,OMB,2026-06-06,0
88233,88233,15.539,13.46,,2461200.5,.17256981668759,3.165308175657887,25.97775043736097,295.1272507438971,33.56128417425701,354.2148928301504,MBA,2025-10-30,0
89829,89829,17.429,12.15,,2461200.5,.05141409704071298,5.226265926809515,14.33302258567792,74.41389992713653,201.87247141913,265.8837088923487,TJN,2026-06-06,0
89858,89858,19.389,12.29,,2461200.5,.04312869670193085,5.210002771902687,10.56334024756334,154.1013413347644,194.7809142013869,188.6427010026412,TJN,2026-06-06,0
89924,89924,18.587,12.72,,2461200.5,.0282035787947597,5.244022697175442,1.221801395360183,20.21419619237856,110.8884513216028,34.83998571773021,TJN,2026-06-06,0
89934,89934,17.683,12.40,,2461200.5,.07698758779232837,5.218091468957946,7.835997417201336,5.45036798051762,341.9058267574327,198.7564106773932,TJN,2026-06-06,0
89935,89935,17.287,12.99,,2461200.5,.06503426894258728,5.255204912343284,3.168466018304119,143.3373054389513,227.1056040019623,173.3124578471882,TJN,2026-06-06,0
89940,89940,20.198,12.45,,2461200.5,.08290601889224065,5.249514588700441,25.23889977121655,185.1370240054591,345.3029960597657,12.32075319494676,TJN,2026-06-06,0
90337,90337,29.391,11.71,,2461200.5,.07799945059836366,5.238496835631482,19.34357737823702,232.8869721772867,71.47106570210543,230.1453088588721,TJN,2026-06-06,0
90380,90380,17.955,12.50,,2461200.5,.1000578295910345,5.144699192446779,9.939815257820523,71.8001429998294,66.26433028044217,273.0820707417132,TJN,2026-06-06,0
91652,91652,17.589,13.29,,2461200.5,.08042132429914557,3.203820286567651,17.43283671208856,49.11083515949974,81.18909617081695,136.7465400433258,OMB,2026-03-13,0
91776,91776,16.551,13.07,,2461200.5,.1422709521410214,3.170535984718952,29.92714244239091,52.14408934336939,193.523069590976,67.80871433194494,MBA,2026-06-06,0
92011,92011,15.053,14.19,,2461200.5,.1011689388386097,3.075874615762864,13.60165240475482,28.96047094126567,329.2263894424713,9.130408669010214,MBA,2025-11-05,0
92233,92233,23.115,12.97,,2461200.5,.1345124157460844,3.126278323521049,10.47573686624575,91.39562242042308,133.0907956746428,128.5609447171079,MBA,2026-06-06,0
92297,Monrad,16.152,13.69,,2461200.5,.1893040513744905,3.195309636514178,18.64561856239289,357.6945818773601,67.0835135403658,275.1610714513471,MBA,2024-07-31,0
95626,95626,230.500,7.19,,2461200.5,.2171972626706522,22.98706688743656,15.0478360963902,107.2953814666292,155.0887064506782,22.48203469719588,CEN,2025-09-16,1
96295,96295,18.765,12.61,,2461200.5,.09110993260857488,5.233184919404191,4.110155282486784,132.3086310786212,111.1874306788406,163.6373168067803,TJN,2026-06-06,0
97893,97893,18.366,12.18,,2461200.5,.1028090443617865,5.237156410416743,9.897279735220408,93.48662290877392,228.7445890872448,80.37804466846562,TJN,2026-06-06,0
97973,97973,15.683,12.82,,2461200.5,.05799527440296671,5.168655366780492,14.07078520535764,197.1804287927594,200.2952943664293,18.4223096532447,TJN,2026-06-06,0
98116,98116,19.953,12.05,,2461200.5,.1285563340772361,5.206414637483885,14.53661085928444,323.8517325241297,322.0235083135781,131.3132073143518,TJN,2026-06-06,0
98143,98143,18.436,12.45,,2461200.5,.02529126098076776,5.299123758569647,3.187013518522996,14.50065341928986,285.1001034000329,96.6586822852867,TJN,2026-06-06,0
98361,98361,18.583,12.51,,2461200.5,.104581246710009,5.158627943543208,10.03366002736187,95.8257536333343,201.2834440135258,132.5798248453336,TJN,2026-06-06,0
99306,99306,16.363,12.55,,2461200.5,.02123638486594968,5.120533545087502,5.537600448058916,134.2879685867898,120.6332110502676,126.8686024247335,TJN,2026-08-20,0
99308,99308,20.427,12.45,,2461200.5,.02031134369847051,5.145572520245129,29.84136484314849,28.04837375559192,118.2933679244473,288.7580810088242,TJN,2026-06-06,0
99311,99311,19.350,12.41,,2461200.5,.0440343850167814,5.168642982247496,14.38587276131119,194.4191951955743,266.0173270350116,322.3755262211174,TJN,2026-06-06,0
99323,99323,16.549,12.74,,2461200.5,.009914932161713366,5.173456940455293,17.26572118791943,61.83924039091762,350.7477929269584,353.1641966935188,TJN,2026-06-06,0
99327,99327,16.654,12.66,,2461200.5,.0258036303676049,5.123224576767668,5.122568011147359,58.2129564624482,260.4483110069083,111.3640019339211,TJN,2026-06-06,0
99328,99328,15.582,12.43,,2461200.5,.07216621779493547,5.208215930684162,16.8236677922626,144.5568756874086,266.9753195253415,8.402540086791486,TJN,2026-06-06,0
99334,99334,26.242,11.83,,2461200.5,.08416229749682136,5.316344684594713,29.65543176124057,82.46009985020569,218.1646895446098,109.0768590144647,TJN,2026-06-06,0
99877,99877,15.064,12.99,,2461200.5,.2719447331629891,3.951469349736741,14.26505174773729,347.1354960666785,25.66907256998876,340.2361533569986,OMB,2025-11-07,0
99943,99943,22.942,11.68,,2461200.5,.1093497975338931,5.290814680664322,13.53220025386252,116.2333487250152,89.99059753518974,208.6740524653959,TJN,2026-06-06,0
100475,100475,15.526,12.77,,2461200.5,.04020123084395132,5.321910402345992,2.274009565779957,229.164619823781,168.6302046190075,165.7762046963686,TJN,2026-06-06,0
101492,101492,20.862,12.19,,2461200.5,.05720081603350278,5.169929347844012,21.93251199984417,230.005183297921,178.6432086800455,127.7468425268557,TJN,2026-06-06,0
101612,101612,19.776,12.49,,2461200.5,.09038179049739518,5.171701737427482,26.25037057785262,66.42475495269102,220.7113127313438,246.7224505664227,TJN,2026-06-06,0
101890,101890,16.030,13.21,,2461200.5,.2157651843648732,3.206214389344904,27.71450715756221,299.4621907506738,91.76828601825294,199.9909349357117,OMB,2026-06-06,0
103989,103989,21.913,12.10,,2461200.5,.0717721392393264,5.370228028372064,3.068432061187641,61.17721295161481,331.2941039921783,157.6576384333886,TJN,2026-06-06,0
105553,105553,15.253,13.04,,2461200.5,.04222639717483644,3.193623690867189,22.95851465585869,37.4438611584207,259.8248026895141,276.2882955353922,MBA,2026-06-06,0
105685,105685,18.909,12.67,,2461200.5,.05676324848526015,5.280503618272929,15.5405532422137,195.4844732619913,252.0384081842167,329.8300857995384,TJN,2026-06-06,0
105694,105694,23.211,12.18,,2461200.5,.1068939139224773,5.222008789137314,24.08527056024507,6.531679767367566,284.5284267918962,118.1703791682233,TJN,2026-06-06,0
105720,105720,17.000,12.41,,2461200.5,.05482054332957123,5.285107609516839,9.825712291632735,45.23408899771509,281.6795112962194,85.17625246330344,TJN,2026-06-06,0
105803,105803,16.191,12.38,,2461200.5,.07672615192147832,5.27002774725272,27.97237314090522,328.9074269539423,28.98247775891734,60.94292396732207,TJN,2026-06-06,0
105808,105808,24.314,11.84,,2461200.5,.01587778225828561,5.241772301068164,34.48108647087273,202.0273414257331,333.9656888858614,250.5748200497307,TJN,2026-06-06,0
105901,105901,15.619,12.56,,2461200.5,.02484861486941324,5.268637143099642,15.46835390954017,203.781020174362,62.80981599161828,159.8156810138312,TJN,2026-06-06,0
106001,106001,17.304,12.62,,2461200.5,.01890153284922338,5.247423581766497,9.278218937459695,319.7855226858268,94.62912111201891,353.7644064314436,TJN,2026-03-13,0
106060,106060,17.047,12.54,,2461200.5,.03082742368150545,5.193880512534152,17.42024228322844,251.9683456452973,96.07007688143018,74.66479135864883,TJN,2026-06-06,0
106091,106091,15.078,12.70,,2461200.5,.052225266665572,5.190560405141282,8.526766396395271,138.4647287200391,171.2173835258492,117.0696448431383,TJN,2026-06-06,0
107178,107178,19.956,12.00,,2461200.5,.136559768277343,5.160033442344261,22.26162758416368,127.3987874581334,312.4186392309265,87.18461960882085,TJN,2026-06-06,0
107804,107804,18.303,12.29,,2461200.5,.03153570812954126,5.310988585313838,6.922327374858417,346.791491239125,45.50294356932635,168.4152594716865,TJN,2026-06-06,0
110380,110380,15.756,12.25,,2461200.5,.08793293837938899,5.200301599926306,22.65882481818622,141.4250121526626,302.4392812989857,336.0029054211815,TJN,2026-06-06,0
111113,111113,15.308,12.73,,2461200.5,.05355665469278957,5.303332074141698,7.653989583814178,293.3864752869279,54.33162661775,90.70779828132495,TJN,2026-06-06,0
111819,111819,19.341,12.49,,2461200.5,.0742117047107273,5.227772470891665,33.4501175806548,137.4758608405388,226.4554788331636,166.3088588132563,TJN,2026-06-06,0
114141,114141,20.914,12.15,,2461200.5,.07056479634060327,5.150762584263335,19.66020682807727,79.84109208214225,150.6790989808172,195.9959622469565,TJN,2026-06-06,0
114208,114208,20.275,12.30,,2461200.5,.05111238977525387,5.157369604377389,26.73475846947194,48.71036004917585,169.92026691517,206.5775550620536,TJN,2026-06-06,0
114694,114694,21.731,11.89,,2461200.5,.168662956711419,5.223428679811802,23.08132500447513,175.8458296628795,163.5938163597504,196.2908126446031,TJN,2026-06-06,0
115440,115440,16.269,12.78,,2461200.5,.1727759890760596,3.967687060539744,14.31056981257793,68.40423288168326,318.3760794366108,301.3745259849028,OMB,2026-06-06,0
116969,116969,20.798,12.17,,2461200.5,.1242250302883877,5.218663380340761,28.16396786586627,210.7379357610208,184.063388714198,139.5947340466218,TJN,2026-06-06,0
117288,117288,15.201,13.07,,2461200.5,.2243413785609272,3.957888033215904,9.790013284906278,131.0150072746433,296.094798212518,243.4056013927536,OMB,2026-08-25,0
117385,Maughan,21.969,12.10,,2461200.5,.04196167259544695,5.269010307132223,13.29916885038983,125.3725051624678,218.1386757849514,50.54334808364942,TJN,2026-03-13,0
117389,117389,18.596,12.42,,2461200.5,.07477093964629926,5.177056183419739,25.17306336018423,130.0658120776161,196.0491426255962,100.2107230690826,TJN,2026-06-06,0
117395,117395,16.720,12.79,,2461200.5,.03522636918477911,5.139237190047533,12.36160018544169,87.32393369430649,230.6537602399345,102.0963828097857,TJN,2026-06-06,0
117404,117404,22.747,12.19,,2461200.5,.02956033550288286,5.118856862087346,22.81004410034472,105.011911102038,286.7602912169916,29.68918989049846,TJN,2026-06-06,0
117423,117423,16.849,12.24,,2461200.5,.0970959058410362,5.250949324036452,9.071262615614266,140.7072910798389,88.2495951397734,183.943320255581,TJN,2026-06-06,0
117446,117446,15.144,12.54,,2461200.5,.0817946972573598,5.206122575005872,6.061485478161472,112.0679839096593,156.7669959869679,151.6266957924663,TJN,2026-06-06,0
117447,117447,30.603,11.76,,2461200.5,.05611231137865547,5.245933908859542,29.47819404385872,134.8072330348212,187.9138380304463,89.36749558515771,TJN,2026-06-06,0
118815,118815,18.016,12.30,,2461200.5,.1759958193684946,5.251492433164482,1.972919567653852,17.46457277427489,279.8378795081971,106.9728510498358,TJN,2026-06-06,0
119528,119528,22.097,12.04,,2461200.5,.1028280866724244,5.17828642887478,15.71446127483389,128.4211873752721,127.4133146899537,158.7782782782157,TJN,2026-03-13,0
120061,120061,82.000,9.08,,2461200.5,.4731212762764323,20.65927533611468,19.75532138807347,78.56016374092466,115.8615484883857,75.88932213055485,CEN,2026-06-06,1
120454,120454,16.717,12.79,,2461200.5,.0542292032973947,5.22327838035608,15.2672631247458,169.1843033986441,130.424298828986,127.2362638381027,TJN,2026-06-06,0
122581,122581,17.356,12.10,,2461200.5,.07211672772023724,5.161592244860657,10.59804703099458,254.4551202376552,11.85576761048065,141.194830767374,TJN,2026-06-06,0
122733,122733,15.235,12.61,,2461200.5,.0423466200127947,5.11180274611946,22.02386763921412,189.1499185017831,207.9914928035056,26.98022349029415,TJN,2026-06-06,0
124985,124985,19.242,12.39,,2461200.5,.04987352905866055,5.212476036569675,12.14593668001884,157.3306252722914,57.45033211692468,211.2191324012247,TJN,2026-06-06,0
125045,125045,22.962,12.28,,2461200.5,.01212680814173556,5.184767328961181,23.5946985204892,343.422255142293,260.5593769708306,146.7494505639441,TJN,2026-03-13,0
125048,125048,18.114,12.63,,2461200.5,.07391937282701815,5.265316040618579,17.0563713445057,353.6374899175751,13.83462023580934,43.55658678821312,TJN,2026-06-06,0
125062,125062,17.107,12.73,,2461200.5,.08393695070089816,5.152293698499415,15.74944165889711,302.1136929981263,337.7893232972861,121.3807207062249,TJN,2026-03-13,0
125159,125159,21.540,12.18,,2461200.5,.06676299866239373,5.242685712219112,15.32629274162402,104.6094049899945,192.4333798373636,123.2942051561116,TJN,2026-06-06,0
127532,127532,16.360,12.91,,2461200.5,.009003952816955946,5.152571062539834,10.93976829261717,90.8518913254144,174.7142444170308,159.3752405464411,TJN,2026-06-06,0
127534,127534,17.877,12.41,,2461200.5,.04389054761977555,5.224684853675992,14.74819616981605,127.6531859153389,46.36689444208903,246.4481771769387,TJN,2026-06-06,0
127546,127546,170.000,8.06,,2461200.5,.6870254111529746,67.11052974834281,77.94684459534035,90.21604416382473,28.10818069704306,11.58891589355119,TNO,2024-06-04,2
128299,128299,26.632,11.51,,2461200.5,.06793136209726494,5.282513572340621,21.79015840159893,104.6587386004898,156.4566524487259,154.2344359446278,TJN,2026-06-06,0
128301,128301,18.003,12.19,,2461200.5,.05224813097682776,5.153868183495758,26.07438913235799,84.4554679860185,214.5799186464195,135.277793479628,TJN,2026-06-06,0
129133,129133,21.802,12.20,,2461200.5,.04398279310830459,5.172165543928735,23.2101286966073,105.9801072106643,105.8220474517499,197.5250914009619,TJN,2026-06-06,0
129135,129135,19.954,12.10,,2461200.5,.03799381626940961,5.279378831025594,33.12707423097194,120.069878644652,200.1468016136491,82.06803814171724,TJN,2026-03-13,0
129140,129140,16.132,12.74,,2461200.5,.01621709553516162,5.180217406067855,9.367001796701787,171.8700196214886,107.8709746214277,136.0203848306321,TJN,2026-06-06,0
129144,129144,18.583,12.13,,2461200.5,.07992280180918666,5.178386240282101,27.67952849028509,138.5751871862478,193.0827237084242,102.145472935913,TJN,2026-06-06,0
129147,129147,19.215,12.48,,2461200.5,.05715123305558516,5.213014854002695,16.46241487687976,342.0198628948769,308.3673817671569,136.7195750313786,TJN,2026-06-06,0
129153,129153,17.104,12.63,,2461200.5,.007665814676153676,5.203926022459658,26.73480132967069,164.8426887153446,197.8647747580779,62.50720523692693,TJN,2026-06-06,0
129207,129207,17.112,13.06,,2461200.5,.06584351790599603,5.332273612129499,3.482660557455804,174.4001270551291,231.470062805238,155.9649707191247,TJN,2026-06-06,0
129602,129602,15.739,12.25,,2461200.5,.03043272549971744,5.296861085690486,16.60520281098805,225.4080126435941,77.66747485193315,238.2094724958864,TJN,2026-06-06,0
130190,130190,17.168,12.08,,2461200.5,.04414020303571068,5.267557611375423,14.70783279898246,292.1129764877784,79.77540689564665,178.3773748429058,TJN,2026-06-06,0
130588,130588,19.400,12.59,,2461200.5,.053407101729109,5.224363897385663,31.91082254684264,356.3648170853346,12.02170224948234,57.48879076252211,TJN,2026-06-06,0
130592,130592,18.945,12.60,,2461200.5,.01667375784041318,5.263585725137753,19.34828108575944,346.15137665,104.1848823489449,313.1841107970783,TJN,2026-06-06,0
130687,130687,18.257,12.41,,2461200.5,.09486294900811136,5.226167750656244,19.04386353008006,286.3734801892942,71.02234074151193,71.14107217790529,TJN,2026-06-06,0
131429,131429,15.092,12.92,,2461200.5,.1337326094438497,3.043021716063863,22.33941105906209,291.6263539323053,164.8949476707403,123.9777123532702,MBA,2026-06-06,0
131447,131447,23.709,11.92,,2461200.5,.04077162243225705,5.232200538324899,33.81804563069184,33.2228915124889,318.1769664437943,73.86434255415487,TJN,2026-06-06,0
131451,131451,21.208,12.60,,2461200.5,.07827526598754274,5.104882754539151,27.24444792436358,8.515953797154083,336.7263267375343,83.00066128243385,TJN,2026-06-06,0
131460,131460,15.831,12.50,,2461200.5,.06168697885897649,5.109084762167371,27.76433312333171,340.5859508565379,2.540319148845369,76.91150484280553,TJN,2026-06-06,0
133566,133566,19.086,12.23,,2461200.5,.02420765907547841,5.301085046107277,26.53537206842896,287.4731016217017,355.256182346059,150.4206173687616,TJN,2026-06-06,0
133853,133853,15.786,12.54,,2461200.5,.07994561331497829,5.24421569644098,15.81667976216893,331.8216281600403,3.348653441790713,95.46839865733367,TJN,2026-06-06,0
133862,133862,16.878,12.46,,2461200.5,.009638465106277729,5.224206526860955,31.08393828891651,109.924645453847,262.4012568990718,66.47491443624206,TJN,2026-06-06,0
134251,134251,17.723,12.22,,2461200.5,.08891624577767525,5.130438445195037,26.35285227100423,148.6195078352114,157.7740334699496,114.6104078457214,TJN,2026-06-06,0
134269,134269,16.114,13.20,,2461200.5,.04658232532079717,5.187741595324635,2.624646243296299,174.0037168250277,37.52839736044798,194.5420839495728,TJN,2026-03-13,0
134329,Cycnos,17.695,12.53,,2461200.5,.08087828304150785,5.18199246776351,17.38262667464806,17.56457886037816,280.3077813303831,124.5325837511421,TJN,2026-06-06,0
134419,Hippothous,17.361,12.49,,2461200.5,.1778463132422384,5.23241161675219,8.390545609295163,122.2346175679154,133.25387608,143.8444351044947,TJN,2026-06-06,0
134720,134720,28.299,11.74,,2461200.5,.0863095693739452,5.238994702553931,27.53821112368607,300.8421155679638,55.71193692969457,183.7876697905896,TJN,2026-06-06,0
134749,134749,25.881,11.98,,2461200.5,.09443543170451192,5.286728028821099,20.46371471077124,336.7597648753014,35.97768319000276,159.3666200054426,TJN,2026-06-06,0
134767,134767,15.331,12.77,,2461200.5,.04390127564363059,5.32674870458048,10.07407406611158,118.8001138816544,310.3993559606569,105.8518231040405,TJN,2026-06-06,0
134957,134957,26.039,12.07,,2461200.5,.05040350922087851,5.282861586994002,10.98469181593946,47.78953173864161,62.18752607118778,88.73763815756857,TJN,2022-05-03,0
134965,134965,18.586,12.16,,2461200.5,.03414874097757947,5.158721415598905,27.47479995760173,304.7635216430193,135.4384203305942,120.5465982091153,TJN,2026-06-06,0
135547,135547,18.297,12.33,,2461200.5,.05950803591495463,5.262638916944567,21.64695274830223,4.082580401727524,9.08781636541503,168.7395912920047,TJN,2026-06-06,0
135594,135594,16.899,12.66,,2461200.5,.05364569062030867,5.277486552509472,9.669807293454424,146.9735632789466,259.2887426666246,147.23439333049,TJN,2026-06-06,0
136204,136204,118.000,8.73,,2461200.5,.2591828017976348,20.22339620998733,11.15962405161537,4.677434533597063,71.3482400830619,59.51503351323513,CEN,2026-06-06,1
137879,137879,22.644,12.13,,2461200.5,.07084088028495787,5.278521522250678,12.35931637272396,268.3724421517891,200.897095332826,75.05250725895627,TJN,2026-06-06,0
145486,145486,20.800,10.87,,2461200.5,.5324780951067484,17.60021641746872,3.797016577500316,262.8916254083824,208.0680699552158,77.63679210700329,CEN,2021-04-13,0
148975,148975,37.700,10.88,,2461200.5,.6748387222153406,28.61489080015266,12.65176794258817,105.9736477911796,90.03986405450947,37.62362402096579,CEN,2021-04-13,2
152519,152519,16.182,12.61,,2461200.5,.0576403113581922,5.152767364866146,21.15618364769965,352.5735361525922,220.0652282235967,204.8947296137024,TJN,2026-06-06,0
153083,153083,20.484,12.23,,2461200.5,.08511979362183107,5.279613621311443,19.88997155223835,199.5641186110281,168.0056911721129,48.25535594072788,TJN,2026-06-06,0
153122,153122,15.074,12.34,,2461200.5,.06510346531378855,5.206012999827062,14.69708024832759,229.4556120422572,24.19560794570216,167.7025489934972,TJN,2026-06-06,0
153141,153141,16.554,12.71,,2461200.5,.07003234109782887,5.274934540696743,17.22261964221297,5.200133893803525,309.0377262535312,89.37018880051289,TJN,2026-06-06,0
153708,153708,15.057,12.64,,2461200.5,.1121154141511019,5.169789941007641,9.19100194190667,65.37851765004719,230.855067929969,123.5300499028641,TJN,2026-06-06,0
153758,153758,15.306,13.00,,2461200.5,.03194939664704527,5.255529072176215,4.10811327573312,156.919597467238,120.4330855049597,130.2393114266576,TJN,2026-06-06,0
154992,154992,17.878,12.62,,2461200.5,.07877108559682611,5.284542271582835,9.561857394067143,143.3585959789931,163.8626599751661,111.8855476251207,TJN,2026-06-06,0
155337,155337,17.237,12.62,,2461200.5,.09001571740761743,5.231866072846879,17.01577767749438,353.8272583014864,306.725411423892,116.4017062280032,TJN,2026-06-06,0
155786,155786,16.012,12.11,,2461200.5,.107653570954539,5.273314049273465,23.50879955956185,98.97576828560648,230.5112082681293,82.29723378831147,TJN,2026-06-06,0
156125,156125,17.971,13.02,,2461200.5,.04198772175172168,5.224369327960172,18.01154341888885,354.4345899929241,13.60869753061968,26.3793433787236,TJN,2026-03-13,0
156185,156185,19.043,12.75,,2461200.5,.05236403237926925,5.140150158685096,35.27949345795837,10.72994336273758,249.2925314338673,162.8248294752891,TJN,2026-06-06,0
156188,156188,15.216,12.96,,2461200.5,.09199274648463746,5.230407113324793,4.610809458113685,19.11684297902652,288.2003796550753,105.577749778982,TJN,2026-06-06,0
156210,156210,17.931,13.07,,2461200.5,.07723186483312638,5.170119821267926,16.10596224447579,19.33348680997254,323.6449569758449,66.56853168501722,TJN,2026-06-06,0
157469,157469,18.026,12.59,,2461200.5,.08304782280682413,5.166929020536325,24.59046366278378,107.451487019775,148.0813742698749,158.2462447904612,TJN,2026-06-06,0
158601,158601,15.593,12.79,,2461200.5,.06868730622260967,5.212313509535173,11.0878715041127,265.8273412143747,287.5156666984767,231.4045942213665,TJN,2026-06-06,0
159342,159342,27.048,11.62,,2461200.5,.08603108287593568,5.25589881627759,29.17874799542613,264.4775173687964,15.16849033383224,139.7484674169042,TJN,2026-06-06,0
160140,160140,19.285,12.19,,2461200.5,.05667669110523135,5.223698095505891,24.50819382144085,339.3063504413561,30.348672415699,178.172591290816,TJN,2026-06-06,0
160534,160534,17.407,12.60,,2461200.5,.1127529796600231,5.209383539269559,10.63394406700634,327.0219971385462,11.78161309715951,189.421911807032,TJN,2026-06-06,0
160679,160679,20.132,12.34,,2461200.5,.07552411747701503,5.233275114976263,12.92582933560332,.4249940997580834,36.21386504280422,155.1520652476605,TJN,2026-06-06,0
160856,160856,16.216,12.69,,2461200.5,.09024520132154551,5.24761281211558,7.624523320284569,28.4158492887522,3.870737687191783,161.8338480248765,TJN,2026-06-06,0
161003,161003,20.297,12.35,,2461200.5,.03374097316030402,5.23143350065204,32.21834259589259,109.5161624876873,8.357614823092971,50.75743733123964,TJN,2026-06-06,0
161018,161018,19.219,12.53,,2461200.5,.05484363424128236,5.128842450444411,12.01323705455418,121.3636682471758,305.3148155603113,133.3915241384336,TJN,2026-06-06,0
161701,161701,15.187,12.84,,2461200.5,.05614152821127218,5.279964282464817,14.89758113187717,179.728612718386,197.9106159790971,175.2491512923951,TJN,2026-06-06,0
161717,161717,19.053,12.44,,2461200.5,.03445231926270403,5.288749135412082,16.84747650824009,318.1053157761269,157.0544842214401,73.86269498018292,TJN,2026-06-06,0
162822,162822,17.845,12.60,,2461200.5,.07076520735170332,5.200778564977793,24.377988505396,161.3065176097425,286.0051164827739,99.02241380645557,TJN,2026-06-06,0
162861,162861,23.056,12.08,,2461200.5,.1510948314944204,5.209250330156966,28.64270264089791,136.2078549374217,240.3209639605605,158.08129844648,TJN,2026-06-06,0
163135,163135,16.661,12.74,,2461200.5,.03616029125446044,5.136033489319872,6.703828117474958,337.8742580061175,149.6270049103925,58.09106009093865,TJN,2026-06-06,0
163189,163189,16.230,13.03,,2461200.5,.09510598584731893,5.19942725847168,7.058395415833069,2.858581488025499,51.93180463968351,145.1940548748651,TJN,2026-06-06,0
163238,163238,17.051,12.42,,2461200.5,.0651147713749847,5.329839128530348,9.084454718781528,183.3188375089958,236.294667077798,125.0311670412579,TJN,2026-06-06,0
163240,163240,15.316,12.51,,2461200.5,.1324832974900996,5.322243098615524,8.803908971653117,320.4543396463439,337.3884042748554,234.4321161933253,TJN,2026-06-06,0
163256,163256,17.152,12.49,,2461200.5,.04853248445500988,5.236322619253611,11.51619365896762,4.683860913492257,4.345749675201921,191.7528348865399,TJN,2026-06-06,0
163263,163263,19.204,12.32,,2461200.5,.05590087712810565,5.209686324408279,25.98100069249257,118.1572962050679,256.4984710947045,182.7578816363655,TJN,2026-06-06,0
163731,163731,17.186,12.78,,2461200.5,.02202846211329156,5.209668454285392,13.66493534827166,158.5444721763531,92.7623684023589,315.6509902607725,TJN,2026-06-06,0
164208,164208,15.807,12.63,,2461200.5,.06432048633059195,5.163084207979741,7.275219994201518,105.2985541201119,240.1320818088482,199.164994272893,TJN,2026-06-06,0
166148,166148,16.919,12.99,,2461200.5,.08109953131074366,5.213803319902291,26.3908133182493,157.3245481420172,41.23711861599542,336.2644760275566,TJN,2026-06-07,0
166230,166230,15.767,13.09,,2461200.5,.09447323753462776,5.259605138274792,3.774468822077196,359.2052639834772,.3867625699927018,196.6025643456086,TJN,2026-06-07,0
167686,167686,17.679,12.18,,2461200.5,.03242363050060868,5.163282553791306,28.0750932410515,237.7018055777382,286.0217974802583,36.13849022842344,TJN,2026-06-07,0
172819,172819,18.805,12.28,,2461200.5,.07250211650335013,5.280819310377034,15.19112956591071,212.2083612353196,134.129887777923,188.6348650572529,TJN,2026-06-07,0
173086,Nireus,15.513,12.69,,2461200.5,.09694573796638052,5.154267355580714,17.48623161078043,237.4101245228618,186.0259490040384,133.1173693244482,TJN,2026-06-07,0
175129,175129,17.434,12.53,,2461200.5,.02262891524325124,5.184848928061955,20.59410232905093,112.2672724067997,40.4353947793357,266.1008519766772,TJN,2026-06-07,0
177655,177655,18.738,12.33,,2461200.5,.1390314439174253,5.223464806768724,20.89582746417783,128.4719358620489,149.9485152971162,147.2257776196633,TJN,2026-06-07,0
178268,178268,16.247,12.99,,2461200.5,.01754895304892293,5.252329124248431,11.97970710023422,140.2852774366273,309.3562291495558,308.8775046810363,TJN,2026-03-13,0
178291,178291,15.302,12.55,,2461200.5,.1266198132486202,5.165918344956995,18.50505727948437,96.14344001315277,197.9999777007651,112.5472144143267,TJN,2026-06-07,0
179190,179190,15.726,12.67,,2461200.5,.07160144476740481,5.136613746509409,11.35957260854689,86.85897990777092,194.7585166599651,125.156503259092,TJN,2026-06-07,0
181665,181665,15.113,12.69,,2461200.5,.08343389695267671,5.160606518918624,19.77718478657414,102.0101357677352,176.1072629911026,153.4627542794489,TJN,2026-06-07,0
181751,Phaenops,15.046,13.03,,2461200.5,.09270635219357219,5.207779381769518,15.98394047011836,45.65383129196989,157.0734067451408,201.8470997773268,TJN,2026-06-07,0
182163,182163,17.215,12.95,,2461200.5,.1031271933631136,5.206480844940108,9.153015226997111,342.206862342036,346.6588641990519,73.87279693600551,TJN,2026-06-07,0
182176,182176,17.687,12.44,,2461200.5,.1238570277488708,5.225794681655175,18.07210742285571,163.0985986632657,103.6680298643014,143.470172311558,TJN,2026-03-13,0
182178,182178,15.139,12.61,,2461200.5,.1151453617582537,5.212430310324107,25.53023962418318,215.4405174596468,129.1533685211258,79.13927334402325,TJN,2026-06-07,0
182506,182506,17.826,12.63,,2461200.5,.1144948165089255,5.179476112495292,9.027011224176956,36.01371684515299,273.8774383371731,98.37028789735896,TJN,2026-06-07,0
182625,182625,15.920,12.65,,2461200.5,.08950709336334464,5.22344162651145,25.69963416533088,218.1426066424297,56.90069232636542,143.1275517817301,TJN,2026-06-07,0
182627,182627,15.773,12.87,,2461200.5,.05005186035223155,5.206691815377689,22.86313484423424,71.05050770563679,300.1827133505529,35.25633232296622,TJN,2026-06-07,0
182647,182647,18.111,12.74,,2461200.5,.09829520764957074,5.214528820967087,12.15500412790955,24.25161258193846,283.3542634448094,100.6656458903549,TJN,2026-06-07,0
182746,182746,20.982,12.22,,2461200.5,.09399916435569622,5.195810099565421,28.08566120938742,37.39994962778113,268.9340691579929,122.6854313012902,TJN,2026-06-07,0
184980,184980,15.696,12.36,,2461200.5,.09745523296891732,5.214925161565263,29.91763867599278,108.485883870507,180.0357763073801,100.6827179670221,TJN,2026-03-13,0
184988,184988,15.646,12.77,,2461200.5,.06816142023284642,5.299984686439253,13.85982282964686,172.9881987493198,94.55774045131481,146.0801669102871,TJN,2026-06-07,0
185490,185490,16.187,13.12,,2461200.5,.01564890281546711,5.104465908549747,30.2646548226878,26.00890153461257,282.530584950058,105.5519546553597,TJN,2026-06-07,0
185906,185906,16.323,12.76,,2461200.5,.07722132490002022,5.192106458987325,8.556907061598157,235.3632366970765,51.83658219927852,121.8379994225691,TJN,2026-06-07,0
187436,187436,16.923,12.67,,2461200.5,.1124895451591742,5.308991099501334,20.43862438167677,155.956101338804,153.9512539610435,104.8361879215383,TJN,2026-06-07,0
187475,187475,17.885,12.67,,2461200.5,.09931750631798247,5.246606429387112,11.21145792854119,162.83818678578,101.5376998704458,150.0109723800135,TJN,2026-06-07,0
187607,187607,18.761,12.71,,2461200.5,.0516523377307132,5.260346603002772,17.84821466990023,170.1180035998673,115.1536696922402,119.4240414905995,TJN,2026-03-14,0
188966,188966,16.875,12.79,,2461200.5,.06810778399197762,5.206960183006794,12.89896720654629,95.13111779908272,194.8742401908469,128.7366363760863,TJN,2026-06-07,0
188976,188976,18.009,12.42,,2461200.5,.07690145190742527,5.253607106090663,30.52967988369579,128.3941536300617,195.2184141969868,113.493515338893,TJN,2026-06-07,0
189859,189859,15.784,12.88,,2461200.5,.04648591736014032,5.250675077264304,7.901152324984679,226.2794686557763,275.3688558047901,41.65624629223313,TJN,2026-06-07,0
190229,190229,18.095,12.50,,2461200.5,.01201797895461516,5.222830820515636,12.23576125411,282.0248006699726,255.827245720476,6.099018181783232,TJN,2026-06-07,0
190268,190268,18.473,12.58,,2461200.5,.07530007943596378,5.21898669249935,18.5430717559029,195.0361320460925,163.9349129893519,190.8443883120376,TJN,2026-06-07,0
191114,191114,17.638,12.39,,2461200.5,.0312432480971809,5.250270713514563,9.469375859966521,319.3857947446496,97.27799448071779,103.3579213028371,TJN,2026-06-07,0
191115,191115,20.428,12.32,,2461200.5,.1226609915681053,5.26105183276198,23.6093146070265,166.7466846179297,228.4766887126047,136.3958910338914,TJN,2026-06-07,0
191915,191915,18.783,12.37,,2461200.5,.07221492622542124,5.122237360898916,20.39418240561539,106.408641369137,278.1530419984997,158.4906697332373,TJN,2026-06-07,0
192221,192221,21.404,12.36,,2461200.5,.04545247070095527,5.199206453478739,27.33348712239729,106.8579601526447,225.5072321953493,209.0063097413671,TJN,2026-06-07,0
192222,192222,19.361,12.00,,2461200.5,.06412631534015779,5.297414588904429,18.62196307620221,83.89024134109302,276.6228736129387,194.3892651653125,TJN,2026-06-07,0
192389,192389,16.068,12.50,,2461200.5,.0128977134491673,5.260782451399089,22.78379984190082,21.17559103620225,143.4189083958848,11.04778460523385,TJN,2026-06-07,0
192442,192442,15.127,12.72,,2461200.5,.07824804760065493,5.186726575766278,21.98012730953068,223.6980354669407,120.6610279328701,186.0330310117719,TJN,2026-06-07,0
192938,192938,15.232,12.95,,2461200.5,.105643284878529,5.271910264102028,15.89854737696784,154.4949650931526,302.4423859782505,97.60192084323641,TJN,2026-06-07,0
195309,195309,15.178,12.67,,2461200.5,.008224427147553639,5.248846750032805,13.02040765387226,112.2402136648702,297.0159876743488,135.9840049842462,TJN,2026-06-07,0
195412,195412,19.051,12.58,,2461200.5,.08715866817639457,5.138643841310821,6.087126566166448,278.348873641427,153.0916017311038,126.3889750397472,TJN,2026-06-07,0
195415,195415,16.546,12.64,,2461200.5,.0498713962349732,5.339721278406604,8.637817191900455,225.608261408456,205.188236625073,99.38332477278762,TJN,2026-06-07,0
195467,195467,15.327,12.34,,2461200.5,.04341574324376437,5.378207394660107,10.46499033821091,49.43102514563055,357.2899931521173,127.6675989352679,TJN,2026-06-07,0
196408,196408,15.010,12.55,,2461200.5,.02616572922886957,5.234840922510716,11.16125849808912,58.83951422863003,270.4977903429282,209.1491401330621,TJN,2026-06-07,0
197586,197586,15.607,12.74,,2461200.5,.02026453152449006,5.150932384266186,11.72098943804214,201.7870471566522,164.4904809508112,171.5738520752989,TJN,2026-06-07,0
197593,197593,18.252,12.34,,2461200.5,.02158562096916749,5.249815041809875,22.86805982717852,232.2763206488239,221.8405383146801,69.7566154237107,TJN,2026-06-07,0
197619,197619,19.358,12.41,,2461200.5,.06780189009190628,5.181983304106343,23.32620159135644,245.4622458050233,334.0847777823232,324.6702007451818,TJN,2026-06-07,0
197620,197620,18.341,12.59,,2461200.5,.07331575198736499,5.222110545976814,18.0751914746807,88.74439832135801,197.5463142750795,259.8707737375744,TJN,2026-06-07,0
199792,199792,15.709,12.90,,2461200.5,.03907071407497961,5.193279954544729,21.39730932003902,307.0652207844403,331.4463876659432,273.7751729097618,TJN,2026-06-07,0
200022,200022,17.014,12.71,,2461200.5,.1092664006483442,5.289098142879427,7.872015022002949,49.3032510384154,3.319110649151153,130.1668220921966,TJN,2026-06-07,0
200023,200023,16.474,12.45,,2461200.5,.08179655205495069,5.272359998650532,16.00845228094669,172.9559744514963,198.9962224770555,183.7734897061704,TJN,2026-06-07,0
200028,200028,17.308,12.64,,2461200.5,.09075982117937299,5.22011408469518,9.782713888393712,232.8008175018535,110.7779179715474,194.0831063422455,TJN,2026-06-07,0
200029,200029,20.820,11.99,,2461200.5,.07409384675512384,5.243662837376669,19.97887422102211,317.3203611212896,96.71118083645757,133.0757457194182,TJN,2026-06-07,0
200032,200032,17.945,12.97,,2461200.5,.06730908636095936,5.290410331948275,6.080479554244139,280.852387114038,111.7963961873655,155.3264657521055,TJN,2026-06-07,0
200046,200046,17.317,12.82,,2461200.5,.02238724406186797,5.294264479994375,4.855894304866776,49.70201738248517,40.28896206526433,105.0541241380164,TJN,2026-06-07,0
201040,201040,16.884,12.79,,2461200.5,.06557403506426565,5.242887156532793,7.916241649701917,337.4428921914357,54.36320266116918,144.7580345040516,TJN,2026-06-07,0
202752,202752,21.469,11.91,,2461200.5,.1440750480241018,5.230312293614999,18.70994859432414,285.4924849231646,83.45681773765293,152.8804535603208,TJN,2026-06-07,0
202783,202783,21.531,12.20,,2461200.5,.03215923976502132,5.235890931036521,21.13627655599176,282.8282573103653,60.74004369647969,215.1859087512616,TJN,2026-06-07,0
202855,202855,19.197,12.66,,2461200.5,.04370322393187324,5.329767535794975,8.452364911587933,123.0192915123173,322.6546321427601,102.3632052846553,TJN,2026-06-07,0
207749,207749,20.892,12.25,,2461200.5,.06244772694364944,5.281782617116976,24.72287943289624,229.0287415816106,259.8858764638324,62.92838787669275,TJN,2026-06-07,0
210237,210237,16.698,12.86,,2461200.5,.0545892220566646,5.307775435758271,6.885872039356092,210.6107084921946,163.5685814634804,171.7814789655845,TJN,2026-06-07,0
213180,213180,17.277,12.52,,2461200.5,.1545899423484216,5.163642442481672,25.57668242744792,238.399410812848,50.36632784774871,113.9450716716913,TJN,2026-06-07,0
214508,214508,17.174,12.77,,2461200.5,.0617468289295415,5.106118327465792,16.09904709683632,40.72984378305091,241.0007220230353,107.6172073073231,TJN,2026-06-07,0
215110,215110,15.723,12.79,,2461200.5,.1048921992692033,5.180626644372396,25.20802198750315,71.36417854400337,272.7534854110341,67.43465112761224,TJN,2026-06-07,0
215243,215243,15.378,12.91,,2461200.5,.1328729800032056,5.244811718195826,9.983747498382398,145.4613064637585,325.5599396815971,78.87136892199916,TJN,2026-06-07,0
215530,215530,19.177,12.58,,2461200.5,.09431410679193826,5.187308044629817,19.10168169555185,237.8789154005378,148.9961766869258,11.24887637852738,TJN,2026-06-07,0
215542,215542,15.883,13.24,,2461200.5,.07155289682933115,5.1435446789362,31.67701504767335,70.52937502144353,264.0342068219394,81.23439338507124,TJN,2026-06-07,0
217548,217548,17.308,12.64,,2461200.5,.1576576966228477,5.238099102075619,23.66060745125833,102.8190570585531,178.085664274483,128.7793734882807,TJN,2026-06-07,0
217612,217612,18.628,12.69,,2461200.5,.02394236028160162,5.291405886870555,14.16682943927262,219.2722881359194,255.5311337387615,73.71726434274409,TJN,2026-06-07,0
219057,219057,16.968,12.64,,2461200.5,.07715377337721355,5.196998597198164,12.32808138031747,12.52630600437532,8.115990225118781,147.3659890488536,TJN,2026-06-07,0
219141,219141,16.429,12.84,,2461200.5,.03089098642591843,5.188385260031358,8.839525705521298,71.20560067781619,12.38507561317991,96.59945047714234,TJN,2026-06-07,0
219958,219958,16.555,12.97,,2461200.5,.05279167478585454,5.095677544475089,16.32164756941697,38.3722898669658,181.9928378398478,324.3396784715858,TJN,2026-06-07,0
220351,220351,15.756,12.91,,2461200.5,.02036063337924052,5.244798309249973,11.81382803252538,208.2237020479891,316.7369389076305,7.942387246497166,TJN,2026-06-07,0
220356,220356,15.125,13.16,,2461200.5,.0386688378059443,5.245157422298283,11.43924187777375,203.5786289013957,335.4843337136384,353.1460819757978,TJN,2026-06-07,0
221542,221542,18.347,12.50,,2461200.5,.06875693913285925,5.196059057737965,26.23302189268253,140.8668806908041,303.7605938451921,117.6038092112967,TJN,2026-06-07,0
222859,222859,17.603,12.61,,2461200.5,.08045177889379486,5.227354118706169,13.76286539339488,345.7158668563971,50.37436229264422,138.3578750903254,TJN,2026-06-07,0
223251,223251,17.702,12.73,,2461200.5,.07296606389102504,5.14287946327299,8.724979223933619,91.90534469707582,296.0893306707051,157.5503012890906,TJN,2026-06-07,0
225210,225210,16.778,12.46,,2461200.5,.03684985485897196,5.217991862173286,7.917426466916328,275.5891215801291,140.2595912803496,120.3274829236132,TJN,2026-06-07,0
225213,225213,15.508,12.86,,2461200.5,.01264502407127436,5.176006210342499,7.423074648280738,289.726801074219,303.213474741229,312.2838639754756,TJN,2026-06-07,0
225228,225228,15.850,12.96,,2461200.5,.07174545401641601,5.335507639184883,5.49496034270136,192.7677530119772,230.3973453358025,114.0404916085776,TJN,2026-06-07,0
225623,225623,18.481,12.44,,2461200.5,.08348405436782436,5.185823676097475,22.26371122352332,104.9443214577755,346.0595391974676,96.08831335257658,TJN,2026-06-07,0
225632,225632,15.067,12.67,,2461200.5,.09674190424421558,5.255615904472115,9.554091714335261,350.4794323735166,94.46140224269853,106.8770399509689,TJN,2026-06-07,0
225984,225984,17.743,12.69,,2461200.5,.005796272892353359,5.155154843775388,9.090179994002595,277.8430509282416,19.23251285459618,244.0157742954148,TJN,2026-06-07,0
228114,228114,16.968,12.76,,2461200.5,.01815992545246019,5.159394358632793,14.01791980937569,91.30550588567162,298.0953603644537,165.5232265958817,TJN,2026-06-07,0
228125,228125,16.760,12.77,,2461200.5,.04286284483602341,5.168819929850806,10.76639875726612,86.23627437351833,341.4896895891492,129.4399076704098,TJN,2026-06-07,0
228155,228155,16.213,12.67,,2461200.5,.1711426516239579,5.192955429529354,20.55703543984428,9.488148118172161,358.6325438937749,157.8801862195847,TJN,2026-06-07,0
229851,229851,16.504,12.68,,2461200.5,.04704447477528453,5.297585856816537,23.29677386504115,222.1516680890483,205.8995617753945,105.5392925649582,TJN,2026-06-07,0
233578,233578,16.922,12.66,,2461200.5,.07300208759763833,5.242246693387377,19.88020307690623,352.5740511617348,19.28856411697256,183.5414075461419,TJN,2026-06-07,0
233925,233925,16.303,12.59,,2461200.5,.1486823015530573,5.261713467138716,13.48976618678298,268.7929182106965,149.1576554299612,125.7789287970029,TJN,2026-06-07,0
239521,239521,15.161,12.92,,2461200.5,.03353574512234136,5.241304273218638,18.22606110623316,126.8837219244442,128.18682103,149.1415122989016,TJN,2026-06-07,0
241643,241643,16.025,12.86,,2461200.5,.05852023156819765,5.2509771256097,23.33893494073659,105.2335620560127,318.1580882079102,110.1357656902039,TJN,2026-06-07,0
241944,241944,16.893,12.71,,2461200.5,.3149885107270495,5.192630260116379,32.83904108769351,314.1980090207559,56.54792417759787,106.8246956508925,AST,2026-06-07,0
242843,242843,16.788,12.94,,2461200.5,.1163376823380258,5.220097885456509,13.32999789937336,341.8131509817014,329.2203787160782,107.5745445364183,TJN,2026-06-07,0
243084,243084,18.099,12.41,,2461200.5,.04769692553389572,5.221364158005475,17.21721443784078,57.08937820865614,339.4693015094218,128.7084567326573,TJN,2026-06-07,0
243088,243088,16.898,12.56,,2461200.5,.07166959986236911,5.263913795674899,17.82967754229419,69.73643520508627,270.1626852116095,183.0404891588087,TJN,2026-06-07,0
243159,243159,18.125,12.68,,2461200.5,.103950390758635,5.234625897391982,35.8725755846983,139.5142563084273,246.4679342306549,147.6448300203257,TJN,2026-06-07,0
243453,243453,15.137,13.28,,2461200.5,.115986417409084,5.122371375348454,18.51060451058717,193.7762487629763,94.02211158978461,105.9430542298949,TJN,2026-06-07,0
243490,243490,18.857,12.57,,2461200.5,.04293721384236949,5.173372678457231,13.86485219045921,65.2024712860792,277.9500248860388,198.1851476736654,TJN,2026-06-07,0
246550,246550,15.152,12.96,,2461200.5,.2245647104258489,5.132468544756084,6.674276629054945,203.4472333165498,155.2762710004168,182.430393507477,TJN,2026-06-07,0
247297,247297,17.888,12.88,,2461200.5,.05171768884106403,5.15287788295556,21.96984625667293,31.35060909717689,88.73258529443638,299.5833337153064,TJN,2026-06-07,0
247315,247315,16.342,12.95,,2461200.5,.03633349234503769,5.225529625706607,19.12521093489854,29.48377930597341,293.3368927309899,83.32114935200391,TJN,2026-06-07,0
247341,Shaulladany,16.253,12.57,,2461200.5,.06667356103367636,5.210955162627911,25.78988709648356,85.33902530131729,272.3639136227432,58.3038459891838,TJN,2026-06-07,0
247351,247351,16.015,12.64,,2461200.5,.09648861640018722,5.17708316681183,21.15056439061991,237.8565240120068,96.67526798302944,88.9227428444933,TJN,2026-06-07,0
247967,247967,20.717,12.66,,2461200.5,.01744385229085245,5.225775796083734,26.95656821900559,327.4518224663863,17.16668414470348,88.42164836214589,TJN,2026-03-14,0
248186,248186,21.267,12.81,,2461200.5,.05472386816643094,5.170307288123078,18.98619152718905,327.5965431736275,32.84515685216509,51.91527895178029,TJN,2026-06-07,0
248189,248189,15.547,13.16,,2461200.5,.02655442291965365,5.19873441516171,5.777696796077124,130.9350932831871,102.2534799455639,186.0904513096669,TJN,2026-06-07,0
248238,248238,17.992,12.90,,2461200.5,.04583637369040013,5.210371850235605,27.98032094217294,145.1953089351988,118.1504633080949,175.9352091211722,TJN,2026-06-07,0
248835,248835,78.440,9.42,,2461200.5,.4583715953468366,22.19296889932368,36.22572814044896,280.0209655397088,71.20456193202915,55.1990273246146,CEN,2026-03-14,2
248986,248986,17.301,12.78,,2461200.5,.08672370722570805,5.261440970144347,29.06902339422558,170.1219089453109,144.9934322524603,82.15912087656187,TJN,2026-06-07,0
248990,248990,15.959,13.00,,2461200.5,.05876664356426642,5.145482288778571,20.82833333911718,27.44543057592505,211.367735301101,172.2522442282442,TJN,2026-06-07,0
248996,248996,16.039,12.95,,2461200.5,.08197648374636381,5.287398120529417,16.40280855852001,34.40441966738187,308.4358863098498,76.07479153805895,TJN,2026-06-07,0
249005,249005,15.871,12.61,,2461200.5,.1071702792969517,5.22375260467907,22.57845167981364,314.060086554384,40.68214073237604,187.9338396365587,TJN,2026-06-07,0
249476,249476,15.471,12.67,,2461200.5,.05240626780047672,5.146426002452325,32.84907142253419,128.8277381787256,223.2310998775275,60.83477141905463,TJN,2026-03-14,0
249995,249995,16.206,13.14,,2461200.5,.08556681392562444,5.32293061210837,25.12417529501609,74.02883583301004,255.0148318625499,96.50759261881659,TJN,2026-06-07,0
250112,250112,38.900,9.74,,2461200.5,.3107646522217767,12.59464954493553,19.46077107020331,245.2644781159399,99.91024199374155,137.711294999396,CEN,2026-06-07,0
252849,252849,17.004,12.69,,2461200.5,.1048571699499077,5.247266853610862,21.96049342600822,59.03724777015644,46.01685752688515,75.90560653895007,TJN,2026-06-07,0
253382,253382,18.598,12.57,,2461200.5,.03626024609456783,5.288503743811456,19.85860732724497,57.05807924651965,95.50144397175646,25.40871778948047,TJN,2026-06-07,0
254669,254669,19.243,12.36,,2461200.5,.07191294440519436,5.162058324549577,18.09097296764484,99.96863868761986,305.8439226931449,137.8667868600251,TJN,2026-06-07,0
257399,257399,16.088,13.03,,2461200.5,.08557600496907404,5.29965680293301,16.83248306615898,44.89878166222686,128.5220352708239,353.9824814590448,TJN,2026-06-07,0
258683,258683,15.576,12.86,,2461200.5,.06511843358120484,5.246392055985928,16.08211359685261,95.26429861187073,93.4323857254021,1.599336795891945,TJN,2026-06-07,0
259361,259361,16.771,12.84,,2461200.5,.0391464670638575,5.315231458224031,11.48982551414043,88.7652545853044,65.37833008251893,22.94614768870355,TJN,2026-06-07,0
263814,263814,15.873,13.12,,2461200.5,.03219417778575316,5.247204658721522,10.74991074728599,159.5706598411416,257.2247886988127,127.7705150466163,TJN,2026-06-07,0
264130,264130,16.755,12.92,,2461200.5,.03650006773949301,5.190256873398968,26.15511899943937,77.98180602881341,38.70370164847248,74.04311147623943,TJN,2026-06-07,0
264153,264153,15.282,13.03,,2461200.5,.1076256509969644,5.258861819883056,22.08122978769296,116.4899107620855,322.4883819142742,107.1700385052843,TJN,2026-06-07,0
264154,264154,17.526,12.60,,2461200.5,.03686561307467041,5.289590618732265,17.82226609974015,237.7215525770246,196.8331444931301,102.5064621449304,TJN,2026-06-07,0
264155,264155,16.948,13.13,,2461200.5,.01966865353175046,5.143242095480959,19.41989517075606,234.0856401001005,4.52954979327687,319.5108895379667,TJN,2026-06-07,0
264166,264166,16.478,13.09,,2461200.5,.08598182166329101,5.278486628156706,6.319862373652111,304.9566932064446,111.9503229912899,112.04618466631,TJN,2026-06-07,0
269621,269621,17.927,12.69,,2461200.5,.06937391211262733,5.268041895672834,15.62650775617515,81.20265070707279,29.32447005920641,67.96990880969193,TJN,2026-06-07,0
275278,275278,16.215,13.10,,2461200.5,.07640005741152427,5.228247885658105,10.4254477371218,99.3848648547885,327.7731795683899,103.9834162613438,TJN,2026-06-07,0
275342,275342,15.070,12.47,,2461200.5,.1050948268776086,5.263045241388347,23.78349669194806,268.9823862464569,182.7484295881649,83.2887305528225,TJN,2026-06-07,0
275681,275681,19.748,12.67,,2461200.5,.1413461794894899,5.18828766758851,25.03187574847601,356.11771164,286.9327398337576,116.0604412636368,TJN,2026-06-07,0
281371,281371,58.000,9.41,,2461200.5,.3076648213139211,14.77227771340042,27.10461271477378,245.5678109922437,142.781893164677,77.29585488828484,CEN,2026-06-07,0
283396,283396,16.954,12.68,,2461200.5,.1376852006034529,5.207543000756361,25.4185459105451,319.1882392060089,28.5629177927781,74.58522353691107,TJN,2026-06-07,0
283401,283401,17.407,12.65,,2461200.5,.109985250951947,5.217174531670258,16.00221842201707,322.6692247168544,336.2926734253322,108.853408737556,TJN,2026-06-07,0
283424,283424,16.449,12.81,,2461200.5,.09887819104584557,5.195044254337383,28.44324877534235,318.8752081367537,19.0853403735471,80.22688182271359,TJN,2026-06-07,0
284046,284046,15.434,13.17,,2461200.5,.08278947967371764,5.177351205617182,19.5793347960708,331.7576061298321,106.6864659079547,346.9280254629746,TJN,2026-06-07,0
284047,284047,15.508,12.61,,2461200.5,.08555703644331526,5.265767600390552,19.82540919130671,330.7869593432691,345.2551482830771,96.24144673333599,TJN,2026-06-07,0
284436,284436,16.532,12.77,,2461200.5,.07033140186478154,5.172751072399062,23.95358870299788,349.6207601062048,314.292212622293,104.2383626587267,TJN,2026-06-07,0
286106,286106,15.748,13.15,,2461200.5,.1142907425745625,5.147763323594144,19.74153376991021,15.49394332582308,336.8036621733775,68.263796678679,TJN,2026-03-14,0
286114,286114,17.056,12.72,,2461200.5,.03759015923976892,5.190008318093612,21.91905230894221,256.2767706813869,140.5566227537924,20.19530459090037,TJN,2026-06-07,0
287454,287454,17.371,12.61,,2461200.5,.07384140235404338,5.320747338378771,28.57907379431848,92.31192025451794,246.3701357303515,74.65191945445765,TJN,2026-06-07,0
288282,288282,15.072,12.74,,2461200.5,.1744525693277617,5.294497520457613,35.24083109050265,300.3832365948097,352.1674054319374,137.8803579823145,TJN,2025-11-04,0
289501,289501,18.272,12.87,,2461200.5,.05280607557695097,5.262320497469549,26.77632233766998,357.3980419113026,2.106826282435168,76.59540025826477,TJN,2026-03-14,0
291807,291807,18.024,12.96,,2461200.5,.09358740577125708,5.208512370596404,23.88886323311044,350.0292398102673,334.3784132955972,90.46943173182139,TJN,2026-03-14,0
293486,293486,16.600,12.88,,2461200.5,.07027454809091983,5.220666017957163,26.60515479873406,348.778404710797,320.4529110318225,84.69538494678206,TJN,2026-03-14,0
295701,295701,15.821,13.36,,2461200.5,.02132679743201401,5.287227779858939,7.607867317536665,41.51043247672813,111.0600506594609,39.92752077752331,TJN,2026-06-07,0
295746,295746,17.413,12.80,,2461200.5,.05978513367251388,5.287804402791034,19.11523552276812,15.41175822999551,24.94614459627311,127.5533248160806,TJN,2026-06-07,0
296763,296763,16.090,12.83,,2461200.5,.1149116824331664,5.262882475486523,13.03308954180411,30.36081207021202,35.39076279160392,119.5775822195595,TJN,2026-06-07,0
296793,296793,18.244,12.83,,2461200.5,.02858435401757549,5.260401821581906,17.26518701634965,242.6721494745497,41.98949248339186,249.2453048656312,TJN,2026-06-07,0
297052,297052,17.119,12.85,,2461200.5,.06386506033900312,5.252361806272439,19.93985580635458,83.9926937413106,233.8886805276729,109.0079604965761,TJN,2026-06-07,0
297057,297057,17.373,12.44,,2461200.5,.1438498064785746,5.194772747892904,26.12638908176062,303.2280190361469,343.0342658018149,129.5704402872565,TJN,2026-06-07,0
297059,297059,16.875,12.77,,2461200.5,.06393066632192747,5.290766679634562,21.60096039171203,308.5586632428267,354.226278753148,115.6833043990417,TJN,2026-06-07,0
299491,299491,15.229,12.97,,2461200.5,.05492896740114466,5.228817988132093,28.98045350375268,344.4859614823084,291.6624989450601,148.4748436165858,TJN,2026-06-07,0
301760,301760,15.780,12.95,,2461200.5,.1214285334779213,5.222857111079617,18.92987149699514,4.688891581239795,286.0493809119691,139.5523428401238,TJN,2026-03-14,0
304770,304770,17.253,12.83,,2461200.5,.05377092831466036,5.143735881684755,29.4450856793805,2.75947791995554,304.0279697495138,111.274175812367,TJN,2026-06-07,0
309139,309139,39.100,9.97,,2461200.5,.3747467037514974,15.88784075741575,31.61381368043381,233.8023803025787,134.9072439917912,133.4670709137315,CEN,2023-04-27,2
309737,309737,17.700,12.3,,2461200.5,.4375160910003814,10.91091676505527,6.059483303603687,234.4535830941724,182.9890419958346,165.3692885214107,CEN,2021-04-14,1
310071,310071,110.060,7.83,,2461200.5,.5664637304456496,29.86807203558114,19.67825959874452,46.8071465132677,108.143558030209,35.8690745613849,CEN,2024-04-16,1
312459,312459,15.662,12.80,,2461200.5,.08756085598274735,5.227471066147134,24.04103838829833,119.9151157161965,233.5381928075898,191.3339945012708,TJN,2026-06-07,0
312626,312626,15.625,12.86,,2461200.5,.1030946278198466,5.290967154590988,9.464945721635598,82.39461230722961,348.1870056600072,101.0425865536278,TJN,2026-06-07,0
312631,312631,16.574,12.88,,2461200.5,.1429696113408734,5.282113314882208,22.53808623943911,106.3974517344369,320.0727430506027,108.06204240888,TJN,2026-06-07,0
312778,312778,16.271,12.80,,2461200.5,.1157129887576423,5.211265017643298,15.28177030009396,106.691355211558,331.086974407527,99.78374197191314,TJN,2026-06-07,0
312802,312802,20.810,12.84,,2461200.5,.04562287724591087,5.194892129342403,22.61095626286146,100.0239886006065,358.2728339864783,86.67725019196742,TJN,2026-06-07,0
312948,312948,15.154,13.12,,2461200.5,.02485622482685083,5.303281106687546,15.40414087752216,348.7722432689663,82.23017409699251,110.5901474675305,TJN,2026-06-07,0
313357,313357,16.116,13.12,,2461200.5,.08276308718667542,5.242005052841059,32.10868737130853,179.9466892870973,293.4067310478067,81.48407899113381,TJN,2026-06-07,0
313896,313896,15.208,13.02,,2461200.5,.09198580460682325,5.332247022172576,15.97212328386555,149.2589592587393,264.8285499138971,117.5967284052435,TJN,2026-06-07,0
315195,315195,16.105,13.11,,2461200.5,.08933661613907277,5.262949720249861,17.88027123646059,324.6431124790429,65.17572346314329,164.8850703618142,TJN,2026-06-07,0
316158,316158,17.355,12.52,,2461200.5,.086418474911567,5.245041193764445,27.66796610604715,230.7972037531998,171.8359041363547,153.0107554159762,TJN,2026-06-07,0
316170,316170,15.280,13.26,,2461200.5,.05609638746488595,5.249878744399742,15.59296768007133,81.40279762032256,316.7848269308631,154.1179626196768,TJN,2026-06-07,0
317142,317142,15.743,12.95,,2461200.5,.06648455333953654,5.25951717924406,30.07893416208226,36.76405424216033,243.4748220210596,119.4894713485961,TJN,2026-06-07,0
321611,321611,16.000,12.88,,2461200.5,.05808872811583257,5.215951966985596,26.89959896923317,57.26716426907651,333.6341353538996,161.9566819556344,TJN,2026-06-07,0
321657,321657,16.438,13.09,,2461200.5,.08629499073546539,5.231850337323772,23.77574356568377,133.5032171068647,312.8838133039001,110.1302728004949,TJN,2026-06-07,0
328883,328883,15.817,13.05,,2461200.5,.1393329661562612,5.242990082357338,10.89095560485564,225.5555320688776,65.76754629839343,118.0970588134874,TJN,2026-06-07,0
328884,328884,44.200,10.17,,2461200.5,.3091553329660986,13.13281123041283,24.78910065524997,41.5485472052297,135.6032208087566,124.2235441237821,CEN,2023-12-06,2
332685,332685,33.000,10.87,,2461200.5,.4428488350282774,12.74689802322118,23.24749599316031,72.16713422888976,240.5233042711448,101.1496154318217,CEN,2024-02-21,1
335567,335567,17.431,13.02,,2461200.5,.07348921151936025,5.239005226768007,27.09459923671076,334.5970159977667,331.8022658350371,93.00884125775153,TJN,2026-06-07,0
336756,336756,44.200,10.55,,2461200.5,.9691458196136232,306.1968842534725,140.8227432851112,136.3364902029794,133.1745458790847,1.040330548855125,TNO,2021-04-14,1
337804,337804,15.056,13.06,,2461200.5,.03058589345827861,5.211967774570718,24.6545785598086,40.73170388497641,224.0211309406103,150.5449384121147,TJN,2026-06-07,0
337860,337860,15.941,12.90,,2461200.5,.07677366388830703,5.152773772876035,26.55825654751537,59.45924948714259,243.6870229619464,126.0018024025531,TJN,2026-06-07,0
341880,341880,15.575,13.28,,2461200.5,.1373552153890127,5.163025487320922,35.81557521762647,23.02304864010858,279.6959829806236,110.4010559436864,TJN,2026-06-07,0
341928,341928,17.571,13.06,,2461200.5,.1152824622259196,5.19216204743339,28.41653878781812,79.72044907231012,327.0329418449953,19.88829796383348,TJN,2026-06-07,0
342842,342842,67.100,9.46,,2461200.5,.439749352127594,11.59075081631832,105.1641174666258,112.4463369395106,330.4265400502087,139.5500395807488,CEN,2024-02-21,1
343174,343174,17.108,12.55,,2461200.5,.01505997060684938,5.246922990021432,25.00408917142091,240.5346005356594,146.9518002373318,138.2120076554226,TJN,2026-06-07,0
343634,343634,15.514,13.09,,2461200.5,.1026357244893065,5.155476876363174,19.3530248042266,51.76474564793302,251.4142157382446,128.6134159128552,TJN,2026-06-07,0
344435,344435,15.548,13.00,,2461200.5,.02599801775974425,5.29694627016656,18.58910474989341,11.5718249334341,255.6203432937072,260.4096319330991,TJN,2026-06-07,0
346889,Rhiphonos,23.200,12.00,,2461200.5,.4426678816302443,10.78229250467983,19.90028885025105,11.43346701912629,13.39993436487179,165.3983470673614,CEN,2021-04-14,2
348312,348312,15.342,13.27,,2461200.5,.01746926390025192,5.283761295135617,25.60478097213663,314.6044058351036,7.027817654576746,80.64559843456233,TJN,2026-03-14,0
353218,353218,15.558,13.35,,2461200.5,.03253448919672503,5.261963512079499,13.52264293852807,57.33871821839384,52.46943868910923,58.20614555625409,TJN,2026-06-07,0
353971,353971,15.344,12.73,,2461200.5,.01327436289074715,5.172078767754163,26.8087745338778,266.6047101566074,18.31107922598645,253.6106274968062,TJN,2026-06-07,0
356261,356261,17.770,12.55,,2461200.5,.05425173192070783,5.324843165028558,22.68594433052323,17.4738690245428,40.94469946762906,104.9869246815714,TJN,2026-06-07,0
356279,356279,15.949,12.91,,2461200.5,.02632854306801065,5.290555090361213,17.38010071240925,156.7005523346039,244.2634054448548,130.9194349972881,TJN,2026-06-07,0
356897,356897,15.365,12.86,,2461200.5,.05533202460371509,5.385172390765653,28.49020428595427,116.3963373146116,305.8179928545533,111.7985056950618,TJN,2026-06-07,0
363135,363135,16.4,12.72,,2461200.5,.428599217791781,5.309446765517847,42.59374437745562,213.0038807710777,193.72324069869,354.8228761707538,AST,2026-06-07,0
370105,370105,15.381,13.15,,2461200.5,.03166182796632442,5.153522436683347,20.00715425450142,12.8576180144347,5.786312664729261,30.29276473294394,TJN,2026-06-07,0
375259,375259,15.658,13.56,,2461200.5,.07980817294098856,5.176098470646068,30.84710693767145,47.78418052786503,285.6673546532071,79.97026024123322,TJN,2026-06-07,0
375265,375265,15.873,13.40,,2461200.5,.04281888688215872,5.231025106280178,25.88049604404836,57.37707127900631,207.2587894386235,161.9045395735533,TJN,2026-06-07,0
382004,382004,21.000,11.24,,2461200.5,.6891101690841692,19.86619850821829,26.97816643729614,113.718386313573,291.8965017881399,55.39227880638651,CEN,2022-06-09,2
387608,387608,16.355,13.18,,2461200.5,.01302056268113346,5.278570374172592,26.56030929345651,152.8437651932125,94.91295270951099,281.004895078816,TJN,2026-06-07,0
413666,413666,28.500,10.57,,2461200.5,.6784831320071862,34.93597583584748,6.9802161612101,301.4468424256568,245.6075341718891,30.43296919984066,TNO,2021-04-14,2
612093,612093,16.8,12.71,,2461200.5,.4670643147688471,8.151573009931763,151.5099005432744,292.3457298446469,31.87761453787605,67.35139055189873,CEN,2026-06-07,0
726614,726614,16.999,12.72,,2461200.5,.03788972640255658,5.186850862430154,32.26399450157756,264.2464630898589,47.0753278555613,222.5577949839446,TJN,2026-03-14,0
728840,728840,69.900,9.40,,2461200.5,.3207837932941733,18.62734846453382,26.65250112400308,123.6996031427609,210.8779953045471,99.23817755891513,CEN,2026-06-07,1
728914,728914,17.103,13.41,,2461200.5,.01742080995201171,5.24348837921399,10.4387398804788,280.6724780324644,246.0878773221915,4.670258113645367,TJN,2026-06-07,0
729012,729012,15.977,13.36,,2461200.5,.03516657731630805,5.213696037469659,26.87128517646848,89.35685277982238,46.96454460708131,62.8476006231597,TJN,2026-06-07,0
762135,762135,112.700,8.28,,2461200.5,.6482847617724374,53.46068227362971,70.16352211654925,92.03218919379762,293.2412089482999,18.68797058842426,TNO,2025-04-10,2
2000 DG8,2000 DG8,15.6,13.1,,2461200.5,.7924651712291773,10.75974563761223,129.4608921030371,279.3357481248565,222.2958602514225,259.1547031476323,CEN,2021-04-14,4
2007 VH305,2007 VH305,23.800,11.6,,2461200.5,.6621356476641417,24.29279431689547,6.205489594875313,165.8066391951331,248.9665470351534,48.05677409378671,CEN,2021-04-15,2
2008 HY21,2008 HY21,24.000,12.2,,2461200.5,.504728937705151,10.95519349981572,11.98186130233577,53.30839893760047,164.160253344303,184.702689183323,CEN,2021-04-15,3
2010 BK118,2010 BK118,46.400,10.3,,2461200.5,.9863734214013582,449.6473758342683,143.8657299026567,176.0367944433252,179.2455498387533,.532454944572609,TNO,2021-04-15,1
2010 BL4,2010 BL4,15.700,12.0,,2461200.5,.5399331658007852,18.57263955362349,20.83691676384866,227.0856174818665,252.839128597198,75.73220668085291,CEN,2021-04-15,4
2010 ES65,2010 ES65,26.900,11.9,,2461200.5,.5627844118861722,21.56950389549925,10.44832127475551,273.2819166468629,238.3450218478809,62.64273566219868,CEN,2021-04-15,3
2010 FH92,2010 FH92,28.000,11.4,,2461200.5,.762319012683728,24.34470853738007,61.81329935648373,280.3301543708509,313.8399166806367,48.61940259693185,CEN,2021-04-15,4
2010 GW147,2010 GW147,15.900,13.29,,2461200.5,.969176875227777,174.4319790976448,99.48529337688414,313.2701602361112,50.10046596947024,2.688223904187472,TNO,2021-10-22,3
2011 MM4,2011 MM4,63.700,9.51,,2461200.5,.473837931031512,21.19507782403454,100.3365382874556,282.616897000605,7.155489964007879,79.16882109737303,CEN,2024-01-27,2
2013 NS11,2013 NS11,15.239,13.6,,2461200.5,.7844777942524823,12.61199045763209,130.455940998836,250.5590569772349,167.623266424915,94.13965807444231,CEN,2021-04-15,2
